-- phpMyAdmin SQL Dump
-- version 4.8.5
-- https://www.phpmyadmin.net/
--
-- Servidor: 127.0.0.1
-- Tiempo de generación: 29-06-2019 a las 20:43:48
-- Versión del servidor: 10.1.38-MariaDB
-- Versión de PHP: 7.3.3

SET SQL_MODE = "NO_AUTO_VALUE_ON_ZERO";
SET AUTOCOMMIT = 0;
START TRANSACTION;
SET time_zone = "+00:00";


/*!40101 SET @OLD_CHARACTER_SET_CLIENT=@@CHARACTER_SET_CLIENT */;
/*!40101 SET @OLD_CHARACTER_SET_RESULTS=@@CHARACTER_SET_RESULTS */;
/*!40101 SET @OLD_COLLATION_CONNECTION=@@COLLATION_CONNECTION */;
/*!40101 SET NAMES utf8mb4 */;

--
-- Base de datos: `miscelanea`
--

-- --------------------------------------------------------

--
-- Estructura de tabla para la tabla `banco`
--

CREATE TABLE `banco` (
  `IDBANCO` int(11) NOT NULL,
  `DESCRIPCION` varchar(100) COLLATE utf8_spanish2_ci NOT NULL
) ENGINE=InnoDB DEFAULT CHARSET=utf8 COLLATE=utf8_spanish2_ci;

--
-- Volcado de datos para la tabla `banco`
--

INSERT INTO `banco` (`IDBANCO`, `DESCRIPCION`) VALUES
(1, 'Banrural'),
(2, 'G&T');

-- --------------------------------------------------------

--
-- Estructura de tabla para la tabla `bitacora`
--

CREATE TABLE `bitacora` (
  `idBitacora` int(11) NOT NULL,
  `fechaHora` date NOT NULL,
  `idUsuario` int(11) NOT NULL,
  `tabla` varchar(45) NOT NULL,
  `actividad` text NOT NULL
) ENGINE=InnoDB DEFAULT CHARSET=latin1;

-- --------------------------------------------------------

--
-- Estructura de tabla para la tabla `caja`
--

CREATE TABLE `caja` (
  `id` int(11) NOT NULL,
  `fecha` date NOT NULL,
  `ingreso` double NOT NULL,
  `retiro` double NOT NULL,
  `saldo` decimal(8,2) DEFAULT NULL,
  `motivo` text COLLATE ucs2_spanish2_ci NOT NULL
) ENGINE=InnoDB DEFAULT CHARSET=ucs2 COLLATE=ucs2_spanish2_ci;

--
-- Volcado de datos para la tabla `caja`
--

INSERT INTO `caja` (`id`, `fecha`, `ingreso`, `retiro`, `saldo`, `motivo`) VALUES
(96, '2018-12-12', 0, 5000, '-5000.00', ''),
(97, '2018-12-12', 0, 5000, '-10000.00', ''),
(98, '2018-12-12', 0, 500, '-10500.00', ''),
(99, '2018-12-12', 9400, 0, '-1100.00', ''),
(100, '2018-12-12', 15, 0, '-1085.00', ''),
(101, '2019-02-04', 3000, 0, '1915.00', ''),
(102, '2019-02-04', 3000, 0, '4915.00', ''),
(103, '2019-02-13', 100, 0, '5015.00', ''),
(104, '2019-02-13', 3050, 0, '8065.00', ''),
(105, '2019-02-15', 3000, 0, '11065.00', ''),
(106, '2019-02-15', 3000, 0, '14065.00', ''),
(107, '2019-02-15', 3000, 0, '17065.00', ''),
(108, '2019-02-15', 3100, 0, '20165.00', ''),
(109, '2019-02-15', 3100, 0, '23265.00', ''),
(110, '2019-02-15', 3100, 0, '26365.00', ''),
(111, '2019-02-15', 3100, 0, '29465.00', ''),
(112, '2019-02-19', 100, 0, '29565.00', ''),
(113, '2019-02-20', 200, 0, '29765.00', ''),
(114, '2019-03-07', 30, 0, '29795.00', ''),
(115, '2019-03-07', 10, 0, '29805.00', ''),
(116, '2019-03-11', 0, 200, '29605.00', '1rfff'),
(117, '2019-03-11', 180, 0, '29785.00', ''),
(118, '2019-03-11', 180, 0, '29965.00', ''),
(119, '2019-03-11', 180, 0, '30145.00', ''),
(120, '2019-03-11', 180, 0, '30325.00', ''),
(121, '2019-03-11', 180, 0, '30505.00', ''),
(122, '2019-03-11', 0, 50, '30455.00', 'pago de agua potable en la municipalidad'),
(123, '2019-03-11', 0, 15000, '15455.00', 'deposito del dia de hoy'),
(124, '2019-03-14', 0, 1000, '14455.00', 'vossss'),
(125, '2019-03-14', 0, 1000, '13455.00', '11111'),
(126, '2019-03-14', 0, 2000, '11455.00', 'desposito por cierre de cuenta'),
(127, '2019-03-15', 10, 0, '11465.00', ''),
(128, '2019-03-15', 200, 0, '11665.00', ''),
(129, '2019-03-15', 200, 0, '11865.00', ''),
(130, '2019-03-15', 250, 0, '12115.00', ''),
(131, '2019-03-15', 935, 0, '13050.00', ''),
(132, '2019-03-15', 45, 0, '13095.00', ''),
(133, '2019-03-15', 30, 0, '13125.00', ''),
(134, '2019-03-15', 225, 0, '13350.00', 'VENTA'),
(135, '2019-03-15', 225, 0, '13575.00', 'VENTA'),
(136, '2019-03-15', 225, 0, '13800.00', 'VENTA'),
(137, '2019-03-15', 250, 0, '14050.00', ''),
(138, '2019-03-15', 250, 0, '14300.00', 'VENTA'),
(139, '2019-03-15', 225, 0, '14525.00', 'VENTA'),
(140, '2019-03-15', 0, 5000, '9525.00', '44444'),
(141, '2019-03-15', 0, 500, '9025.00', ''),
(142, '2019-03-16', 0, 20, '9005.00', 'COMPRA'),
(143, '2019-03-16', 0, 16, '8989.00', 'COMPRA'),
(144, '2019-03-19', 595, 0, '9584.00', 'COMPRA'),
(145, '2019-03-19', 62, 0, '9646.00', 'COMPRA'),
(146, '2019-03-19', 1152, 0, '10798.00', 'COMPRA'),
(147, '2019-03-19', 0, 160, '10638.00', 'COMPRA'),
(148, '2019-03-19', 0, 48, '10590.00', 'COMPRA'),
(149, '2019-03-19', 0, 75, '10515.00', 'COMPRA'),
(150, '2019-03-19', 1221.84, 0, '11736.84', 'VENTA'),
(151, '2019-03-20', 0, 350, '11386.84', 'COMPRA'),
(152, '2019-04-05', 250, 0, '11636.84', 'VENTA'),
(153, '2019-04-05', 770, 0, '12406.84', 'VENTA'),
(154, '2019-06-22', 0, 0, '12406.84', 'COMPRA'),
(155, '2019-06-22', 0, 0, '12406.84', 'COMPRA'),
(156, '2019-06-22', 0, 0, '12406.84', 'COMPRA'),
(157, '2019-06-22', 0, 0, '12406.84', 'COMPRA'),
(158, '2019-06-22', 0, 0, '12406.84', 'COMPRA'),
(159, '2019-06-22', 0, 0, '12406.84', 'COMPRA'),
(160, '2019-06-22', 0, 0, '12406.84', 'COMPRA'),
(161, '2019-06-22', 0, 0, '12406.84', 'COMPRA'),
(162, '2019-06-22', 0, 0, '12406.84', 'COMPRA'),
(163, '2019-06-22', 0, 0, '12406.84', 'COMPRA'),
(164, '2019-06-22', 0, 0, '12406.84', 'COMPRA'),
(165, '2019-06-22', 0, 0, '12406.84', 'COMPRA'),
(166, '2019-06-22', 0, 0, '12406.84', 'COMPRA'),
(167, '2019-06-22', 0, 0, '12406.84', 'COMPRA'),
(168, '2019-06-22', 0, 0, '12406.84', 'COMPRA'),
(169, '2019-06-24', 3.5, 0, '12410.34', 'VENTA'),
(170, '2019-06-24', 230, 0, '12640.34', 'VENTA'),
(171, '2019-06-24', 14, 0, '12654.34', 'VENTA'),
(172, '2019-06-25', 50.4, 0, '12704.74', 'VENTA'),
(173, '2019-06-25', 3.5, 0, '12708.24', 'VENTA'),
(174, '2019-06-25', 11.75, 0, '12719.99', 'VENTA'),
(175, '2019-06-26', 0, 0, '12719.99', 'APERTURA'),
(176, '2019-06-26', 8, 0, '12727.99', 'VENTA'),
(177, '2019-06-26', 12, 0, '12739.99', 'VENTA'),
(178, '2019-06-26', 2, 0, '12741.99', 'VENTA'),
(179, '2019-06-26', 8, 0, '12749.99', 'VENTA'),
(180, '2019-06-26', 6, 0, '12755.99', 'VENTA'),
(181, '2019-06-26', 0, 0, '12755.99', 'CIERRE'),
(182, '2019-06-26', 0, 0, '12755.99', 'APERTURA'),
(183, '2019-06-26', 0, 0, '12755.99', 'CIERRE'),
(184, '2019-06-26', 0, 0, '12755.99', 'APERTURA'),
(185, '2019-06-26', 0, 0, '12755.99', 'CIERRE'),
(186, '2019-06-26', 0, 0, '12755.99', 'APERTURA'),
(187, '2019-06-26', 0, 0, '12755.99', 'CIERRE'),
(188, '2019-06-26', 0, 0, '12755.99', 'APERTURA'),
(189, '2019-06-26', 0, 0, '12755.99', 'CIERRE'),
(190, '2019-06-26', 0, 0, '12755.99', 'APERTURA'),
(191, '2019-06-26', 0, 0, '12755.99', 'CIERRE'),
(192, '2019-06-26', 0, 0, '12755.99', 'APERTURA'),
(193, '2019-06-26', 0, 0, '12755.99', 'CIERRE'),
(194, '2019-06-26', 0, 0, '12755.99', 'APERTURA'),
(195, '2019-06-26', 0, 0, '12755.99', 'CIERRE'),
(196, '2019-06-26', 0, 0, '12755.99', 'APERTURA'),
(197, '2019-06-26', 0, 0, '12755.99', 'CIERRE'),
(198, '2019-06-26', 0, 0, '12755.99', 'APERTURA'),
(199, '2019-06-26', 0, 0, '12755.99', 'CIERRE'),
(200, '2019-06-26', 0, 0, '12755.99', 'APERTURA'),
(201, '2019-06-26', 0, 0, '12755.99', 'CIERRE'),
(202, '2019-06-26', 0, 0, '12755.99', 'APERTURA'),
(203, '2019-06-26', 14, 0, '12769.99', 'VENTA'),
(204, '2019-06-26', 14, 0, '12783.99', 'VENTA'),
(205, '2019-06-26', 14, 0, '12797.99', 'VENTA'),
(206, '2019-06-26', 14, 0, '12811.99', 'VENTA'),
(207, '2019-06-26', 14, 0, '12825.99', 'VENTA'),
(208, '2019-06-26', 0, 0, '12825.99', 'CIERRE'),
(209, '2019-06-26', 0, 0, '12825.99', 'APERTURA'),
(210, '2019-06-26', 0, 0, '12825.99', 'CIERRE'),
(211, '2019-06-26', 0, 0, '12825.99', 'APERTURA'),
(212, '2019-06-26', 0, 0, '12825.99', 'CIERRE'),
(213, '2019-06-26', 0, 0, '12825.99', 'APERTURA'),
(214, '2019-06-26', 0, 0, '12825.99', 'CIERRE'),
(215, '2019-06-26', 0, 0, '12825.99', 'APERTURA'),
(216, '2019-06-26', 0, 0, '12825.99', 'CIERRE'),
(217, '2019-06-26', 0, 0, '12825.99', 'APERTURA'),
(218, '2019-06-26', 0, 0, '12825.99', 'CIERRE'),
(219, '2019-06-26', 0, 0, '12825.99', 'APERTURA'),
(220, '2019-06-26', 0, 0, '12825.99', 'CIERRE'),
(221, '2019-06-26', 0, 0, '12825.99', 'APERTURA'),
(222, '2019-06-26', 0, 0, '12825.99', 'CIERRE'),
(223, '2019-06-26', 0, 0, '12825.99', 'APERTURA'),
(224, '2019-06-26', 0, 0, '12825.99', 'CIERRE'),
(225, '2019-06-26', 0, 0, '12825.99', 'APERTURA'),
(226, '2019-06-26', 0, 0, '12825.99', 'CIERRE'),
(227, '2019-06-26', 0, 0, '12825.99', 'APERTURA'),
(228, '2019-06-26', 0.75, 0, '12826.74', 'VENTA'),
(229, '2019-06-26', 135, 0, '12961.74', 'VENTA'),
(230, '2019-06-26', 9.5, 0, '12971.24', 'VENTA'),
(231, '2019-06-26', 0, 0, '12971.24', 'CIERRE'),
(232, '2019-06-26', 0, 0, '12971.24', 'APERTURA'),
(233, '2019-06-26', 2, 0, '12973.24', 'VENTA'),
(234, '2019-06-26', 197, 0, '13170.24', 'VENTA'),
(235, '2019-06-26', 4, 0, '13174.24', 'VENTA'),
(236, '2019-06-26', 20, 0, '13194.24', 'VENTA'),
(237, '2019-06-26', 4, 0, '13198.24', 'VENTA'),
(238, '2019-06-26', 0, 0, '13198.24', 'CIERRE'),
(239, '2019-06-26', 0, 0, '13198.24', 'APERTURA'),
(240, '2019-06-26', 1.5, 0, '13199.74', 'VENTA'),
(241, '2019-06-26', 10, 0, '13209.74', 'VENTA'),
(242, '0000-00-00', 2.4, 0, '13212.14', 'VENTA'),
(243, '2019-06-26', 0, 0, '13212.14', 'CIERRE'),
(244, '2019-06-26', 0, 0, '13212.14', 'APERTURA'),
(245, '2019-06-26', 0, 0, '13212.14', 'APERTURA'),
(246, '2019-06-26', 0, 13059.14, '153.00', 'CIERRE'),
(247, '2019-06-27', 0, 0, '153.00', 'APERTURA'),
(248, '2019-06-27', 8.25, 0, '161.25', 'VENTA'),
(249, '2019-06-27', 11.25, 0, '172.50', 'VENTA'),
(250, '2019-06-27', 7, 0, '179.50', 'VENTA'),
(251, '2019-06-27', 2, 0, '181.50', 'VENTA'),
(252, '2019-06-27', 14.75, 0, '196.25', 'VENTA'),
(253, '2019-06-27', 5.5, 0, '201.75', 'VENTA'),
(254, '2019-06-27', 39.5, 0, '241.25', 'VENTA'),
(255, '2019-06-27', 7, 0, '248.25', 'VENTA'),
(256, '2019-06-27', 10.5, 0, '258.75', 'VENTA'),
(257, '2019-06-27', 245, 0, '503.75', 'VENTA'),
(258, '2019-06-27', 4, 0, '507.75', 'VENTA'),
(259, '2019-06-27', 10, 0, '517.75', 'VENTA'),
(260, '2019-06-27', 132, 0, '649.75', 'VENTA'),
(261, '2019-06-27', 43, 0, '692.75', 'VENTA'),
(262, '2019-06-27', 18.85, 0, '711.60', 'VENTA'),
(263, '2019-06-27', 9, 0, '720.60', 'VENTA'),
(264, '2019-06-27', 0, 99, '621.60', 'pago telefono '),
(265, '2019-06-27', 0, 16, '605.60', '1 garafon '),
(266, '2019-06-27', 0, 448.95, '156.65', 'CIERRE'),
(267, '2019-06-28', 0, 0, '156.65', 'APERTURA'),
(268, '2019-06-28', 0.75, 0, '157.40', 'VENTA'),
(269, '2019-06-28', 20, 0, '177.40', 'VENTA'),
(270, '2019-06-28', 5, 0, '182.40', 'VENTA'),
(271, '2019-06-28', 179, 0, '361.40', 'VENTA'),
(272, '2019-06-28', 9.45, 0, '370.85', 'VENTA'),
(273, '2019-06-28', 3, 0, '373.85', 'VENTA'),
(274, '2019-06-28', 13, 0, '386.85', 'VENTA'),
(275, '2019-06-28', 14.5, 0, '401.35', 'VENTA'),
(276, '2019-06-28', 7, 0, '408.35', 'VENTA'),
(277, '2019-06-28', 76, 0, '484.35', 'VENTA'),
(278, '2019-06-28', 81, 0, '565.35', 'VENTA'),
(279, '2019-06-28', 81, 0, '646.35', 'VENTA'),
(280, '2019-06-28', 10, 0, '656.35', 'VENTA'),
(281, '2019-06-28', 6, 0, '662.35', 'VENTA'),
(282, '2019-06-28', 5, 0, '667.35', 'VENTA'),
(283, '2019-06-28', 5, 0, '672.35', 'VENTA'),
(284, '2019-06-28', 11, 0, '683.35', 'VENTA'),
(285, '2019-06-28', 9.5, 0, '692.85', 'VENTA'),
(286, '2019-06-28', 3.75, 0, '696.60', 'VENTA'),
(287, '2019-06-28', 34.35, 0, '730.95', 'VENTA'),
(288, '2019-06-28', 6, 0, '736.95', 'VENTA'),
(289, '2019-06-28', 0, 10, '726.95', 'compra de refaccion cindy y mariela '),
(290, '2019-06-28', 12.5, 0, '739.45', 'VENTA'),
(291, '2019-06-28', 0, 140.2, '599.25', 'CIERRE'),
(292, '2019-06-29', 0, 0, '599.25', 'APERTURA'),
(293, '2019-06-29', 0, 0, '599.25', 'CIERRE'),
(294, '2019-06-29', 0, 0, '599.25', 'APERTURA'),
(295, '2019-06-29', 17.5, 0, '616.75', 'VENTA'),
(296, '2019-06-29', 38.3, 0, '655.05', 'VENTA'),
(297, '2019-06-29', 82, 0, '737.05', 'VENTA'),
(298, '2019-06-29', 5.25, 0, '742.30', 'VENTA'),
(299, '2019-06-29', 12, 0, '754.30', 'VENTA'),
(300, '2019-06-29', 10, 0, '764.30', 'VENTA'),
(301, '2019-06-29', 16.98, 0, '781.28', 'VENTA'),
(302, '2019-06-29', 73, 0, '854.28', 'VENTA'),
(303, '2019-06-29', 0, 0, '854.28', 'CIERRE'),
(304, '2019-06-29', 0, 0, '854.28', 'APERTURA'),
(305, '2019-06-29', 0, 0, '854.28', 'CIERRE'),
(306, '2019-06-29', 0, 0, '854.28', 'APERTURA'),
(307, '2019-06-29', 400, 0, '1254.28', 'VENTA'),
(308, '2019-06-29', 10.5, 0, '1264.78', 'VENTA');

-- --------------------------------------------------------

--
-- Estructura de tabla para la tabla `caja_estado`
--

CREATE TABLE `caja_estado` (
  `ID` int(11) NOT NULL,
  `ESTADO` varchar(25) COLLATE utf8_spanish2_ci NOT NULL
) ENGINE=InnoDB DEFAULT CHARSET=utf8 COLLATE=utf8_spanish2_ci;

--
-- Volcado de datos para la tabla `caja_estado`
--

INSERT INTO `caja_estado` (`ID`, `ESTADO`) VALUES
(1, 'ABIERTA'),
(1, 'ABIERTA');

-- --------------------------------------------------------

--
-- Estructura de tabla para la tabla `carga`
--

CREATE TABLE `carga` (
  `idcarga` int(11) NOT NULL,
  `fecha` date DEFAULT NULL,
  `idproducto` varchar(20) COLLATE ucs2_spanish2_ci NOT NULL,
  `cantidad` int(11) DEFAULT NULL,
  `precio_unitario` decimal(9,2) NOT NULL,
  `precio_total` decimal(9,2) NOT NULL
) ENGINE=InnoDB DEFAULT CHARSET=ucs2 COLLATE=ucs2_spanish2_ci;

-- --------------------------------------------------------

--
-- Estructura de tabla para la tabla `catalogoegresos`
--

CREATE TABLE `catalogoegresos` (
  `idCatalogoEgresos` int(11) NOT NULL,
  `descripcion` varchar(150) NOT NULL
) ENGINE=InnoDB DEFAULT CHARSET=latin1;

--
-- Volcado de datos para la tabla `catalogoegresos`
--

INSERT INTO `catalogoegresos` (`idCatalogoEgresos`, `descripcion`) VALUES
(1, 'Teléfono'),
(2, 'Canon de Agua'),
(3, 'Energía Eléctrica'),
(4, 'compra de agua salvavidas '),
(5, 'tienda ');

-- --------------------------------------------------------

--
-- Estructura de tabla para la tabla `categoria`
--

CREATE TABLE `categoria` (
  `idCategoria` int(11) NOT NULL,
  `descripcion` varchar(45) CHARACTER SET utf8 COLLATE utf8_spanish2_ci NOT NULL
) ENGINE=InnoDB DEFAULT CHARSET=latin1;

--
-- Volcado de datos para la tabla `categoria`
--

INSERT INTO `categoria` (`idCategoria`, `descripcion`) VALUES
(1, 'UTILES DE OFICINA'),
(2, 'UTILES ESCOLARES'),
(3, 'TECNOLOGIA'),
(4, 'JUGUETES'),
(5, 'ACCESORIOS '),
(6, 'MUEBLES DE OFICINA'),
(7, 'MUEBLE PARA JARDIN'),
(8, 'NOMBRE'),
(9, 'NOMBRE'),
(10, 'DIDACTICA'),
(11, 'REGALOS');

-- --------------------------------------------------------

--
-- Estructura de tabla para la tabla `cliente`
--

CREATE TABLE `cliente` (
  `idcliente` int(11) NOT NULL,
  `nombre` varchar(100) COLLATE ucs2_spanish2_ci DEFAULT NULL,
  `dpi` bigint(13) DEFAULT NULL,
  `nit` varchar(15) COLLATE ucs2_spanish2_ci NOT NULL,
  `direccion` varchar(125) COLLATE ucs2_spanish2_ci DEFAULT NULL,
  `departamento` varchar(100) COLLATE ucs2_spanish2_ci NOT NULL,
  `municipio` varchar(100) COLLATE ucs2_spanish2_ci NOT NULL,
  `referencia` varchar(150) COLLATE ucs2_spanish2_ci NOT NULL,
  `telefono` varchar(45) COLLATE ucs2_spanish2_ci DEFAULT NULL,
  `email` varchar(45) COLLATE ucs2_spanish2_ci NOT NULL,
  `idTipo_cliente` int(11) NOT NULL,
  `saldo` decimal(8,2) DEFAULT NULL
) ENGINE=InnoDB DEFAULT CHARSET=ucs2 COLLATE=ucs2_spanish2_ci;

--
-- Volcado de datos para la tabla `cliente`
--

INSERT INTO `cliente` (`idcliente`, `nombre`, `dpi`, `nit`, `direccion`, `departamento`, `municipio`, `referencia`, `telefono`, `email`, `idTipo_cliente`, `saldo`) VALUES
(1, 'Byron Fernando Calderon Ferrera ', 2743342160201, '8847961-7', 'Aldea Santa Lucia', 'El Progreso', 'Guastatoya', 'Donde hay una funeraria', '30349707', 'bcalderonf18@gmail.com', 1, '0.00'),
(2, 'Roger Sosa', 2314035500101, '8357481-6', 'Barrio las Joyas', 'El Progreso', 'Guastatoya', 'En el callejon despues del mine. de trabajo, hasta adentro.', '53436438', 'rogerthedeveloper@gmail.com', 1, '0.00'),
(3, 'oscar antnio valiente', 1705762480201, '1017228-9', '1a ave. 2-23 zona 6,', 'El Progreso', 'Guastatoya', 'a la par de una casa', '59600502', 'tonyvaliente@gmail.com', 1, '0.00'),
(6, 'C/F', 0, '0', 'CIUDAD', 'CIUDAD', 'CIUDAD', 'CIUDAD', '00', '', 1, '0.00'),
(7, 'Oliver Gonzales ', 0, '6144833-8', 'Ciudad', 'Ciudad', 'Ciudad', 'Ciudad', '', '', 1, '0.00'),
(9, 'Constructora Balcarcel', 0, 'c/f', 'Guastatoya', '', '', '', '', '', 1, '4.00'),
(10, 'Olga Marina Valiente', 0, '797271-7', 'Bo. El Porvenir Guastatoya', '', '', '', '', '', 1, '0.00');

-- --------------------------------------------------------

--
-- Estructura de tabla para la tabla `compra`
--

CREATE TABLE `compra` (
  `idCompra` int(11) NOT NULL,
  `idProveedor` int(11) NOT NULL,
  `noFactura` int(11) NOT NULL,
  `fecha` date NOT NULL,
  `idTipoCompra` int(11) DEFAULT NULL,
  `idFormaPago` int(11) DEFAULT NULL,
  `noCheque` bigint(15) NOT NULL,
  `nocuenta` bigint(20) DEFAULT NULL,
  `total` double NOT NULL
) ENGINE=InnoDB DEFAULT CHARSET=latin1;

--
-- Volcado de datos para la tabla `compra`
--

INSERT INTO `compra` (`idCompra`, `idProveedor`, `noFactura`, `fecha`, `idTipoCompra`, `idFormaPago`, `noCheque`, `nocuenta`, `total`) VALUES
(26, 3, 0, '2019-06-22', 2, 1, 0, NULL, 0),
(27, 3, 1245, '2019-06-22', 2, 1, 0, NULL, 0),
(28, 3, 0, '2019-06-22', 2, 1, 0, NULL, 0),
(29, 3, 0, '2019-06-22', 2, 1, 0, NULL, 0),
(30, 3, 0, '2019-06-22', 2, 1, 0, NULL, 0),
(31, 3, 0, '2019-06-22', 2, 1, 0, NULL, 0),
(32, 3, 7859, '2019-06-22', 2, 1, 0, NULL, 0),
(33, 3, 0, '2019-06-22', 2, 1, 0, NULL, 0),
(34, 3, 0, '2019-06-22', 2, 1, 0, NULL, 0),
(35, 3, 0, '2019-06-22', 2, 1, 0, NULL, 0),
(36, 3, 1, '2019-06-22', 2, 1, 0, NULL, 0),
(37, 3, 1, '2019-06-22', 2, 1, 0, NULL, 0),
(38, 3, 0, '2019-06-22', 2, 1, 0, NULL, 0),
(40, 3, 0, '2019-06-22', 2, 1, 0, NULL, 0);

-- --------------------------------------------------------

--
-- Estructura de tabla para la tabla `cuentabancaria`
--

CREATE TABLE `cuentabancaria` (
  `nocuenta` bigint(20) NOT NULL,
  `PROPIETARIO` varchar(100) COLLATE utf8_spanish2_ci NOT NULL,
  `TIPOCUENTA` int(11) NOT NULL,
  `BANCO` int(11) NOT NULL,
  `SALDO` decimal(9,2) NOT NULL
) ENGINE=InnoDB DEFAULT CHARSET=utf8 COLLATE=utf8_spanish2_ci;

-- --------------------------------------------------------

--
-- Estructura de tabla para la tabla `deposito`
--

CREATE TABLE `deposito` (
  `iddeposito` bigint(20) NOT NULL,
  `fecha` date NOT NULL,
  `nocuenta` bigint(20) NOT NULL,
  `motivo` varchar(100) COLLATE utf8_spanish2_ci NOT NULL,
  `total` decimal(9,2) NOT NULL
) ENGINE=InnoDB DEFAULT CHARSET=utf8 COLLATE=utf8_spanish2_ci;

-- --------------------------------------------------------

--
-- Estructura de tabla para la tabla `descuento`
--

CREATE TABLE `descuento` (
  `idDescuento` int(11) NOT NULL,
  `descripcion` varchar(100) NOT NULL,
  `porcentaje` int(3) NOT NULL
) ENGINE=InnoDB DEFAULT CHARSET=latin1;

-- --------------------------------------------------------

--
-- Estructura de tabla para la tabla `detalle_compra`
--

CREATE TABLE `detalle_compra` (
  `idDetalleCompra` int(11) NOT NULL,
  `idCompra` int(11) NOT NULL,
  `idproducto` varchar(20) CHARACTER SET ucs2 COLLATE ucs2_spanish2_ci NOT NULL,
  `cantidad` int(11) NOT NULL,
  `precioUnitario` double(8,2) NOT NULL
) ENGINE=InnoDB DEFAULT CHARSET=latin1;

--
-- Volcado de datos para la tabla `detalle_compra`
--

INSERT INTO `detalle_compra` (`idDetalleCompra`, `idCompra`, `idproducto`, `cantidad`, `precioUnitario`) VALUES
(45, 26, '7503002923207', 69, 0.00),
(46, 26, '7503002923191', 110, 0.00),
(47, 26, '4710887400744', 709, 0.00),
(48, 27, '4717480703739', 36, 0.00),
(49, 27, '4717480703722', 45, 0.00),
(50, 27, '4712914146571', 95, 0.00),
(51, 27, '3154140481100', 142, 0.00),
(52, 28, '759364662576', 96, 0.00),
(53, 29, '759364662590', 144, 0.00),
(54, 30, '7702111337152', 140, 0.00),
(55, 30, '7702111337145', 217, 0.00),
(56, 30, '7702111337138', 227, 0.00),
(57, 30, '7702111337121', 251, 0.00),
(58, 31, '759364662583', 264, 0.00),
(59, 32, '7503002920541', 140, 0.00),
(60, 32, '7503002920534', 55, 0.00),
(61, 32, '7453015122640', 2, 0.00),
(62, 32, '4712914146588', 66, 0.00),
(63, 33, '759364662590', 192, 0.00),
(64, 33, '759364662576', 132, 0.00),
(65, 34, '20071709271767', 52, 0.00),
(66, 34, '20071709271767', 6, 0.00),
(67, 35, '7702111336872', 94, 0.00),
(68, 35, '759364662248', 106, 0.00),
(69, 36, '4711678070023', 110, 0.00),
(70, 36, '4711678054528', 131, 0.00),
(71, 37, '4711678072331', 59, 0.00),
(72, 37, '4711678072126', 91, 0.00),
(73, 38, '30071709271771', 33, 0.00),
(74, 38, '30071709271771', 2, 0.00),
(75, 38, '759364662590', 9, 0.00),
(76, 38, '759364662583', 11, 0.00),
(77, 38, '759364662576', 3, 0.00),
(84, 40, '759364662842', 408, 0.00),
(85, 40, '759364662835', 407, 0.00),
(86, 40, '759364662828', 116, 0.00);

-- --------------------------------------------------------

--
-- Estructura de tabla para la tabla `detalle_devolucion`
--

CREATE TABLE `detalle_devolucion` (
  `id_detalle_devolucion` int(11) NOT NULL,
  `id_devolucion` int(11) NOT NULL,
  `idproducto` varchar(20) COLLATE ucs2_spanish2_ci NOT NULL,
  `cantidad` int(11) DEFAULT NULL,
  `subtotal` decimal(8,2) DEFAULT NULL
) ENGINE=InnoDB DEFAULT CHARSET=ucs2 COLLATE=ucs2_spanish2_ci;

-- --------------------------------------------------------

--
-- Estructura de tabla para la tabla `detalle_venta`
--

CREATE TABLE `detalle_venta` (
  `id_detalle_venta` int(11) NOT NULL,
  `idventa` int(11) NOT NULL,
  `idproducto` varchar(20) COLLATE ucs2_spanish2_ci NOT NULL,
  `cantidad` float NOT NULL,
  `idDescuento` int(11) DEFAULT NULL,
  `subtotal` decimal(8,2) NOT NULL
) ENGINE=InnoDB DEFAULT CHARSET=ucs2 COLLATE=ucs2_spanish2_ci;

--
-- Volcado de datos para la tabla `detalle_venta`
--

INSERT INTO `detalle_venta` (`id_detalle_venta`, `idventa`, `idproducto`, `cantidad`, `idDescuento`, `subtotal`) VALUES
(1, 1, '7406102010610', 1, NULL, '3.50'),
(2, 2, '4717480703739', 20, NULL, '230.00'),
(3, 3, '6900000010921', 1, NULL, '14.00'),
(4, 4, '072782058685', 24, NULL, '50.40'),
(5, 5, '13154140630826', 1, NULL, '1.50'),
(6, 5, '7808718509586', 1, NULL, '2.00'),
(7, 6, '7416500210130', 1, NULL, '5.25'),
(8, 6, '6931100503143', 1, NULL, '6.50'),
(9, 7, '071641300514', 1, NULL, '8.00'),
(10, 8, '5401178608749', 1, NULL, '12.00'),
(11, 9, '7808718509586', 1, NULL, '2.00'),
(12, 10, '071641300514', 1, NULL, '8.00'),
(13, 11, '4004764390564', 1, NULL, '6.00'),
(14, 12, '7808718509586', 1, NULL, '2.00'),
(15, 12, '7453015104813', 2, NULL, '11.00'),
(16, 12, '4712302217692', 1, NULL, '1.00'),
(41, 22, '5039', 1, NULL, '0.25'),
(42, 22, '5036', 1, NULL, '0.25'),
(43, 22, '5033', 1, NULL, '0.25'),
(44, 23, '4549292034295', 1, NULL, '135.00'),
(45, 24, '13154140630826', 1, NULL, '1.50'),
(46, 24, '7808718509586', 1, NULL, '2.00'),
(47, 24, '4902505084560', 1, NULL, '6.00'),
(48, 25, '5046', 8, NULL, '2.00'),
(49, 26, '7704875630784', 1, NULL, '132.00'),
(50, 26, '074711444019', 1, NULL, '65.00'),
(51, 27, '7808718509586', 2, NULL, '4.00'),
(52, 28, '7702003008535', 2, NULL, '20.00'),
(53, 29, '7506129424824', 1, NULL, '4.00'),
(54, 31, '13154140630826', 1, NULL, '1.50'),
(55, 32, '11011', 1, NULL, '3.00'),
(56, 32, '11008', 1, NULL, '3.00'),
(57, 32, '5036', 4, NULL, '1.00'),
(58, 32, '5036', 12, NULL, '3.00'),
(59, 33, '6072', 1, NULL, '2.40'),
(60, 34, '7406027026901', 1, NULL, '8.25'),
(61, 35, '7416500210154', 1, NULL, '5.25'),
(62, 35, '4902505084584', 1, NULL, '6.00'),
(63, 36, '4005401548072', 1, NULL, '7.00'),
(64, 37, '7808718509586', 1, NULL, '2.00'),
(65, 38, '8003511310455', 1, NULL, '14.75'),
(66, 39, '7453015104813', 1, NULL, '5.50'),
(67, 40, '4712759211656', 4, NULL, '26.00'),
(68, 40, '721672025541', 1, NULL, '13.50'),
(69, 41, '4710887400218', 1, NULL, '7.00'),
(70, 42, '7808718509586', 1, NULL, '2.00'),
(71, 42, '3154145112207', 1, NULL, '3.00'),
(72, 42, '95594521', 1, NULL, '1.50'),
(73, 42, '77237606', 1, NULL, '1.50'),
(74, 42, '69599613', 1, NULL, '1.50'),
(75, 42, '5043', 1, NULL, '0.25'),
(76, 42, '5040', 1, NULL, '0.25'),
(77, 42, '5037', 1, NULL, '0.25'),
(78, 42, '5031', 1, NULL, '0.25'),
(79, 43, '4960999990484', 1, NULL, '245.00'),
(80, 44, '7453015104851', 1, NULL, '4.00'),
(81, 45, '4206', 2, NULL, '10.00'),
(82, 46, '6900000020319', 1, NULL, '132.00'),
(83, 47, '15017', 5, NULL, '2.00'),
(84, 47, '15016', 5, NULL, '2.00'),
(85, 47, '15015', 5, NULL, '2.00'),
(86, 47, '15010', 5, NULL, '2.00'),
(87, 47, '15009', 3, NULL, '1.20'),
(88, 47, '15008', 5, NULL, '2.00'),
(89, 47, '15005', 5, NULL, '2.00'),
(90, 47, '15002', 5, NULL, '2.00'),
(91, 47, '15002', 5, NULL, '2.00'),
(92, 47, '5062', 5, NULL, '1.75'),
(93, 47, '5061', 5, NULL, '1.75'),
(94, 47, '5059', 10, NULL, '3.50'),
(95, 47, '5055', 10, NULL, '3.50'),
(96, 47, '5054', 10, NULL, '3.50'),
(97, 47, '5051', 10, NULL, '3.50'),
(98, 47, '5049', 10, NULL, '3.50'),
(99, 47, '5039', 10, NULL, '2.30'),
(100, 47, '5033', 5, NULL, '1.25'),
(101, 47, '5031', 5, NULL, '1.25'),
(102, 48, '7406102010528', 1, NULL, '4.00'),
(103, 49, '759364662583', 1, NULL, '3.75'),
(104, 49, '759364662576', 1, NULL, '3.75'),
(105, 49, '15015', 3, NULL, '1.20'),
(106, 49, '15010', 6, NULL, '2.40'),
(107, 49, '13026', 1, NULL, '1.75'),
(108, 49, '11016', 2, NULL, '6.00'),
(109, 51, '7416500226421', 1, NULL, '9.00'),
(110, 52, '7416501953555', 1, NULL, '0.75'),
(111, 53, '7426500805571', 1, NULL, '15.50'),
(112, 53, '6925513020755', 1, NULL, '4.50'),
(113, 54, '11019', 1, NULL, '3.00'),
(114, 54, '5035', 8, NULL, '2.00'),
(115, 55, '7453015124866', 3, NULL, '156.00'),
(116, 55, '4717480709779', 1, NULL, '14.00'),
(117, 55, '4710887406487', 2, NULL, '9.00'),
(118, 56, '5051', 9, NULL, '3.15'),
(119, 56, '5049', 18, NULL, '6.30'),
(120, 57, '5046', 12, NULL, '3.00'),
(121, 58, '32468816', 1, NULL, '13.00'),
(122, 59, '7426500822226', 1, NULL, '8.00'),
(123, 59, '4712759211670', 1, NULL, '6.50'),
(124, 60, '7416500272275', 1, NULL, '7.00'),
(125, 61, '7441046359418', 3, NULL, '54.00'),
(126, 61, '7401007600386', 1, NULL, '22.00'),
(127, 62, '7401007600645', 2, NULL, '1.00'),
(128, 62, '4712477114864', 1, NULL, '80.00'),
(129, 63, '7401007600645', 2, NULL, '1.00'),
(130, 63, '4712477114864', 1, NULL, '80.00'),
(131, 64, '7702003008535', 1, NULL, '10.00'),
(132, 65, '4208', 1, NULL, '6.00'),
(133, 66, '5040', 1, NULL, '0.25'),
(134, 66, '5040', 1, NULL, '0.25'),
(135, 66, '5039', 1, NULL, '0.25'),
(136, 66, '5038', 1, NULL, '0.25'),
(137, 66, '5037', 1, NULL, '0.25'),
(138, 66, '5036', 1, NULL, '0.25'),
(139, 66, '3345', 1, NULL, '3.50'),
(140, 67, '5040', 1, NULL, '0.25'),
(141, 67, '5040', 1, NULL, '0.25'),
(142, 67, '5039', 1, NULL, '0.25'),
(143, 67, '5038', 1, NULL, '0.25'),
(144, 67, '5037', 1, NULL, '0.25'),
(145, 67, '5036', 1, NULL, '0.25'),
(146, 67, '3345', 1, NULL, '3.50'),
(147, 68, '8442310000004', 4, NULL, '11.00'),
(148, 69, '4200', 1, NULL, '9.50'),
(149, 70, '7501137380025', 1, NULL, '3.75'),
(150, 71, '7503002942284', 2, NULL, '7.50'),
(151, 71, '4007817321539', 1, NULL, '5.50'),
(152, 71, '15016', 2, NULL, '0.80'),
(153, 71, '15015', 3, NULL, '1.20'),
(154, 71, '15010', 2, NULL, '0.80'),
(155, 71, '15008', 2, NULL, '0.80'),
(156, 71, '11011', 2, NULL, '6.00'),
(157, 71, '11008', 2, NULL, '6.00'),
(158, 71, '11004', 1, NULL, '3.00'),
(159, 71, '7003', 1, NULL, '2.75'),
(160, 72, '11011', 1, NULL, '3.00'),
(161, 72, '11008', 1, NULL, '3.00'),
(162, 73, '6921843906035', 1, NULL, '12.50'),
(163, 74, '10024', 1, NULL, '17.50'),
(164, 75, '7503002930878', 5, NULL, '12.50'),
(165, 75, '7406027034944', 1, NULL, '14.00'),
(166, 75, '4717480703432', 1, NULL, '11.00'),
(167, 75, '15008', 2, NULL, '0.80'),
(168, 76, '7441046359418', 1, NULL, '18.00'),
(169, 76, '7441046359395', 4, NULL, '64.00'),
(170, 77, '7416500210130', 1, NULL, '5.25'),
(171, 78, '8854556000524', 1, NULL, '9.00'),
(172, 78, '95594521', 1, NULL, '1.50'),
(173, 78, '77237606', 1, NULL, '1.50'),
(174, 79, '7503002930878', 1, NULL, '2.50'),
(175, 79, '7503002930854', 1, NULL, '2.50'),
(176, 79, '7503002930793', 1, NULL, '2.50'),
(177, 79, '7503002930786', 1, NULL, '2.50'),
(178, 80, '95594521', 6, NULL, '9.00'),
(179, 80, '69599613', 6, NULL, '7.98'),
(180, 81, '4712847091566', 1, NULL, '73.00'),
(181, 82, '7704875880387', 1, NULL, '400.00'),
(182, 83, '4712914148032', 1, NULL, '10.50');

-- --------------------------------------------------------

--
-- Estructura de tabla para la tabla `devolucion`
--

CREATE TABLE `devolucion` (
  `id_devolucion` int(11) NOT NULL,
  `fecha` date DEFAULT NULL,
  `idcliente` int(11) NOT NULL,
  `idventa` int(11) NOT NULL,
  `total` decimal(8,2) DEFAULT NULL
) ENGINE=InnoDB DEFAULT CHARSET=ucs2 COLLATE=ucs2_spanish2_ci;

-- --------------------------------------------------------

--
-- Estructura de tabla para la tabla `formapago`
--

CREATE TABLE `formapago` (
  `idFormapago` int(11) NOT NULL,
  `descripcion` varchar(80) NOT NULL
) ENGINE=InnoDB DEFAULT CHARSET=latin1;

--
-- Volcado de datos para la tabla `formapago`
--

INSERT INTO `formapago` (`idFormapago`, `descripcion`) VALUES
(1, 'Efectivo'),
(2, 'Cheque'),
(3, 'Depósito');

-- --------------------------------------------------------

--
-- Estructura de tabla para la tabla `gasto`
--

CREATE TABLE `gasto` (
  `noDocumento` int(11) NOT NULL,
  `tipoDocumento` int(11) NOT NULL,
  `idEgreso` int(11) NOT NULL,
  `fecha` date NOT NULL,
  `idFormaPago` int(11) NOT NULL,
  `noCheque` bigint(15) NOT NULL,
  `banco` int(11) DEFAULT NULL,
  `noCuenta` bigint(15) DEFAULT NULL,
  `motivo` text NOT NULL,
  `total` double(7,2) NOT NULL
) ENGINE=InnoDB DEFAULT CHARSET=latin1;

--
-- Volcado de datos para la tabla `gasto`
--

INSERT INTO `gasto` (`noDocumento`, `tipoDocumento`, `idEgreso`, `fecha`, `idFormaPago`, `noCheque`, `banco`, `noCuenta`, `motivo`, `total`) VALUES
(1, 3, 5, '2019-06-28', 1, 0, NULL, NULL, 'compra de refaccion cindy y mariela ', 10.00),
(728745, 1, 4, '2019-06-27', 1, 0, NULL, NULL, '1 garafon ', 16.00),
(2544743, 1, 1, '2019-06-27', 1, 0, NULL, NULL, 'pago telefono ', 99.00);

-- --------------------------------------------------------

--
-- Estructura de tabla para la tabla `inventario`
--

CREATE TABLE `inventario` (
  `idInventario` int(9) NOT NULL,
  `idproducto` varchar(20) CHARACTER SET ucs2 COLLATE ucs2_spanish2_ci NOT NULL,
  `fecha` date NOT NULL,
  `ingreso` int(9) NOT NULL,
  `egreso` int(9) NOT NULL,
  `tipoMovimiento` text NOT NULL,
  `existencia` int(9) NOT NULL
) ENGINE=InnoDB DEFAULT CHARSET=latin1;

--
-- Volcado de datos para la tabla `inventario`
--

INSERT INTO `inventario` (`idInventario`, `idproducto`, `fecha`, `ingreso`, `egreso`, `tipoMovimiento`, `existencia`) VALUES
(160, '7503002923207', '2019-06-22', 69, 0, 'Compra', 69),
(161, '7503002923191', '2019-06-22', 110, 0, 'Compra', 110),
(162, '4710887400744', '2019-06-22', 709, 0, 'Compra', 709),
(163, '4717480703739', '2019-06-22', 36, 0, 'Compra', 36),
(164, '4717480703722', '2019-06-22', 46, 0, 'Compra', 46),
(165, '4712914146571', '2019-06-22', 95, 0, 'Compra', 95),
(166, '3154140481100', '2019-06-22', 142, 0, 'Compra', 142),
(167, '759364662576', '2019-06-22', 96, 0, 'Compra', 96),
(168, '759364662590', '2019-06-22', 144, 0, 'Compra', 144),
(169, '7702111337152', '2019-06-22', 140, 0, 'Compra', 140),
(170, '7702111337145', '2019-06-22', 217, 0, 'Compra', 217),
(171, '7702111337138', '2019-06-22', 227, 0, 'Compra', 227),
(172, '7702111337121', '2019-06-22', 251, 0, 'Compra', 251),
(173, '759364662583', '2019-06-22', 264, 0, 'Compra', 264),
(174, '7503002920541', '2019-06-22', 140, 0, 'Compra', 140),
(175, '7503002920534', '2019-06-22', 55, 0, 'Compra', 55),
(176, '7453015122640', '2019-06-22', 2, 0, 'Compra', 2),
(177, '4712914146588', '2019-06-22', 66, 0, 'Compra', 66),
(178, '759364662590', '2019-06-22', 192, 0, 'Compra', 336),
(179, '759364662576', '2019-06-22', 132, 0, 'Compra', 228),
(180, '20071709271767', '2019-06-22', 52, 0, 'Compra', 52),
(181, '20071709271767', '2019-06-22', 6, 0, 'Compra', 58),
(182, '7702111336872', '2019-06-22', 94, 0, 'Compra', 94),
(183, '759364662248', '2019-06-22', 106, 0, 'Compra', 106),
(184, '4711678070023', '2019-06-22', 110, 0, 'Compra', 110),
(185, '4711678054528', '2019-06-22', 133, 0, 'Compra', 133),
(186, '4711678072331', '2019-06-22', 59, 0, 'Compra', 59),
(187, '4711678072126', '2019-06-22', 91, 0, 'Compra', 91),
(188, '30071709271771', '2019-06-22', 33, 0, 'Compra', 33),
(189, '30071709271771', '2019-06-22', 2, 0, 'Compra', 35),
(190, '759364662590', '2019-06-22', 9, 0, 'Compra', 349),
(191, '759364662583', '2019-06-22', 11, 0, 'Compra', 275),
(192, '759364662576', '2019-06-22', 3, 0, 'Compra', 231),
(193, 'A47661800763561A', '2019-06-22', 144, 0, 'COMPRA', 144),
(194, '4711678070009', '2019-06-22', 51, 0, 'Ingreso', 51),
(195, 'A4766180076356A', '2019-06-22', 120, 0, 'COMPRA', 120),
(196, '4711678074410', '2019-06-22', 86, 0, 'Ingreso', 86),
(197, '4902505368882', '2019-06-22', 50, 0, 'Compra', 50),
(198, '4902505355776', '2019-06-22', 18, 0, 'Compra', 18),
(199, '4902505355769', '2019-06-22', 90, 0, 'Compra', 90),
(200, '4902505088674', '2019-06-22', 93, 0, 'Compra', 93),
(201, '4902505088667', '2019-06-22', 136, 0, 'Compra', 136),
(202, '4902505088650', '2019-06-22', 80, 0, 'Compra', 80),
(203, '3154140622114', '2019-06-22', 421, 0, 'Ingreso', 421),
(204, '4004764390564', '2019-06-22', 95, 0, 'Compra', 95),
(205, '759364662842', '2019-06-22', 492, 0, 'Compra', 492),
(206, '759364662835', '2019-06-22', 407, 0, 'Compra', 407),
(207, '759364662828', '2019-06-22', 127, 0, 'Compra', 127),
(208, '4710887419777', '2019-06-22', 334, 0, 'Ingreso', 334),
(209, '7796568104047', '2019-06-22', 254, 0, 'COMPRA', 254),
(210, '3154140176112', '2019-06-22', 36, 0, 'Ingreso', 36),
(211, '7453015139907', '2019-06-22', 36, 0, 'Ingreso', 36),
(212, '7796568104504', '2019-06-22', 280, 0, 'Ingreso', 280),
(213, '11720218', '2019-06-22', 53, 0, 'Ingreso', 53),
(214, '4007817322796', '2019-06-22', 29, 0, 'Ingreso', 29),
(215, '3154145066005', '2019-06-22', 147, 0, 'Ingreso', 147),
(216, '4007817322741', '2019-06-22', 38, 0, 'Ingreso', 38),
(217, '4007817322758', '2019-06-22', 37, 0, 'Ingreso', 37),
(218, '4007817322789', '2019-06-22', 41, 0, 'COMPRA', 41),
(219, '4711678073970', '2019-06-22', 113, 0, 'Compra', 113),
(220, '4004764391257', '2019-06-22', 13, 0, 'COMPRA', 13),
(221, '4004764391264', '2019-06-22', 44, 0, 'COMPRA', 44),
(223, '8003511422653', '2019-06-22', 36, 0, 'COMPRA', 36),
(224, '8003511426729', '2019-06-22', 38, 0, 'COMPRA', 38),
(225, '8003511427771', '2019-06-22', 30, 0, 'COMPRA', 30),
(226, '8003511422790', '2019-06-22', 32, 0, 'COMPRA', 32),
(227, '13154140630826', '2019-06-22', 756, 0, 'COMPRA', 756),
(228, '8003511427856', '2019-06-22', 26, 0, 'COMPRA', 26),
(229, '4711678072621', '2019-06-22', 8, 0, 'COMPRA', 8),
(230, '042229215032', '2019-06-22', 9, 0, 'COMPRA', 9),
(232, '759364662873', '2019-06-22', 9, 0, 'COMPRA', 9),
(233, '4004764391271', '2019-06-22', 80, 0, 'COMPRA', 80),
(234, '759364662880', '2019-06-22', 29, 0, 'COMPRA', 29),
(235, '759364662866', '2019-06-22', 9, 0, 'COMPRA', 9),
(236, '4711678072577', '2019-06-22', 76, 0, 'COMPRA', 76),
(237, '4902505343599', '2019-06-22', 49, 0, 'COMPRA', 49),
(238, '7891360609315', '2019-06-22', 192, 0, 'COMPRA', 192),
(239, '4902505343605', '2019-06-22', 73, 0, 'COMPRA', 73),
(240, '4902505343612', '2019-06-22', 55, 0, 'COMPRA', 55),
(241, '4902505088643', '2019-06-22', 2, 0, 'COMPRA', 2),
(242, '7702111446120', '2019-06-22', 42, 0, 'COMPRA', 42),
(243, '7702111446090', '2019-06-22', 42, 0, 'COMPRA', 42),
(244, '3154140113001', '2019-06-22', 486, 0, 'COMPRA', 486),
(245, '4712302217708', '2019-06-22', 361, 0, 'COMPRA', 361),
(246, '7702111446083', '2019-06-22', 10, 0, 'COMPRA', 10),
(247, '4712302217692', '2019-06-22', 300, 0, 'COMPRA', 300),
(248, '4004764104406', '2019-06-22', 9, 0, 'COMPRA', 9),
(250, '3154146832128', '2019-06-22', 7, 0, 'COMPRA', 7),
(251, '3154148320098', '2019-06-22', 16, 0, 'COMPRA', 16),
(252, '3154148454205', '2019-06-22', 31, 0, 'COMPRA', 31),
(253, '7754111656108', '2019-06-22', 6, 0, 'COMPRA', 6),
(254, '7754111011280', '2019-06-22', 3, 0, 'COMPRA', 3),
(255, '4712914159663', '2019-06-22', 17, 0, 'COMPRA', 17),
(256, '3154145112603', '2019-06-22', 954, 0, 'COMPRA', 954),
(257, '7502276747670', '2019-06-22', 33, 0, 'COMPRA', 33),
(258, '3154145112405', '2019-06-22', 1188, 0, 'COMPRA', 1188),
(259, '4004764109241', '2019-06-22', 55, 0, 'COMPRA', 55),
(260, '4004764109166', '2019-06-22', 36, 0, 'COMPRA', 36),
(261, '4712914142955', '2019-06-22', 10, 0, 'COMPRA', 10),
(262, '3154145112207', '2019-06-22', 115, 0, 'COMPRA', 115),
(263, '4717480704019', '2019-06-22', 36, 0, 'COMPRA', 36),
(264, '4717480703081', '2019-06-22', 3, 0, 'COMPRA', 3),
(265, '4717480703098', '2019-06-22', 27, 0, 'COMPRA', 27),
(266, '4007817321539', '2019-06-22', 36, 0, 'Compra', 36),
(267, '4902505089176', '2019-06-22', 63, 0, 'COMPRA', 63),
(268, '3154145117905', '2019-06-22', 31, 0, 'COMPRA', 31),
(269, '4902505089169', '2019-06-22', 62, 0, 'COMPRA', 62),
(270, '4007817321492', '2019-06-22', 10, 0, 'Compra', 10),
(271, '4902505089152', '2019-06-22', 12, 0, 'COMPRA', 12),
(272, '4007817321522', '2019-06-22', 10, 0, 'Compra', 10),
(273, '4004764079421', '2019-06-22', 25, 0, 'COMPRA', 25),
(274, '4902505089183', '2019-06-22', 5, 0, 'COMPRA', 5),
(278, '7502237301439', '2019-06-22', 47, 0, 'COMPRA', 47),
(279, '7401007600171', '2019-06-22', 78, 0, 'COMPRA', 79),
(280, '7891360621645', '2019-06-22', 12, 0, 'Compra', 101),
(281, '7401007600720', '2019-06-22', 2, 0, 'COMPRA', 2),
(282, '3154141274114', '2019-06-22', 37, 0, 'COMPRA', 37),
(283, '6925513020755', '2019-06-22', 14, 0, 'COMPRA', 14),
(284, '7501214922223', '2019-06-22', 21, 0, 'COMPRA', 21),
(285, '7401007618015', '2019-06-22', 41, 0, 'COMPRA', 41),
(286, '8003511426910', '2019-06-22', 18, 0, 'COMPRA', 18),
(287, '4711678074472', '2019-06-22', 52, 0, 'COMPRA', 52),
(288, '30071709271771', '2019-06-22', 84, 0, 'Compra', 119),
(289, '8000144074112', '2019-06-22', 11, 0, 'COMPRA', 11),
(290, '8000144043002', '2019-06-22', 47, 0, 'COMPRA', 47),
(291, '7891360527572', '2019-06-22', 7, 0, 'COMPRA', 7),
(292, '8000144074105', '2019-06-22', 6, 0, 'COMPRA', 6),
(293, '20071709271767', '2019-06-22', 24, 0, 'Compra', 82),
(294, '8000144002375', '2019-06-22', 3, 0, 'COMPRA', 3),
(295, '3154141196119', '2019-06-22', 29, 0, 'COMPRA', 29),
(296, '3154141195112', '2019-06-22', 30, 0, 'COMPRA', 30),
(297, '7401007600027', '2019-06-22', 48, 0, 'Compra', 48),
(298, '7401065614295', '2019-06-22', 14, 0, 'Compra', 14),
(299, '7426500801528', '2019-06-22', 33, 0, 'COMPRA', 33),
(300, '7503002923160', '2019-06-22', 6, 0, 'COMPRA', 6),
(301, '9789992381823', '2019-06-22', 9, 0, 'Compra', 9),
(302, '7401007600782', '2019-06-22', 32, 0, 'COMPRA', 32),
(303, '9788430529513', '2019-06-22', 12, 0, 'Compra', 12),
(304, '7503002923177', '2019-06-22', 15, 0, 'COMPRA', 15),
(305, '6939540595261', '2019-06-22', 65, 0, 'COMPRA', 65),
(306, '7401043900747', '2019-06-22', 22, 0, 'Compra', 22),
(307, '7891360637769', '2019-06-22', 79, 0, 'COMPRA', 79),
(308, '8443180000002', '2019-06-22', 10, 0, 'Compra', 10),
(309, '7891360638544', '2019-06-22', 14, 0, 'COMPRA', 14),
(310, '8442310000004', '2019-06-22', 9, 0, 'Compra', 9),
(311, '7441046359395', '2019-06-22', 63, 0, 'COMPRA', 63),
(312, '7891360548911', '2019-06-22', 26, 0, 'COMPRA', 26),
(313, '7441046359418', '2019-06-22', 38, 0, 'COMPRA', 38),
(314, '7702111275300', '2019-06-22', 6, 0, 'Compra', 6),
(315, '7891360638759', '2019-06-22', 23, 0, 'COMPRA', 23),
(316, '000251700117', '2019-06-22', 5, 0, 'Compra', 5),
(317, '7702111372542', '2019-06-22', 29, 0, 'COMPRA', 29),
(318, '7702111456426', '2019-06-22', 16, 0, 'COMPRA', 16),
(319, '7702111348639', '2019-06-22', 9, 0, 'COMPRA', 9),
(320, '7806610412973', '2019-06-22', 1, 0, 'Compra', 1),
(321, '7501030611400', '2019-06-22', 25, 0, 'COMPRA', 25),
(322, '4712302218002', '2019-06-22', 21, 0, 'COMPRA', 21),
(323, '7426500812425', '2019-06-22', 1, 0, 'Compra', 1),
(324, '4712302218019', '2019-06-22', 24, 0, 'COMPRA', 24),
(325, '7501030611417', '2019-06-22', 25, 0, 'COMPRA', 25),
(326, '7501030611394', '2019-06-22', 42, 0, 'COMPRA', 42),
(327, '4717480690404', '2019-06-22', 23, 0, 'COMPRA', 23),
(328, '7503002923146', '2019-06-22', 280, 0, 'COMPRA', 282),
(329, '7502270052558', '2019-06-22', 5, 0, 'COMPRA', 5),
(330, '4717480690411', '2019-06-22', 19, 0, 'COMPRA', 19),
(331, '4717480690428', '2019-06-22', 24, 0, 'COMPRA', 24),
(332, '4710887403516', '2019-06-22', 23, 0, 'COMPRA', 23),
(333, '7502270052541', '2019-06-22', 6, 0, 'COMPRA', 6),
(334, '23985957', '2019-06-22', 84, 0, 'COMPRA', 84),
(335, '7702111207387', '2019-06-22', 33, 0, 'Compra', 33),
(336, '4710609170313', '2019-06-22', 58, 0, 'COMPRA', 58),
(337, '7702111207394', '2019-06-22', 16, 0, 'Compra', 16),
(338, '7896292280328', '2019-06-22', 1, 0, 'COMPRA', 1),
(339, '7896292280335', '2019-06-22', 3, 0, 'COMPRA', 3),
(340, '7421000603931', '2019-06-22', 11, 0, 'Compra', 11),
(341, '7896292280359', '2019-06-22', 2, 0, 'COMPRA', 2),
(342, '7896292280397', '2019-06-22', 4, 0, 'COMPRA', 4),
(343, '7896292280311', '2019-06-22', 6, 0, 'COMPRA', 6),
(344, '7421000603825', '2019-06-22', 17, 0, 'Compra', 17),
(345, '7896292280380', '2019-06-22', 4, 0, 'COMPRA', 4),
(346, '7421000604464', '2019-06-22', 16, 0, 'Compra', 16),
(347, '7421000604471', '2019-06-22', 18, 0, 'Compra', 18),
(348, '4710887400133', '2019-06-22', 62, 0, 'COMPRA', 62),
(349, '7421000605119', '2019-06-22', 15, 0, 'Compra', 15),
(350, '4710887400140', '2019-06-22', 77, 0, 'COMPRA', 77),
(351, '4710887400157', '2019-06-22', 43, 0, 'COMPRA', 43),
(352, '7421000603832', '2019-06-22', 26, 0, 'Compra', 26),
(353, '4710887400164', '2019-06-22', 69, 0, 'COMPRA', 69),
(354, '4710887400171', '2019-06-22', 26, 0, 'COMPRA', 62),
(355, '7421000603795', '2019-06-22', 15, 0, 'Compra', 15),
(356, '7506129424763', '2019-06-22', 43, 0, 'COMPRA', 43),
(357, '7421000605379', '2019-06-22', 9, 0, 'Compra', 9),
(358, '4710887400195', '2019-06-22', 40, 0, 'COMPRA', 40),
(359, '7506129424862', '2019-06-22', 119, 0, 'COMPRA', 119),
(360, '7426500805571', '2019-06-22', 42, 0, 'Compra', 42),
(361, '4710887400201', '2019-06-22', 72, 0, 'COMPRA', 72),
(362, '4710887400218', '2019-06-22', 69, 0, 'COMPRA', 69),
(363, '4710887400225', '2019-06-22', 62, 0, 'COMPRA', 62),
(364, '4710887400232', '2019-06-22', 65, 0, 'COMPRA', 65),
(365, '4710887400232', '2019-06-22', 65, 0, 'COMPRA', 65),
(366, '7702111815001', '2019-06-22', 17, 0, 'Compra', 17),
(367, '4710887400249', '2019-06-22', 94, 0, 'COMPRA', 94),
(368, '7401007699007', '2019-06-22', 53, 0, 'COMPRA', 53),
(369, '7702111815018', '2019-06-22', 36, 0, 'Compra', 36),
(370, '7401007600386', '2019-06-22', 39, 0, 'COMPRA', 39),
(371, '7406102010573', '2019-06-22', 312, 0, 'COMPRA', 312),
(372, '7406102010610', '2019-06-22', 107, 0, 'COMPRA', 107),
(373, '7702111273009', '2019-06-22', 43, 0, 'Compra', 43),
(374, '4710887409327', '2019-06-22', 68, 0, 'COMPRA', 68),
(375, '7506129424824', '2019-06-22', 233, 0, 'COMPRA', 233),
(376, '4710887409334', '2019-06-22', 61, 0, 'COMPRA', 61),
(377, '4710887411290', '2019-06-22', 22, 0, 'COMPRA', 22),
(378, '7506129424886', '2019-06-22', 147, 0, 'COMPRA', 147),
(379, '4710887411306', '2019-06-22', 31, 0, 'COMPRA', 31),
(380, '7506129424800', '2019-06-22', 166, 0, 'COMPRA', 166),
(381, '4713294970916', '2019-06-22', 10, 0, 'COMPRA', 10),
(382, '7421000603658', '2019-06-22', 16, 0, 'Compra', 16),
(383, '7441005200218', '2019-06-22', 29, 0, 'COMPRA', 29),
(384, '7401007600010', '2019-06-22', 62, 0, 'COMPRA', 62),
(385, '7421000603924', '2019-06-22', 11, 0, 'Compra', 11),
(386, '7453015108941', '2019-06-22', 55, 0, 'COMPRA', 55),
(387, '7891360520481', '2019-06-22', 39, 0, 'COMPRA', 39),
(388, '7421000604426', '2019-06-22', 9, 0, 'Compra', 9),
(389, '7406102010603', '2019-06-22', 36, 0, 'Compra', 38),
(390, '4710609172379', '2019-06-22', 3, 0, 'COMPRA', 3),
(391, '7421000603788', '2019-06-22', 14, 0, 'Compra', 14),
(392, '4007817328934', '2019-06-22', 11, 0, 'COMPRA', 11),
(393, '7406102010528', '2019-06-22', 54, 0, 'Compra', 54),
(394, '7421000605355', '2019-06-22', 20, 0, 'Compra', 20),
(395, '7406102010566', '2019-06-22', 501, 0, 'Compra', 501),
(396, '7506129424787', '2019-06-22', 38, 0, 'Compra', 38),
(397, '7426500894155', '2019-06-22', 68, 0, 'Compra', 68),
(398, '7506129424848', '2019-06-22', 72, 0, 'Compra', 72),
(399, '7416500272299', '2019-06-24', 80, 0, 'COMPRA', 80),
(400, '7416500271230', '2019-06-24', 103, 0, 'COMPRA', 103),
(401, '7426500812340', '2019-06-24', 146, 0, 'COMPRA', 146),
(402, '7426500812739', '2019-06-24', 152, 0, 'COMPRA', 152),
(403, '7406102010610', '2019-06-24', 0, 1, 'Venta', 106),
(404, '7702111807488', '2019-06-24', 37, 0, 'Compra', 37),
(405, '7702111807464', '2019-06-24', 24, 0, 'Compra', 24),
(406, '7702111807495', '2019-06-24', 27, 0, 'Compra', 27),
(407, '7861098338702', '2019-06-24', 16, 0, 'COMPRA', 16),
(408, '7891253203828', '2019-06-24', 9, 0, 'COMPRA', 9),
(409, '7702111287204', '2019-06-24', 44, 0, 'COMPRA', 4),
(410, '7891253260876', '2019-06-24', 11, 0, 'COMPRA', 11),
(411, '7891253260906', '2019-06-24', 5, 0, 'COMPRA', 5),
(412, '7891253260845', '2019-06-24', 10, 0, 'COMPRA', 10),
(413, '7891253260814', '2019-06-24', 5, 0, 'COMPRA', 5),
(414, '7891253260319', '2019-06-24', 39, 0, 'COMPRA', 39),
(415, '7401007600942', '2019-06-24', 14, 0, 'COMPRA', 14),
(416, '7401007600959', '2019-06-24', 12, 0, 'COMPRA', 12),
(417, '7401007600966', '2019-06-24', 23, 0, 'COMPRA', 23),
(418, '7401007613256', '2019-06-24', 10, 0, 'COMPRA', 10),
(419, '7702111273030', '2019-06-24', 173, 0, 'COMPRA', 173),
(420, '7401007630529', '2019-06-24', 6, 0, 'COMPRA', 6),
(421, '7401007630185', '2019-06-24', 10, 0, 'COMPRA', 10),
(422, '7401007632066', '2019-06-24', 1, 0, 'COMPRA', 1),
(423, '7501091808856', '2019-06-24', 5, 0, 'Compra', 5),
(424, '696626137956', '2019-06-24', 8, 0, 'COMPRA', 8),
(425, '7501091808832', '2019-06-24', 4, 0, 'COMPRA', 4),
(426, '696626137949', '2019-06-24', 8, 0, 'COMPRA', 8),
(427, '7416500210130', '2019-06-24', 120, 0, 'COMPRA', 120),
(428, '696626138014', '2019-06-24', 14, 0, 'COMPRA', 14),
(429, '7416500210154', '2019-06-24', 132, 0, 'COMPRA', 132),
(430, '696626137963', '2019-06-24', 7, 0, 'COMPRA', 7),
(431, '696626138021', '2019-06-24', 7, 0, 'COMPRA', 7),
(432, '696626138007', '2019-06-24', 1, 0, 'COMPRA', 1),
(433, '4717480703739', '2019-06-24', 0, 20, 'Venta', 16),
(434, '696626137994', '2019-06-24', 2, 0, 'COMPRA', 2),
(435, '7426500805601', '2019-06-24', 85, 0, 'COMPRA', 85),
(436, '696626172568', '2019-06-24', 1, 0, 'COMPRA', 1),
(437, '0000260850032', '2019-06-24', 36, 0, 'COMPRA', 36),
(438, '7416500210994', '2019-06-24', 21, 0, 'COMPRA', 21),
(439, '7416500272312', '2019-06-24', 39, 0, 'COMPRA', 39),
(440, '7426500805724', '2019-06-24', 54, 0, 'COMPRA', 54),
(441, '7401007600034', '2019-06-24', 40, 0, 'COMPRA', 40),
(442, '4710609400366', '2019-06-24', 17, 0, 'COMPRA', 17),
(443, '7416500211571', '2019-06-24', 11, 0, 'COMPRA', 11),
(444, '7506129432324', '2019-06-24', 52, 0, 'COMPRA', 52),
(445, '7506129428099', '2019-06-24', 28, 0, 'COMPRA', 28),
(446, '7891253318348', '2019-06-24', 75, 0, 'COMPRA', 75),
(447, '7891253318362', '2019-06-24', 86, 0, 'COMPRA', 86),
(448, '4710609172577', '2019-06-24', 2, 0, 'COMPRA', 2),
(449, '7891253318355', '2019-06-24', 115, 0, 'COMPRA', 115),
(450, '7401007602366', '2019-06-24', 4, 0, 'COMPRA', 4),
(451, '7426500810636', '2019-06-24', 144, 0, 'COMPRA', 144),
(452, '071641733701', '2019-06-24', 4, 0, 'COMPRA', 4),
(453, '7426500822226', '2019-06-24', 116, 0, 'COMPRA', 116),
(454, '7416500200032', '2019-06-24', 78, 0, 'COMPRA', 78),
(455, '4710609403305', '2019-06-24', 5, 0, 'COMPRA', 5),
(456, '7702111210288', '2019-06-24', 1, 0, 'COMPRA', 1),
(457, '7421000605331', '2019-06-24', 60, 0, 'COMPRA', 60),
(458, '7421000605348', '2019-06-24', 69, 0, 'COMPRA', 69),
(459, '7421000604570', '2019-06-24', 78, 0, 'COMPRA', 78),
(460, '7401007601840', '2019-06-24', 27, 0, 'COMPRA', 27),
(461, '7421000604600', '2019-06-24', 79, 0, 'COMPRA', 79),
(462, '7503002926093', '2019-06-24', 56, 0, 'COMPRA', 56),
(463, '7416500272275', '2019-06-24', 140, 0, 'COMPRA', 140),
(464, '7426500822233', '2019-06-24', 137, 0, 'COMPRA', 137),
(465, '7426500812715', '2019-06-24', 187, 0, 'COMPRA', 187),
(466, '7426500845027', '2019-06-24', 72, 0, 'COMPRA', 72),
(467, '071641830783', '2019-06-24', 16, 0, 'COMPRA', 16),
(468, '7426500800125', '2019-06-24', 46, 0, 'COMPRA', 46),
(469, '7109697453045', '2019-06-24', 19, 0, 'COMPRA', 19),
(470, '7450008118017', '2019-06-24', 3, 0, 'Compra', 3),
(471, '6930208358082', '2019-06-24', 1, 0, 'COMPRA', 1),
(472, '7450008117980', '2019-06-24', 6, 0, 'Compra', 6),
(473, '7450008117997', '2019-06-24', 4, 0, 'COMPRA', 4),
(474, '7702111333659', '2019-06-24', 23, 0, 'COMPRA', 23),
(475, '7702111331402', '2019-06-24', 21, 0, 'COMPRA', 21),
(476, '59550570', '2019-06-24', 3, 0, 'COMPRA', 3),
(477, '42768807', '2019-06-24', 4, 0, 'Compra', 4),
(478, '7445074000359', '2019-06-24', 6, 0, 'COMPRA', 6),
(479, '7861098338856', '2019-06-24', 17, 0, 'COMPRA', 17),
(480, '7401007603172', '2019-06-24', 26, 0, 'COMPRA', 26),
(481, '4714219419008', '2019-06-24', 5, 0, 'Compra', 5),
(482, '7861098338771', '2019-06-24', 12, 0, 'COMPRA', 12),
(483, '4710887409617', '2019-06-24', 11, 0, 'COMPRA', 11),
(484, '19658773', '2019-06-24', 8, 0, 'Compra', 8),
(485, '4710887409648', '2019-06-24', 6, 0, 'COMPRA', 6),
(486, '7861098338818', '2019-06-24', 3, 0, 'COMPRA', 3),
(487, '7861098338832', '2019-06-24', 13, 0, 'COMPRA', 13),
(488, '7426500812319', '2019-06-24', 156, 0, 'COMPRA', 156),
(489, '7426500812333', '2019-06-24', 101, 0, 'COMPRA', 101),
(490, '7416500272312', '2019-06-24', 42, 0, 'COMPRA', 42),
(491, '7416500226421', '2019-06-24', 44, 0, 'COMPRA', 44),
(492, '4957812018401', '2019-06-24', 24, 0, 'COMPRA', 24),
(493, '079767101640', '2019-06-24', 3, 0, 'Compra', 3),
(494, '7416500272305', '2019-06-24', 45, 0, 'COMPRA', 45),
(495, '4712759212103', '2019-06-24', 15, 0, 'COMPRA', 15),
(496, '4712759212073', '2019-06-24', 1, 0, 'COMPRA', 1),
(497, '4712759211601', '2019-06-24', 24, 0, 'COMPRA', 24),
(498, '4712759211632', '2019-06-24', 2, 0, 'COMPRA', 2),
(499, '4712759211656', '2019-06-24', 52, 0, 'COMPRA', 52),
(500, '788053005318', '2019-06-24', 33, 0, 'COMPRA', 33),
(501, '4710887405510', '2019-06-24', 39, 0, 'COMPRA', 39),
(502, '4710887408054', '2019-06-24', 5, 0, 'COMPRA', 5),
(503, '4712759211670', '2019-06-24', 49, 0, 'COMPRA', 49),
(504, '6928242086818', '2019-06-24', 178, 0, 'Compra', 178),
(505, '4712759211649', '2019-06-24', 73, 0, 'COMPRA', 73),
(506, '4712759211700', '2019-06-24', 9, 0, 'COMPRA', 9),
(507, '4712759211694', '2019-06-24', 13, 0, 'COMPRA', 13),
(508, '4710887402595', '2019-06-24', 15, 0, 'Compra', 15),
(509, '4712759214220', '2019-06-24', 10, 0, 'COMPRA', 10),
(510, '7503003096412', '2019-06-24', 47, 0, 'Compra', 47),
(511, '4712759213575', '2019-06-24', 13, 0, 'COMPRA', 13),
(512, '4712759213568', '2019-06-24', 23, 0, 'COMPRA', 23),
(513, '051141933535', '2019-06-24', 31, 0, 'Compra', 31),
(514, '4710887411184', '2019-06-24', 33, 0, 'Compra', 33),
(515, '072782058685', '2019-06-24', 68, 0, '072782058685', 68),
(516, '37488703', '2019-06-24', 121, 0, 'COMPRA', 121),
(517, '62090445', '2019-06-24', 126, 0, 'COMPRA', 126),
(518, '4710887419784', '2019-06-24', 18, 0, 'Compra', 18),
(519, '3154141204210', '2019-06-24', 11, 0, 'Compra', 11),
(520, '7401133302352', '2019-06-24', 2, 0, 'Compra', 2),
(521, '4717480705719', '2019-06-24', 34, 0, 'Compra', 34),
(522, '6902008052309', '2019-06-24', 3, 0, 'Compra', 3),
(523, 'MX-5500', '2019-06-24', 1, 0, 'Compra', 1),
(524, '7406027038928', '2019-06-24', 9, 0, 'Compra', 9),
(525, '7501214950066', '2019-06-24', 47, 0, 'Compra', 47),
(526, '1001', '2019-06-24', 12, 0, 'Compra', 12),
(527, '1002', '2019-06-24', 8, 0, 'Compra', 8),
(528, '7501214950035', '2019-06-24', 3, 0, 'Compra', 3),
(529, '1005', '2019-06-24', 10, 0, 'Compra', 10),
(530, '7501214950042', '2019-06-24', 2, 0, 'Compra', 2),
(531, '2016072301677', '2019-06-24', 2, 0, 'Compra', 2),
(532, '7501214902539', '2019-06-24', 1, 0, 'Compra', 1),
(533, '7401007609303', '2019-06-24', 1, 0, 'Compra', 1),
(534, '6933315277680', '2019-06-24', 7, 0, 'Compra', 7),
(535, '6933312714706', '2019-06-24', 1, 0, 'Compra', 1),
(536, '7453015121759', '2019-06-24', 393, 0, 'Compra', 393),
(538, '6933315277666', '2019-06-24', 3, 0, 'Compra', 3),
(539, '1006', '2019-06-24', 5, 0, 'Compra', 5),
(540, '7453015121735', '2019-06-24', 543, 0, 'Compra', 543),
(541, '7502212174546', '2019-06-24', 65, 0, 'Compra', 65),
(542, '6900000010921', '2019-06-24', 12, 0, 'Compra', 12),
(543, '67277506', '2019-06-24', 4, 0, 'COMPRA', 4),
(544, '98891993', '2019-06-24', 2, 0, 'COMPRA', 2),
(545, '6900000019320', '2019-06-24', 6, 0, 'Compra', 6),
(546, '4717480690473', '2019-06-24', 9, 0, 'Compra', 9),
(547, '6900000020319', '2019-06-24', 2, 0, 'Compra', 2),
(548, '7406027044752', '2019-06-24', 8, 0, 'Compra', 8),
(549, '4710887400980', '2019-06-24', 9, 0, 'Compra', 9),
(550, '3221631095020', '2019-06-24', 6, 0, 'Compra', 6),
(551, '3221631095037', '2019-06-24', 5, 0, 'Compra', 5),
(552, '4712914143310', '2019-06-24', 2, 0, 'Compra', 2),
(553, '4712914143327', '2019-06-24', 9, 0, 'Compra', 9),
(554, '7450008459783', '2019-06-24', 1, 0, 'Compra', 1),
(555, '4712914157591', '2019-06-24', 14, 0, 'Compra', 14),
(557, '4717480702404', '2019-06-24', 2, 0, 'Compra', 2),
(558, '7453015101966', '2019-06-24', 2, 0, 'Compra', 2),
(559, '7453015124866', '2019-06-24', 11, 0, 'Compra', 11),
(560, '074711444019', '2019-06-24', 7, 0, 'Compra', 7),
(561, '3154140452018', '2019-06-24', 1, 0, 'Compra', 1),
(562, '4710887406487', '2019-06-24', 28, 0, 'Compra', 28),
(563, '4717480690510', '2019-06-24', 32, 0, 'Compra', 32),
(564, '3154145404005', '2019-06-24', 37, 0, 'Compra', 37),
(565, '4717480690541', '2019-06-24', 3, 0, 'Compra', 3),
(566, '4710850362017', '2019-06-24', 12, 0, 'Compra', 12),
(567, '4717480690558', '2019-06-24', 3, 0, 'Compra', 3),
(568, '5206313508027', '2019-06-24', 23, 0, 'Compra', 23),
(569, '7453015102499', '2019-06-24', 1, 0, 'Compra', 1),
(570, '19985541', '2019-06-24', 85, 0, 'Compra', 85),
(571, '7406027003049', '2019-06-24', 97, 0, 'Compra', 97),
(572, '7453015102543', '2019-06-24', 8, 0, 'Compra', 8),
(573, '4549526607219', '2019-06-24', 23, 0, 'Compra', 23),
(574, '7453015102499', '2019-06-24', 1, 0, 'Compra', 1),
(575, '7401007633278', '2019-06-24', 8, 0, 'Compra', 8),
(576, '4971850032137', '2019-06-24', 13, 0, 'Compra', 13),
(577, '4971850176039', '2019-06-24', 1, 0, 'Compra', 1),
(578, '4549526602054', '2019-06-24', 5, 0, 'Compra', 5),
(579, '7406027003056', '2019-06-24', 42, 0, 'Compra', 42),
(580, '46964403', '2019-06-24', 25, 0, 'Compra', 25),
(581, '7406027003063', '2019-06-24', 61, 0, 'Compra', 61),
(582, '7313468695002', '2019-06-24', 18, 0, 'Compra', 18),
(583, '7453078532899', '2019-06-24', 2, 0, 'Compra', 2),
(584, '7313466823001', '2019-06-24', 14, 0, 'Compra', 14),
(585, '8802946879045', '2019-06-24', 3, 0, 'Compra', 3),
(586, '7406027026901', '2019-06-24', 17, 0, 'Compra', 17),
(587, '7453015100631', '2019-06-24', 30, 0, 'Compra', 30),
(588, '8802946987993', '2019-06-24', 18, 0, 'Compra', 18),
(589, '4712302210976', '2019-06-24', 2, 0, 'Compra', 2),
(590, '8802946987979', '2019-06-24', 14, 0, 'Compra', 14),
(591, '030402223912', '2019-06-24', 1, 0, 'Compra', 1),
(592, '8802946879083', '2019-06-24', 1, 0, 'Compra', 1),
(593, '6900000010921', '2019-06-24', 0, 1, 'Venta', 11),
(594, '4042448194664', '2019-06-24', 3, 0, 'Compra', 3),
(595, '4712477110712', '2019-06-24', 2, 0, 'Compra', 2),
(596, '4042448311122', '2019-06-24', 3, 0, 'Compra', 3),
(597, '4712477110705', '2019-06-24', 1, 0, 'compra', 1),
(598, '41271483', '2019-06-24', 12, 0, 'Compra', 12),
(599, '740617128147', '2019-06-24', 4, 0, 'Compra', 4),
(600, '39342355', '2019-06-24', 9, 0, 'Compra', 9),
(601, '32468816', '2019-06-24', 11, 0, 'Compra', 11),
(602, '77607317', '2019-06-24', 7, 0, 'Compra', 7),
(603, '7450011019622', '2019-06-24', 2, 0, 'Compra', 2),
(604, '4712847091566', '2019-06-24', 3, 0, 'Compra', 3),
(605, 'AFILA10', '2019-06-24', 19, 0, 'Compra', 19),
(606, '4712477114826', '2019-06-24', 1, 0, 'Compra', 1),
(607, '4712477114864', '2019-06-24', 2, 0, 'Compra', 2),
(608, '7450011037060', '2019-06-24', 1, 0, 'Compra', 1),
(609, '740617211726', '2019-06-24', 1, 0, 'Compra', 1),
(610, '740617282290', '2019-06-24', 1, 0, 'Compra', 1),
(611, '7450011037046', '2019-06-24', 1, 0, 'Compra', 1),
(612, '740617274646', '2019-06-24', 1, 0, 'Compra', 1),
(613, '7450011037077', '2019-06-24', 1, 0, 'Compra', 1),
(614, '4712477117322', '2019-06-24', 1, 0, 'Compra', 1),
(615, '8802946506200', '2019-06-24', 2, 0, 'Compra', 2),
(616, '7453015109771', '2019-06-24', 14, 0, 'Compra', 14),
(617, '8802946506194', '2019-06-24', 5, 0, 'Compra', 5),
(618, '8802946506194', '2019-06-24', 77, 0, 'Compra', 77),
(619, '8802946506187', '2019-06-24', 80, 0, 'Compra', 80),
(620, '8802946506149', '2019-06-24', 85, 0, 'Compra', 85),
(621, '4005401511212', '2019-06-24', 132, 0, 'Compra', 132),
(622, '4005401511519', '2019-06-24', 122, 0, 'Compra', 122),
(623, '4902505322723', '2019-06-24', 57, 0, 'Compra', 129),
(624, '4902505322716', '2019-06-24', 82, 0, 'Compra', 82),
(625, '4902505322709', '2019-06-24', 10, 0, 'Compra', 10),
(626, '4902505322709', '2019-06-24', 82, 0, 'Compra', 82),
(627, '4902505375149', '2019-06-24', 10, 0, 'Compra', 10),
(628, '051131912083', '2019-06-24', 37, 0, 'Compra', 37),
(629, '4902505375132', '2019-06-24', 28, 0, 'Compra', 28),
(630, '4902505375156', '2019-06-24', 19, 0, 'Compra', 19),
(631, '4902505375125', '2019-06-24', 19, 0, 'Compra', 19),
(633, '4902505375163', '2019-06-24', 22, 0, 'Compra', 22),
(634, '7501199472485', '2019-06-24', 49, 0, 'Compra', 49),
(635, '5401178608749', '2019-06-24', 11, 0, 'Compra', 11),
(636, '071641300637', '2019-06-24', 43, 0, 'Compra', 43),
(637, '071641300521', '2019-06-24', 69, 0, 'Compra', 69),
(638, '071641300514', '0000-00-00', 128, 0, 'Compra', 128),
(639, '7502276747076', '2019-06-24', 54, 0, 'Compra', 54),
(640, '8854556000524', '2019-06-24', 80, 0, 'Compra', 106),
(641, '6931100503143', '2019-06-24', 13, 0, 'Compra', 13),
(642, '58113271', '2019-06-24', 3, 0, 'Compra', 3),
(643, '18249057', '2019-06-24', 33, 0, 'Comrpa', 33),
(644, '4005401190073', '2019-06-24', 2, 0, 'Compra', 2),
(645, '7503002942284', '2019-06-24', 24, 0, 'Compra', 24),
(646, '4005401190134', '2019-06-24', 1, 0, 'Compra', 37),
(647, '4005401190035', '2019-06-24', 40, 0, 'Compra', 40),
(648, '15579591', '2019-06-24', 3, 0, 'Compra', 3),
(649, '52650185', '2019-06-24', 69, 0, 'Compra', 69),
(650, '4005401190011', '2019-06-24', 20, 0, 'Compra', 32),
(651, '4005401190004', '2019-06-24', 1, 0, 'Compra', 1),
(652, '35195092', '2019-06-24', 94, 0, 'Compra', 94),
(653, '4005401190059', '2019-06-24', 2, 0, 'Compra', 2),
(654, '4005401190141', '2019-06-24', 1, 0, 'Compra', 37),
(655, '26940908', '2019-06-24', 44, 0, 'Compra', 44),
(656, '7808718509586', '2019-06-24', 62, 0, 'Compra', 62),
(657, '4005401190080', '2019-06-24', 1, 0, 'Compra', 12),
(658, '3086123275317', '2019-06-24', 106, 0, 'Compra', 106),
(659, '4005401190110', '2019-06-24', 1, 0, 'Compra', 19),
(660, '70523317', '2019-06-24', 60, 0, 'Compra', 60),
(661, '4005401190165', '2019-06-24', 2, 0, 'Compra', 2),
(662, '76675409', '2019-06-24', 3, 0, 'Compra', 3),
(663, '4005401858003', '2019-06-24', 6, 0, 'Compra', 6),
(664, '4901681448470', '2019-06-24', 73, 0, 'Compra', 73),
(665, '4901681448432', '2019-06-24', 101, 0, 'Compra', 101),
(666, '4901681448487', '2019-06-24', 95, 0, 'Compra', 95),
(667, '4901681448425', '2019-06-24', 55, 0, 'Compra', 55),
(668, '8003511320454', '2019-06-24', 15, 0, 'Compra', 27),
(669, '75006679', '2019-06-24', 59, 0, 'Compra', 59),
(670, '96366653', '2019-06-24', 66, 0, 'Compra', 66),
(671, '8003511310455', '2019-06-24', 26, 0, 'Compra', 26),
(672, '4004764921423', '2019-06-24', 9, 0, 'Compra', 9),
(673, '4710609877007', '2019-06-24', 81, 0, 'Compra', 81),
(674, '4004764921386', '2019-06-24', 26, 0, 'Compra', 26),
(675, '4710609876857', '2019-06-24', 55, 0, 'Compra', 55),
(676, ' 27498439', '2019-06-24', 9, 0, 'Compra', 9),
(677, '4710609876864', '2019-06-24', 64, 0, 'Compra', 64),
(678, '5401170414331', '2019-06-24', 23, 0, 'Compra', 23),
(679, ' 54500297', '2019-06-24', 11, 0, 'Compra', 11),
(680, '8690187352430', '2019-06-24', 4, 0, 'Compra', 4),
(681, '5401170414317', '2019-06-24', 19, 0, 'Compra', 259),
(682, '8411956077060', '2019-06-24', 6, 0, '', 6),
(683, '37772123', '2019-06-24', 12, 0, 'Compra', 12),
(684, '4901681136971', '2019-06-24', 1, 0, 'Compra', 1),
(685, '94489170', '2019-06-24', 41, 0, 'Compra', 245),
(686, '4901681144181', '2019-06-24', 68, 0, 'Compra', 68),
(687, '37911126', '2019-06-24', 6, 0, 'Compra', 6),
(688, '4901681133536', '2019-06-24', 93, 0, 'Compra', 93),
(689, '4902505130205', '2019-06-24', 40, 0, 'Compra', 40),
(690, '4901681136964', '2019-06-24', 50, 0, 'Compra', 50),
(691, '4902505130243', '2019-06-24', 51, 0, 'Compra', 51),
(692, '4901681134120', '2019-06-24', 6, 0, 'Compra', 6),
(693, '4901681241712', '2019-06-24', 1, 0, 'Compra', 1),
(694, '7453015122022', '2019-06-24', 7, 0, 'Compra', 7),
(695, '30084001', '2019-06-24', 16, 0, 'Compra', 16),
(696, '7501015213445', '2019-06-24', 7, 0, 'Compra', 7),
(697, '23019119', '2019-06-24', 6, 0, 'Compra', 6),
(698, '7501015213421', '2019-06-24', 1, 0, 'Compra', 1),
(699, '4902505084584', '2019-06-24', 60, 0, 'Compra', 60),
(700, '4902505084591', '2019-06-24', 46, 0, 'Compra', 46),
(701, '4902505084577', '2019-06-24', 54, 0, 'Compra', 318),
(702, '4902505084560', '2019-06-24', 58, 0, 'Compra', 58),
(703, '4902505134647', '2019-06-24', 4, 0, 'Compra', 4),
(704, '4902505134630', '2019-06-24', 10, 0, 'Compra', 10),
(705, '4005401511991', '2019-06-24', 86, 0, 'Compra', 86),
(706, '21668616', '2019-06-24', 322, 0, 'Compra', 322),
(707, '7450011129437', '2019-06-24', 20, 0, 'Compra', 20),
(708, '69599613', '2019-06-24', 37, 0, '', 37),
(709, '7754111562027', '2019-06-24', 40, 0, 'Compra', 808),
(710, '77237606', '2019-06-24', 52, 0, 'Compra', 52),
(711, '7754111562034', '2019-06-24', 47, 0, 'Compra', 167),
(712, '94181470', '2019-06-24', 48, 0, 'Compra', 158),
(713, '7754111562010', '2019-06-24', 42, 0, 'Compra', 42),
(714, '95594521', '2019-06-24', 39, 0, 'Compra', 39),
(715, '92775572', '2019-06-24', 7, 0, 'Compra', 7),
(716, '90193637', '2019-06-24', 61, 0, 'Compra', 61),
(717, '8003511310769', '2019-06-24', 19, 0, 'Compra', 19),
(718, '41437636', '2019-06-24', 86, 0, 'Compra', 86),
(719, '4717480709779', '2019-06-24', 1, 0, 'Compra', 1),
(720, '4902505215346', '2019-06-24', 45, 0, 'Compra', 45),
(721, '7754111546515', '2019-06-24', 16, 0, 'Compra', 16),
(722, '4901681610624', '2019-06-24', 39, 0, 'Compra', 240),
(723, '4902505274718', '2019-06-24', 30, 0, 'Compra', 30),
(725, '4717480703432', '2019-06-24', 1, 0, 'Compra', 1),
(726, '4710887405374', '2019-06-24', 56, 0, 'Compra', 56),
(727, '63810257', '2019-06-24', 4, 0, 'Compra', 4),
(728, '64638577', '2019-06-24', 80, 0, 'Compra', 80),
(729, '4717480709762', '2019-06-24', 6, 0, 'Compra', 6),
(730, '4901681471713', '2019-06-24', 353, 0, 'Compra', 353),
(731, '4041485283003', '2019-06-24', 7, 0, 'Compra', 7),
(732, '3154144683104', '2019-06-24', 16, 0, 'Compra', 16),
(733, '31242479', '2019-06-24', 8, 0, 'Compra', 8),
(734, '54823181', '2019-06-24', 31, 0, 'Compra', 31),
(735, '7406027009591', '2019-06-25', 2, 0, 'Compra', 2),
(736, '7501428700778', '2019-06-25', 13, 0, 'Compra', 13),
(737, '7501434690100', '2019-06-25', 15, 0, 'Compra', 15),
(738, '7501434690148', '2019-06-25', 12, 0, 'Compra', 12),
(739, '7401121300100', '2019-06-25', 4, 0, 'Compra', 4),
(740, '4549292055191', '2019-06-25', 5, 0, 'Compra', 5),
(741, '801714144154', '2019-06-25', 5, 0, 'Compra', 5),
(742, '4960999990484', '2019-06-25', 5, 0, 'Compra', 5),
(743, '7891360472728', '2019-06-25', 91, 0, 'Compra', 19),
(744, '7453015121803', '2019-06-25', 27, 0, 'Compra', 27),
(745, '7445045022083', '2019-06-25', 2, 0, 'Compra', 2),
(746, '7891360472629', '2019-06-25', 56, 0, 'Compra', 56),
(747, '7445045027071', '2019-06-25', 2, 0, 'Compra', 2),
(748, '7445045027040', '2019-06-25', 2, 0, 'Compra', 2),
(749, '7445045023967', '2019-06-25', 4, 0, 'Compra', 4),
(750, '078787015814', '2019-06-25', 5, 0, 'Compra', 5),
(751, '65793787', '2019-06-25', 9, 0, 'Compra', 9),
(752, '7704875631019', '2019-06-25', 1, 0, 'Compra', 1),
(753, '7704875631026', '2019-06-25', 1, 0, 'Compra', 1),
(754, '7501434690407', '2019-06-25', 3, 0, 'Compra', 3),
(755, '7704875875956', '2019-06-25', 3, 0, 'Compra', 3),
(756, '7704875885955', '2019-06-25', 3, 0, 'Compra', 3),
(757, '7704875886815', '2019-06-25', 6, 0, 'Compra', 6),
(758, '7704875627661', '2019-06-25', 1, 0, 'Compra', 1),
(759, '7704875876496', '2019-06-25', 4, 0, 'Compra', 4),
(760, '7702111500266', '2019-06-25', 16, 0, 'Compra', 16),
(761, '7704875627777', '2019-06-25', 1, 0, 'Compra', 1),
(762, '7704875876717', '2019-06-25', 5, 0, 'Compra', 5),
(763, '4717480698974', '2019-06-25', 10, 0, 'Compra', 10),
(764, '7704875418177', '2019-06-25', 1, 0, 'Compra', 1),
(765, '4710887402748', '2019-06-25', 1, 0, 'Compra', 1),
(766, '7704875883388', '2019-06-25', 1, 0, 'Compra', 1),
(767, '4713294971999', '2019-06-25', 9, 0, 'Compra', 9),
(768, '7704875400493', '2019-06-25', 1, 0, 'Compra', 1),
(769, '7704875400509', '2019-06-25', 1, 0, 'Compra', 1),
(770, '80141808', '2019-06-25', 1, 0, 'Compra', 1),
(771, '7704838139514', '2019-06-25', 1, 0, 'Compra', 1),
(772, '7704875404378', '2019-06-25', 2, 0, 'Compra', 2),
(773, '7704875618836', '2019-06-25', 1, 0, 'Compra', 1),
(774, '7704875912682', '2019-06-25', 4, 0, 'Compra', 4),
(775, '7704838139521', '2019-06-25', 1, 0, 'Compra', 1),
(776, '7704875634195', '2019-06-25', 1, 0, 'Compra', 1),
(777, '7704875623069', '2019-06-25', 2, 0, 'Compra', 2),
(778, '7702111514393', '2019-06-25', 1, 0, 'Compra', 1),
(779, '7704838644292', '2019-06-25', 2, 0, 'Compra', 2),
(780, '7702111500068', '2019-06-25', 1, 0, 'Compra', 1),
(782, '7704875402879', '2019-06-25', 1, 0, 'Compra', 1),
(783, '7704875634218', '2019-06-25', 2, 0, 'Compra', 2),
(784, '758380001772', '2019-06-25', 2, 0, 'Compra', 2),
(785, '7408888833032', '2019-06-25', 1, 0, 'Compra', 1),
(786, '7408888835012', '2019-06-25', 1, 0, 'Compra', 1),
(787, '7408888835029', '2019-06-25', 1, 0, 'Compra', 1),
(788, '7408888836545', '2019-06-25', 2, 0, 'Compra', 2),
(789, 'wdrk7809449', '2019-06-25', 1, 0, 'Compra', 1),
(790, '7408888833025', '2019-06-25', 6, 0, 'Compra', 6),
(791, '7408888833018', '2019-06-25', 2, 0, 'Compra', 2),
(792, '7408888833049', '2019-06-25', 4, 0, 'Compra', 4),
(794, '48201490', '2019-06-25', 1, 0, 'Compra', 1),
(795, '7408888817735', '2019-06-25', 5, 0, 'Compra', 5),
(796, '7408888836521', '2019-06-25', 5, 0, 'Compra', 5),
(797, '885170083837', '2019-06-25', 1, 0, 'Compra', 1),
(798, '7704875894223', '2019-06-25', 2, 0, 'Compra', 2),
(799, '7704875620068', '2019-06-25', 1, 0, 'Compra', 1),
(800, '4712914141699', '2019-06-25', 3, 0, 'Compra', 3),
(802, '885170083851', '2019-06-25', 2, 0, 'Compra', 2),
(803, '4712914141736', '2019-06-25', 3, 0, 'Compra', 3),
(804, '4712914141712', '2019-06-25', 3, 0, 'Compra', 3),
(805, '7702111513983', '2019-06-25', 2, 0, 'Compra', 2),
(806, '758380002229', '2019-06-25', 1, 0, 'Compra', 1),
(807, '4954628014092', '2019-06-25', 1, 0, 'Compra', 1),
(808, '7702111470149', '2019-06-25', 2, 0, 'Compra', 2),
(809, '58906194', '2019-06-25', 1, 0, 'Compra', 1),
(810, '7704875628149', '2019-06-25', 1, 0, 'Compra', 1),
(811, '7704875628064', '2019-06-25', 1, 0, 'Compra', 1),
(812, '7704875628118', '2019-06-25', 2, 0, 'Compra', 2),
(813, '7704838848607', '2019-06-25', 1, 0, 'Compra', 1),
(814, '7704875628200', '2019-06-25', 4, 0, 'Compra', 4),
(815, '7704875628231', '2019-06-25', 6, 0, 'Compra', 6),
(816, '7704875628323', '2019-06-25', 3, 0, 'Compra', 3),
(817, '7704838823857', '2019-06-25', 1, 0, 'Compra', 1),
(818, '4894138316968', '2019-06-25', 1, 0, 'Compra', 1),
(819, '52947803', '2019-06-25', 1, 0, 'Compra', 1),
(820, '7704838823864', '2019-06-25', 1, 0, 'Compra', 1),
(821, '4894138322570', '2019-06-25', 1, 0, 'Compra', 1),
(822, '7704875875819', '2019-06-25', 1, 0, 'Compra', 1),
(823, '4894138318498', '2019-06-25', 1, 0, 'Compra', 1),
(824, '4894138318481', '2019-06-25', 1, 0, 'Compra', 1),
(825, '7704875639671', '2019-06-25', 1, 0, 'Compra', 1),
(826, '7704875431169', '2019-06-25', 2, 0, 'Compra', 2),
(827, '4894138321849', '2019-06-25', 1, 0, 'Compra', 1),
(828, '7704838814282', '2019-06-25', 1, 0, 'Compra', 1),
(830, '7704875639619', '2019-06-25', 2, 0, 'Compra', 2),
(831, '7704875630784', '2019-06-25', 3, 0, 'Compra', 3),
(832, '7704875197126', '2019-06-25', 1, 0, 'Compra', 1),
(833, '7704875412915', '2019-06-25', 1, 0, 'Compra', 1),
(834, '7704875196914', '2019-06-25', 3, 0, 'Compra', 3),
(835, '7704875876793', '2019-06-25', 1, 0, 'Compra', 1),
(836, '7704875412885', '2019-06-25', 2, 0, 'Compra', 2),
(837, '7704875630715', '2019-06-25', 2, 0, 'Compra', 2),
(838, '7704875876724', '2019-06-25', 1, 0, 'Compra', 1),
(839, '7704875630739', '2019-06-25', 1, 0, 'Compra', 1),
(840, '7704875886679', '2019-06-25', 1, 0, 'Compra', 1),
(841, '037988561988', '2019-06-25', 1, 0, 'Compra', 1),
(842, '885170083943', '2019-06-25', 1, 0, 'Compras', 1),
(843, '7704875640141', '2019-06-25', 1, 0, 'Compra', 1),
(844, '7704875889052', '2019-06-25', 1, 0, 'Compra', 1),
(845, '7704875763192', '2019-06-25', 1, 0, 'Compro', 1),
(846, '7704875888604', '2019-06-25', 2, 0, 'Compra', 2),
(847, '7704875677895', '2019-06-25', 2, 0, 'Compra', 2),
(848, '7704875637714', '2019-06-25', 2, 0, 'Compra', 2),
(849, '7704875894919', '2019-06-25', 1, 0, 'Compra', 1),
(850, '7704875678069', '2019-06-25', 1, 0, 'Compra', 1),
(851, '7704875879282', '2019-06-25', 2, 0, 'Compra', 2),
(852, '7704875879237', '2019-06-25', 2, 0, 'Compra', 2),
(853, '7704875638865', '2019-06-25', 1, 0, 'Compra', 1),
(854, '7704875879442', '2019-06-25', 1, 0, 'Compra', 1),
(855, '7704758082921', '2019-06-25', 1, 0, 'Compra', 1),
(856, '7704875880301', '2019-06-25', 1, 0, 'Compra', 1),
(857, '7704758056175', '2019-06-25', 2, 0, 'Compra', 2),
(858, '7704875879299', '2019-06-25', 1, 0, 'Compra', 1),
(859, '7704875883555', '2019-06-25', 1, 0, 'Compra', 1),
(860, '7704875860891', '2019-06-25', 1, 0, 'Compra', 1),
(861, '7704875632955', '2019-06-25', 1, 0, 'Compra', 1),
(862, '7704875879213', '2019-06-25', 2, 0, 'Compra', 2),
(863, '8414234640284', '2019-06-25', 1, 0, 'Compra', 1),
(864, '7704875880462', '2019-06-25', 2, 0, 'Compra', 2),
(865, '7704875883562', '2019-06-25', 1, 0, 'Compra', 1),
(866, '7704875892182', '2019-06-25', 1, 0, 'Compra', 1),
(867, '7704875879169', '2019-06-25', 2, 0, 'Compra', 2),
(868, '7704758056311', '2019-06-25', 1, 0, 'Compra', 1),
(869, '7704758056137', '2019-06-25', 1, 0, 'Compras', 1),
(870, '7704758084697', '2019-06-25', 1, 0, 'Compra', 1),
(871, '7704875879190', '2019-06-25', 2, 0, 'Compra', 2),
(872, '7704875880387', '2019-06-25', 2, 0, 'Compra', 2),
(873, '7704758082938', '2019-06-25', 1, 0, 'Compra', 1),
(874, '7704875894094', '2019-06-25', 1, 0, 'Compra', 1),
(877, '7704875883548', '2019-06-25', 1, 0, 'Compra', 1),
(878, '7704789354950', '2019-06-25', 1, 0, 'Compra', 1),
(879, '7704875894803', '2019-06-25', 1, 0, 'Compra', 1),
(880, '7704758085601', '2019-06-25', 1, 0, 'Compra', 1),
(881, '7704875880219', '2019-06-25', 1, 0, 'Compra', 1),
(882, '7704875880196', '2019-06-25', 1, 0, 'Compra', 1),
(883, '7704875860730', '2019-06-25', 1, 0, 'Compra', 1),
(884, '7704875879503', '2019-06-25', 1, 0, 'Compra', 1),
(885, '7704875877943', '2019-06-25', 1, 0, 'Compra', 1),
(886, '7704875879640', '2019-06-25', 1, 0, 'Compra', 1),
(887, '7704875879428', '2019-06-25', 1, 0, 'Compra', 1),
(888, '7704875622062', '2019-06-25', 2, 0, 'Compra', 2),
(889, '7704875640387', '2019-06-25', 1, 0, 'Compra', 1),
(890, '7704875640394', '2019-06-25', 1, 0, 'Compra', 1),
(891, '7704875620051', '2019-06-25', 1, 0, 'Compra', 1),
(893, '7704875633228', '2019-06-25', 1, 0, 'Compra', 1),
(894, '7704875892212', '2019-06-25', 1, 0, 'Compra', 1),
(895, '7704758084673', '2019-06-25', 1, 0, 'Compra ', 1),
(896, '7704875431282', '2019-06-25', 1, 0, 'Compra', 1),
(897, '7704758062732', '2019-06-25', 1, 0, 'Compra', 1),
(898, '74937271', '2019-06-25', 1, 0, 'Compra', 1),
(899, '7704758056168', '2019-06-25', 1, 0, 'Compra', 1),
(900, '7704875883531', '2019-06-25', 1, 0, 'Compra', 1),
(911, '7704758085571', '2019-06-25', 1, 0, 'Compra', 1),
(912, '758380001666', '2019-06-25', 4, 0, 'Compra', 4),
(913, '7401007660175', '2019-06-25', 20, 0, 'COMPRA', 20),
(914, '7702111469792', '2019-06-25', 1, 0, 'Compra', 1),
(915, '7401007660151', '2019-06-25', 15, 0, 'COMPRA', 15),
(916, '7704758062725', '2019-06-25', 1, 0, 'Compra', 1),
(917, '7406027007566', '2019-06-25', 8, 0, 'COMPRA', 8),
(918, '7704758056298', '2019-06-25', 1, 0, 'Compra', 1),
(919, '7704758056113', '2019-06-25', 1, 0, 'Compra ', 1),
(920, '7704758056304', '2019-06-25', 1, 0, 'Compra ', 1),
(921, '7501030682325', '2019-06-25', 12, 0, 'COMPRA', 12),
(922, '7501030682325', '2019-06-25', 12, 0, 'COMPRA', 12),
(923, '88364117', '2019-06-25', 1, 0, 'Compra', 1),
(924, '7702111470125', '2019-06-25', 1, 0, 'Compra', 1),
(925, '7501030682325', '2019-06-25', 12, 0, 'COMPRA', 12),
(926, '7704789513845', '2019-06-25', 1, 0, 'Compra', 1),
(927, '7703486037449', '2019-06-25', 70, 0, 'COMPRA', 70),
(928, '71149943', '2019-06-25', 1, 0, 'Compra ', 1),
(929, '5206313504418', '2019-06-25', 5, 0, 'COMPRA', 5),
(930, '5206313504432', '2019-06-25', 4, 0, 'COMPRA', 4),
(931, '7501449717380', '2019-06-25', 1, 0, 'COMPRA', 1),
(932, '7702111514355', '2019-06-25', 2, 0, 'Compra', 2),
(933, '7702111470927', '2019-06-25', 1, 0, 'Compra', 1),
(934, '5001', '2019-06-25', 165, 0, 'Compra', 165),
(935, '7702111500204', '2019-06-25', 1, 0, 'Compra', 1),
(936, '70029840', '2019-06-25', 2, 0, 'COMPAR', 2),
(937, '7704789946025', '2019-06-25', 1, 0, 'Compra ', 1),
(938, '5002', '2019-06-25', 11, 0, 'Compra', 11),
(939, '7704875762805', '2019-06-25', 1, 0, 'Compra ', 1),
(940, '758380001901', '2019-06-25', 2, 0, 'Compra', 2),
(941, '5206313514547', '2019-06-25', 1, 0, 'COMPAR', 1),
(942, '7406027009591', '2019-06-25', 2, 0, 'COMPAR', 2),
(943, '071641031968', '2019-06-25', 11, 0, 'COMPAR', 11),
(944, '7704875527800', '2019-06-25', 1, 0, 'Compra ', 1),
(945, '7501449715003', '2019-06-25', 30, 0, 'COMPAR', 30),
(946, '7501449715010', '2019-06-25', 44, 0, 'COMPAR', 44),
(947, '7702111331327', '2019-06-25', 50, 0, 'COMPAR', 50),
(948, '7704875636076', '2019-06-25', 1, 0, 'Compra ', 1),
(949, '7501428700778', '2019-06-25', 9, 0, 'COMPAR', 9),
(950, '7401121300100', '2019-06-25', 4, 0, 'COMPAR', 4),
(951, '7704758025829', '2019-06-25', 1, 0, 'Compra', 1),
(952, '7891360472728', '2019-06-25', 187, 0, 'COMPAR', 187),
(953, '5004', '2019-06-25', 16, 0, 'Compra', 16),
(954, '848931096835', '2019-06-25', 1, 0, 'Compra', 1),
(955, '7891360472629', '2019-06-25', 620, 0, 'COMPAR', 620),
(956, '7704875637738', '2019-06-25', 1, 0, 'Compra ', 1),
(957, '5005', '2019-06-25', 24, 0, 'Compra', 24),
(958, '6938711107623', '2019-06-25', 2, 0, 'Compra', 2),
(959, '7704838758760', '2019-06-25', 1, 0, 'Compra ', 1),
(960, '7704758024914', '2019-06-25', 2, 0, 'Compra ', 2),
(961, '6932717101609', '2019-06-25', 1, 0, 'Compra', 1),
(962, '5006', '2019-06-25', 70, 0, 'Compra', 70),
(963, '813237029900', '2019-06-25', 1, 0, 'Compra', 1),
(964, '6932717101616', '2019-06-25', 2, 0, 'Compra', 2),
(965, '6932717101593', '2019-06-25', 1, 0, 'Compra', 1),
(966, '5007', '2019-06-25', 77, 0, 'Compra', 77),
(967, '5008', '2019-06-25', 11, 0, 'Compra', 11),
(968, '7704875640240', '2019-06-25', 1, 0, 'Compra ', 1),
(969, '6932717101685', '2019-06-25', 1, 0, 'Compra', 1),
(970, '5009', '2019-06-25', 22, 0, 'Compra', 22),
(971, '070330189140', '2019-06-25', 176, 0, 'COMPAR', 176),
(972, '201700499228', '2019-06-25', 1, 0, 'Compra', 1),
(973, '7704875620402', '2019-06-25', 1, 0, 'Compra', 1),
(974, '6932717101692', '2019-06-25', 2, 0, 'Compra', 2),
(975, '5010', '2019-06-25', 18, 0, 'Compra', 18),
(976, '6932717101708', '2019-06-25', 1, 0, 'Compra', 1),
(977, '070330179172', '2019-06-25', 138, 0, 'COMPAR', 138),
(978, '848931009545', '2019-06-25', 1, 0, 'Compra', 1),
(979, '705', '2019-06-25', 1, 0, 'Compra ', 1),
(980, '070330189119', '2019-06-25', 143, 0, 'COMPAR', 143),
(981, '7704875895336', '2019-06-25', 1, 0, 'Compra ', 1),
(982, '4710581387525', '2019-06-25', 2, 0, 'Compra', 2),
(983, '070330194083', '2019-06-25', 161, 0, 'COMPAR', 161),
(984, '5011', '2019-06-25', 25, 0, 'Compra', 25),
(985, '7704875894216', '2019-06-25', 1, 0, 'Compra ', 1),
(986, '7704875635314', '2019-06-25', 1, 0, 'Compra ', 1),
(987, '7453015113563', '2019-06-25', 5, 0, 'Compra', 5),
(988, '039915359354', '2019-06-25', 1, 0, 'Compra', 1),
(989, '070330189126', '2019-06-25', 33, 0, 'COMPAR', 33),
(990, '7704875636151', '2019-06-25', 1, 0, 'Compra ', 1),
(991, '070330179165', '2019-06-25', 140, 0, 'COMPAR', 140),
(992, '818980017587', '2019-06-25', 2, 0, 'Compra', 2),
(993, '4041485123415', '2019-06-25', 2, 0, 'Compra', 2),
(994, '39676757', '2019-06-25', 45, 0, 'COMPRA', 46),
(995, '7704875891369', '2019-06-25', 1, 0, 'Compra ', 1),
(996, '7701712103791', '2019-06-25', 1, 0, 'Compra', 1),
(997, '7453015115338', '2019-06-25', 9, 0, 'Compra', 9),
(998, '4710887400942', '2019-06-25', 53, 0, 'COMPRA', 53),
(999, '7501214921028', '2019-06-25', 2, 0, 'COMPRA', 2),
(1000, '5012', '2019-06-25', 7, 0, 'Compra', 7),
(1001, '32564891', '2019-06-25', 44, 0, 'COMPRA', 44),
(1002, '7701712101711', '2019-06-25', 1, 0, 'Compra', 1),
(1003, '4711678072683', '2019-06-25', 92, 0, 'COMPRA', 92),
(1004, '7701712103555', '2019-06-25', 1, 0, 'Compra', 1),
(1005, '7453015138696', '2019-06-25', 25, 0, 'Compra', 25),
(1006, '4711678072720', '2019-06-25', 49, 0, 'COMPRA', 49),
(1007, '848931009521', '2019-06-25', 1, 0, 'Compra', 1),
(1008, '6932717101531', '2019-06-25', 2, 0, 'Compras', 2),
(1009, '5014', '2019-06-25', 19, 0, 'compra', 19),
(1010, '4714219400778', '2019-06-25', 14, 0, 'COMPRA', 14),
(1011, '848931009514', '2019-06-25', 1, 0, 'Compra', 1),
(1012, '818980011172', '2019-06-25', 2, 0, 'Compra', 2),
(1013, '4714219430300', '2019-06-25', 3, 0, 'COMPRA', 3),
(1014, '4714219400990', '2019-06-25', 3, 0, 'COMPRA', 3),
(1015, '6932717101319', '2019-06-25', 3, 0, 'Compra', 3),
(1016, '5015', '2019-06-25', 157, 0, 'compra', 157),
(1017, '89591536', '2019-06-25', 87, 0, 'COMPRA', 87),
(1018, '606982085198', '2019-06-25', 1, 0, 'Compra', 1),
(1019, '5016', '2019-06-25', 64, 0, 'compra', 64),
(1020, '34339602', '2019-06-25', 350, 0, 'COMPRA', 350),
(1021, '848931061086', '2019-06-25', 1, 0, 'Compra', 1),
(1022, '6932717101333', '2019-06-25', 2, 0, 'Compra', 2),
(1023, '50221356', '2019-06-25', 142, 0, 'COMPRA', 142),
(1024, '7453015108620', '2019-06-25', 9, 0, 'Compras ', 9),
(1025, '27515150', '2019-06-25', 8, 0, 'COMPRA', 8),
(1026, '731015240456', '2019-06-25', 2, 0, 'Compra', 2),
(1027, '6932717101340', '2019-06-25', 2, 0, 'Compras', 2),
(1029, '7453015106664', '2019-06-25', 3, 0, 'Compra ', 3),
(1030, '7701712013038', '2019-06-25', 1, 0, 'Compra', 1),
(1031, '3700601413687', '2019-06-25', 3, 0, 'COMPRA', 3),
(1032, '7453015110494', '2019-06-25', 2, 0, 'Compra ', 2),
(1033, '731015240043', '2019-06-25', 1, 0, 'Compra', 1),
(1034, '6932717101326', '2019-06-25', 3, 0, 'Compra', 3),
(1035, '5017', '2019-06-25', 420, 0, 'compra', 420),
(1036, '6933796880041', '2019-06-25', 1, 0, 'Compra', 1),
(1037, '4710581356446', '2019-06-25', 4, 0, 'Compras ', 4),
(1038, '6933796880027', '2019-06-25', 1, 0, 'Compra', 1),
(1039, '3700601413748', '2019-06-25', 1, 0, 'COMPRA', 1),
(1040, '6932717101548', '2019-06-25', 1, 0, 'Compra', 1),
(1041, '4710581356453', '2019-06-25', 7, 0, 'Compra ', 7),
(1042, '6933796880027', '2019-06-25', 2, 0, 'Compra', 2),
(1043, '848931092431', '2019-06-25', 1, 0, 'Compra', 1),
(1044, '5018', '2019-06-25', 74, 0, 'compra', 74),
(1045, '848931094916', '2019-06-25', 2, 0, 'Compra', 2),
(1046, '5019', '2019-06-25', 88, 0, 'compra', 88),
(1047, '6932717101517', '2019-06-25', 1, 0, 'Compra', 1),
(1048, '851785102348', '2019-06-25', 1, 0, 'Compra', 1),
(1049, '5020', '2019-06-25', 74, 0, 'compra', 74),
(1050, '4710581356439', '2019-06-25', 1, 0, 'Compra ', 1),
(1051, '886144105937', '2019-06-25', 1, 0, 'Compra', 1),
(1052, '813237028798', '2019-06-25', 1, 0, 'Compra', 1),
(1053, '5021', '2019-06-25', 19, 0, 'compra', 19),
(1054, '798302010369', '2019-06-25', 1, 0, 'COMPRA', 1),
(1055, '7701712012154', '2019-06-25', 1, 0, 'Compra', 1),
(1056, '5022', '2019-06-25', 18, 0, 'compra', 18),
(1057, '7453015115260', '2019-06-25', 6, 0, 'Compra', 6),
(1058, '6932717100657', '2019-06-25', 1, 0, 'Compra', 1),
(1059, '5023', '2019-06-25', 15, 0, 'compra', 15),
(1060, '341180379402', '2019-06-25', 2, 0, 'Compra', 2),
(1061, '6932717100626', '2019-06-25', 1, 0, 'Compras ', 1),
(1062, '5024', '2019-06-25', 48, 0, 'compra', 48),
(1064, '5025', '2019-06-25', 42, 0, 'compra', 42),
(1065, '7701712012161', '2019-06-25', 1, 0, 'Compra', 1),
(1066, '798302180680', '2019-06-25', 6, 0, 'COMPRA', 6),
(1067, '5026', '2019-06-25', 8, 0, 'compra', 8),
(1068, '7702111361591', '2019-06-25', 34, 0, 'Compra ', 34),
(1069, '81603060', '2019-06-25', 2, 0, 'Compra', 2),
(1070, '30952645', '2019-06-25', 2, 0, 'COMPRA', 2),
(1071, '5027', '2019-06-25', 28, 0, 'compra', 28),
(1072, '76433795', '2019-06-25', 20, 0, 'Compra', 20),
(1073, '7702111361546', '2019-06-25', 7, 0, 'Compra ', 7),
(1074, '5028', '2019-06-25', 75, 0, 'compra', 75),
(1075, '7453015110609', '2019-06-25', 39, 0, 'Compra', 39),
(1076, '0521156006', '2019-06-25', 4, 0, 'COMPRA', 4),
(1077, '0521156006', '2019-06-25', 4, 0, 'COMPRA', 4),
(1078, '96023624', '2019-06-25', 3, 0, 'Compra', 3),
(1079, '7702111252011', '2019-06-25', 21, 0, 'Compra ', 21),
(1080, '7702111252011', '2019-06-25', 21, 0, 'Compra ', 21),
(1081, '4712302224829', '2019-06-25', 16, 0, 'COMPRA', 16),
(1082, '5029', '2019-06-25', 29, 0, 'compra', 29),
(1083, '848931009446', '2019-06-25', 2, 0, 'Compra', 2),
(1084, '7453015110593', '2019-06-25', 31, 0, 'Compra', 31),
(1085, '5030', '2019-06-25', 90, 0, 'compra', 90);
INSERT INTO `inventario` (`idInventario`, `idproducto`, `fecha`, `ingreso`, `egreso`, `tipoMovimiento`, `existencia`) VALUES
(1086, '4714219319612', '2019-06-25', 8, 0, 'COMPRA', 8),
(1087, '848931009545', '2019-06-25', 1, 0, 'Compra', 1),
(1088, '7702111361201', '2019-06-25', 12, 0, 'Compra', 12),
(1089, '091511400144', '2019-06-25', 7, 0, 'COMPRA', 7),
(1090, '5031', '2019-06-25', 107, 0, 'compra', 107),
(1091, '4014732200382', '2019-06-25', 6, 0, 'COMPRA', 6),
(1092, '7453015106787', '2019-06-25', 53, 0, 'Compra', 53),
(1093, '7702111361263', '2019-06-25', 9, 0, 'Compra ', 9),
(1094, '5032', '2019-06-25', 158, 0, 'compra', 158),
(1095, '4714219306063', '2019-06-25', 6, 0, 'COMPRA', 6),
(1096, '5033', '2019-06-25', 142, 0, 'compra', 142),
(1097, '4710887411153', '2019-06-25', 1, 0, 'COMPRA', 1),
(1098, '4714219305127', '2019-06-25', 20, 0, 'COMPRA', 20),
(1099, '5034', '2019-06-25', 145, 0, 'compra', 145),
(1100, '720', '2019-06-25', 30, 0, 'Compra', 30),
(1101, '4714219308005', '2019-06-25', 17, 0, 'COMPRA', 17),
(1102, '5035', '2019-06-25', 94, 0, 'compra', 97),
(1103, '721', '2019-06-25', 32, 0, 'Compra', 32),
(1104, '5036', '2019-06-25', 93, 0, 'compra', 93),
(1105, '8710341001308', '2019-06-25', 6, 0, 'Compra', 6),
(1106, '8710341001407', '2019-06-25', 7, 0, 'Compra', 7),
(1107, '5037', '2019-06-25', 146, 0, 'compra', 146),
(1108, '8710341001254', '2019-06-25', 6, 0, 'Compra', 6),
(1109, '7441046321507', '2019-06-25', 5, 0, 'Compra', 5),
(1110, '13154140630826', '2019-06-25', 0, 1, 'Venta', 755),
(1111, '7808718509586', '2019-06-25', 0, 1, 'Venta', 61),
(1112, '722', '2019-06-25', 40, 0, 'Compra', 40),
(1113, '5038', '2019-06-25', 115, 0, 'compra', 115),
(1114, '18432435', '2019-06-25', 1, 0, 'Compra', 1),
(1115, '7453015105209', '2019-06-25', 64, 0, 'COMPRA', 64),
(1116, '7702111361492', '2019-06-25', 14, 0, 'Compra', 14),
(1117, '48650557', '2019-06-25', 17, 0, 'COMPRA', 17),
(1118, '7453015112382', '2019-06-25', 19, 0, 'Compra', 19),
(1119, '5039', '2019-06-25', 129, 0, 'compra', 129),
(1120, '4710728125263', '2019-06-25', 6, 0, 'COMPRA', 6),
(1121, '5040', '2019-06-25', 105, 0, 'compra', 105),
(1122, '6001', '2019-06-25', 172, 0, 'Compra', 172),
(1123, '4710728125355', '2019-06-25', 2, 0, 'COMPRA', 2),
(1124, '5041', '2019-06-25', 142, 0, 'compra', 142),
(1125, '6002', '2019-06-25', 32, 0, 'Compra', 32),
(1126, '5042', '2019-06-25', 120, 0, 'compra', 120),
(1127, '6003', '2019-06-25', 112, 0, 'Compra', 112),
(1128, '7453015104851', '2019-06-25', 32, 0, 'Compra ', 32),
(1129, '5043', '2019-06-25', 63, 0, 'compra', 63),
(1130, '882224921084', '2019-06-25', 1, 0, 'COMPRA', 1),
(1131, '6004', '2019-06-25', 72, 0, 'Compra', 72),
(1132, '7501214918219', '2019-06-25', 30, 0, 'Compra', 30),
(1133, '7416500210130', '2019-06-25', 0, 1, 'Venta', 119),
(1134, '6931100503143', '2019-06-25', 0, 1, 'Venta', 12),
(1135, '6005', '2019-06-25', 41, 0, 'Compra', 41),
(1136, '6006', '2019-06-25', 14, 0, 'Compra', 14),
(1137, '4041485045632', '2019-06-25', 107, 0, 'Compra', 107),
(1138, '6949856100127', '2019-06-25', 3, 0, 'COMPRA', 3),
(1139, '6007', '2019-06-25', 22, 0, 'Compra', 22),
(1140, '6008', '2019-06-25', 10, 0, 'Compra', 10),
(1143, '091163251491', '2019-06-25', 2, 0, 'COMPRA', 2),
(1144, '6009', '2019-06-25', 15, 0, 'Compra', 15),
(1145, '4713621945723', '2019-06-25', 3, 0, 'COMPRA', 3),
(1146, '5044', '2019-06-25', 79, 0, 'compra', 79),
(1147, '6010', '2019-06-25', 121, 0, 'Compra', 121),
(1148, '90116759', '2019-06-25', 126, 0, 'Compra', 126),
(1149, '051131431898', '2019-06-25', 4, 0, 'COMPRA', 4),
(1150, '051141928326', '2019-06-25', 8, 0, 'COMPRA', 8),
(1151, '4977979', '2019-06-25', 27, 0, 'Compra', 27),
(1152, '7453015108996', '2019-06-25', 21, 0, 'Compra', 21),
(1153, '38528361', '2019-06-25', 2, 0, 'COMPRA', 2),
(1154, '5045', '2019-06-25', 134, 0, 'compra', 134),
(1155, '044476084034', '2019-06-25', 4, 0, 'COMPRA', 4),
(1156, '6011', '2019-06-25', 31, 0, 'Compra', 31),
(1157, '5046', '2019-06-25', 74, 0, 'compra', 74),
(1158, '5047', '2019-06-25', 151, 0, 'compra', 151),
(1159, '6012', '2019-06-25', 122, 0, 'Compra', 122),
(1160, '6932717102071', '2019-06-25', 6, 0, 'Compra', 6),
(1161, '47129147129141579284', '2019-06-25', 3, 0, 'Compra ', 3),
(1162, '4712914157973', '2019-06-25', 1, 0, 'Compra ', 1),
(1163, '5048', '2019-06-25', 305, 0, 'compra', 305),
(1164, '6013', '2019-06-25', 42, 0, 'Compra', 42),
(1165, '6932717102088', '2019-06-25', 2, 0, 'Compra', 2),
(1166, '5049', '2019-06-25', 194, 0, 'compra', 194),
(1167, '6014', '2019-06-25', 57, 0, 'Compra', 57),
(1168, '021200690938', '2019-06-25', 23, 0, 'COMPRA', 23),
(1169, '4001', '2019-06-25', 2, 0, 'Compra', 2),
(1171, '021200506710', '2019-06-25', 4, 0, 'COMPRA', 4),
(1172, '6015', '2019-06-25', 29, 0, 'Compra', 29),
(1173, '4712759213742', '2019-06-25', 12, 0, 'COMPRA', 12),
(1174, '6932717102064', '2019-06-25', 2, 0, 'Compra', 2),
(1175, '6016', '2019-06-25', 67, 0, 'Compra', 67),
(1176, '4712914147790', '2019-06-25', 3, 0, 'Compra', 3),
(1177, '4712759213780', '2019-06-25', 13, 0, 'COMPRA', 13),
(1178, '5050', '2019-06-25', 18, 0, 'compra', 18),
(1179, '7453015104813', '2019-06-25', 4, 0, 'Compra', 4),
(1180, '4712914148032', '2019-06-25', 5, 0, 'Compra', 5),
(1181, '6017', '2019-06-25', 171, 0, 'Compra', 171),
(1182, '051141902340', '2019-06-25', 22, 0, 'COMPRA', 22),
(1183, '7707269046673', '2019-06-25', 1, 0, 'Compra', 1),
(1184, '5051', '2019-06-25', 128, 0, 'compra', 128),
(1185, '051131962385', '2019-06-25', 8, 0, 'COMPRA', 8),
(1186, '5052', '2019-06-25', 82, 0, 'compra', 82),
(1187, '4712914147585', '2019-06-25', 5, 0, 'Compra', 5),
(1188, '7001', '2019-06-25', 1, 0, 'Compra', 1),
(1189, '4712914147554', '2019-06-25', 6, 0, 'Compra', 6),
(1190, '6018', '2019-06-25', 53, 0, 'Compra', 53),
(1191, '7002', '2019-06-25', 18, 0, 'Compra', 18),
(1192, '5053', '2019-06-25', 83, 0, 'Compra', 83),
(1193, '7003', '2019-06-25', 6, 0, 'Compra', 6),
(1195, '4712914147615', '2019-06-25', 2, 0, 'Compra', 2),
(1196, '5054', '2019-06-25', 133, 0, 'compra', 133),
(1197, '48272612', '2019-06-25', 5, 0, 'COMPRA', 5),
(1198, '4712914148155', '2019-06-26', 1, 0, 'Compra', 1),
(1199, '6019', '2019-06-26', 36, 0, 'Compra', 36),
(1200, '4712914148278', '2019-06-26', 2, 0, 'Compra', 2),
(1201, '6020', '2019-06-26', 60, 0, 'Compra', 60),
(1202, '7441118627803', '2019-06-26', 3, 0, 'Compra ', 3),
(1203, '7501091825129', '2019-06-26', 14, 0, 'Compra', 14),
(1204, '6021', '2019-06-26', 1, 0, 'Compra', 1),
(1205, '6022', '2019-06-26', 34, 0, 'Compra', 34),
(1206, '6023', '2019-06-26', 56, 0, 'Compra', 56),
(1207, '7501832656326', '2019-06-26', 1, 0, 'Compra ', 1),
(1208, '6024', '2019-06-26', 59, 0, 'Compra', 59),
(1209, '6025', '2019-06-26', 25, 0, 'Compra', 25),
(1210, '7501832690344', '2019-06-26', 1, 0, 'Compra ', 1),
(1211, '4549292034301', '2019-06-26', 2, 0, 'COMPRA', 2),
(1213, '6026', '2019-06-26', 36, 0, 'Compra', 36),
(1215, '4549292034295', '2019-06-26', 1, 0, 'COMPRA', 1),
(1216, '7501091899632', '2019-06-26', 1, 0, 'Compra', 1),
(1217, '7501555684620', '2019-06-26', 1, 0, 'Compra', 1),
(1218, '4960999974446', '2019-06-26', 2, 0, 'COMPRA', 2),
(1219, '6027', '2019-06-26', 36, 0, 'Compra', 36),
(1220, '4960999974408', '2019-06-26', 3, 0, 'COMPRA', 3),
(1221, '7004', '2019-06-26', 14, 0, 'Compra', 14),
(1222, '6028', '2019-06-26', 28, 0, 'Compra', 28),
(1223, '7005', '2019-06-26', 13, 0, 'Compra', 13),
(1224, '4200', '2019-06-26', 15, 0, 'Compra', 15),
(1225, '4960999973708', '2019-06-26', 2, 0, 'COMPRA', 2),
(1226, '4549292041842', '2019-06-26', 1, 0, 'COMPRA', 1),
(1227, '4201', '2019-06-26', 3, 0, 'Compra ', 3),
(1228, '7006', '2019-06-26', 24, 0, 'Compra', 24),
(1229, '6029', '2019-06-26', 41, 0, 'Compra', 41),
(1230, '4549292041866', '2019-06-26', 1, 0, 'COMPRA', 1),
(1231, '7007', '2019-06-26', 18, 0, 'Compra', 18),
(1232, '4203', '2019-06-26', 2, 0, 'Compra', 2),
(1233, '4549292041828', '2019-06-26', 1, 0, 'COMPRA', 1),
(1234, '7008', '2019-06-26', 13, 0, 'Compra', 13),
(1235, '6030', '2019-06-26', 75, 0, 'Compra', 75),
(1236, '6031', '2019-06-26', 48, 0, 'Compra', 48),
(1237, '7009', '2019-06-26', 2, 0, 'Compra', 2),
(1239, '010343885318', '2019-06-26', 1, 0, 'COMPRA', 1),
(1240, '7010', '2019-06-26', 17, 0, 'Compra', 17),
(1241, '010343885325', '2019-06-26', 1, 0, 'COMPRA', 1),
(1242, '7707189530986', '2019-06-26', 3, 0, 'Compra', 3),
(1243, '7011', '2019-06-26', 9, 0, 'Compra', 9),
(1244, '010343885301', '2019-06-26', 1, 0, 'COMPRA', 1),
(1245, '6032', '2019-06-26', 116, 0, 'Compra', 116),
(1246, '7012', '2019-06-26', 11, 0, 'Compra', 11),
(1247, '6033', '2019-06-26', 26, 0, 'Compra', 26),
(1248, '6034', '2019-06-26', 5, 0, 'Compra', 5),
(1249, '4204', '2019-06-26', 3, 0, 'Compra ', 3),
(1250, '4205', '2019-06-26', 5, 0, 'Compra ', 5),
(1251, '7013', '2019-06-26', 18, 0, 'Compra', 18),
(1252, '7014', '2019-06-26', 19, 0, 'Compra', 19),
(1253, '4206', '2019-06-26', 16, 0, 'Compra ', 16),
(1254, '4207', '2019-06-26', 14, 0, 'Compra', 14),
(1255, '7015', '2019-06-26', 21, 0, 'Compra', 21),
(1256, '6035', '2019-06-26', 2, 0, 'Compra', 2),
(1257, '6036', '2019-06-26', 2, 0, 'Compra', 2),
(1258, '4208', '2019-06-26', 22, 0, 'Compra', 22),
(1259, '42076254', '2019-06-26', 230, 0, 'COMPRA', 230),
(1260, '6037', '2019-06-26', 10, 0, 'Compra', 10),
(1261, '4042448312907', '2019-06-26', 29, 0, 'COMPRA', 29),
(1262, '6037', '2019-06-26', 10, 0, 'Compra', 10),
(1263, '7016', '2019-06-26', 1, 0, 'Compra', 1),
(1264, '4209', '2019-06-26', 15, 0, 'Compra', 15),
(1265, '4042448391186', '2019-06-26', 27, 0, 'COMPRA', 27),
(1266, '6038', '2019-06-26', 15, 0, 'Compra', 15),
(1267, '4210', '2019-06-26', 6, 0, 'Compra ', 6),
(1268, '4042448402615', '2019-06-26', 290, 0, 'COMPRA', 290),
(1269, '7017', '2019-06-26', 14, 0, 'Compra', 14),
(1270, '6039', '2019-06-26', 10, 0, 'Compra', 10),
(1271, '4211', '2019-06-26', 1, 0, 'Compra ', 1),
(1272, '7018', '2019-06-26', 8, 0, 'Compra', 8),
(1273, '4212', '2019-06-26', 8, 0, 'Compra', 8),
(1274, '4005401548218', '2019-06-26', 17, 0, 'COMPRA', 17),
(1275, '4005401548515', '2019-06-26', 78, 0, 'COMPRA', 78),
(1276, '4005401548157', '2019-06-26', 48, 0, 'COMPRA', 48),
(1277, '7019', '2019-06-26', 8, 0, 'Compra', 8),
(1278, '4005401548072', '2019-06-26', 15, 0, 'COMPRA', 15),
(1279, '4213', '2019-06-26', 2, 0, 'Compra', 2),
(1280, '4005401548638', '2019-06-26', 50, 0, 'COMPRA', 50),
(1281, '7020', '2019-06-26', 11, 0, 'Compra', 11),
(1282, '4214', '2019-06-26', 13, 0, 'Compra ', 13),
(1283, '5055', '2019-06-26', 111, 0, 'compra', 111),
(1284, '5056', '2019-06-26', 92, 0, 'compra', 92),
(1285, '7021', '2019-06-26', 7, 0, 'Compra', 7),
(1286, '4215', '2019-06-26', 22, 0, 'Compra ', 22),
(1287, '6040', '2019-06-26', 17, 0, 'Compra', 17),
(1288, '7022', '2019-06-26', 14, 0, 'Compra', 14),
(1289, '5057', '2019-06-26', 136, 0, 'compra', 136),
(1290, '4216', '2019-06-26', 21, 0, 'Compra ', 21),
(1291, '6041', '2019-06-26', 34, 0, 'Compra', 34),
(1292, '7023', '2019-06-26', 9, 0, 'Compra', 9),
(1293, '5058', '2019-06-26', 82, 0, 'compra', 82),
(1294, '29548293', '2019-06-26', 11, 0, 'COMPRA', 11),
(1295, '7024', '2019-06-26', 10, 0, 'Compra', 10),
(1296, '7453015133202', '2019-06-26', 1, 0, 'COMPRA', 1),
(1297, '7025 ', '2019-06-26', 17, 0, 'Compra', 17),
(1298, '5059', '2019-06-26', 122, 0, 'compra', 122),
(1299, '6042', '2019-06-26', 1, 0, 'Compra', 1),
(1300, '5060', '2019-06-26', 212, 0, 'compra', 212),
(1301, '2016072302124', '2019-06-26', 5, 0, 'COMPRA', 5),
(1302, '6043', '2019-06-26', 11, 0, 'Compra', 11),
(1303, '7026', '2019-06-26', 19, 0, 'Compra', 19),
(1304, '5061', '2019-06-26', 165, 0, 'compra', 165),
(1305, '7027', '2019-06-26', 10, 0, 'Compra', 10),
(1306, '7453015124378', '2019-06-26', 3, 0, 'COMPRA', 3),
(1307, '5062', '2019-06-26', 155, 0, 'compra', 155),
(1308, '6044', '2019-06-26', 7, 0, 'Compra', 7),
(1309, '7028', '2019-06-26', 15, 0, 'Compra', 15),
(1310, '47844216', '2019-06-26', 1, 0, 'COMPRA', 1),
(1311, '5063', '2019-06-26', 124, 0, 'compra', 124),
(1312, '6045', '2019-06-26', 7, 0, 'Compra', 7),
(1313, '7501091815182', '2019-06-26', 4, 0, 'Compra', 4),
(1314, '7029', '2019-06-26', 29, 0, 'Compra', 29),
(1315, '6048', '2019-06-26', 4, 0, 'Compra', 4),
(1316, '7030', '2019-06-26', 21, 0, 'Compra', 21),
(1317, '7031', '2019-06-26', 5, 0, 'Compra', 5),
(1318, '6049', '2019-06-26', 38, 0, 'Compra', 38),
(1319, '8001', '2019-06-26', 10, 0, 'compra', 10),
(1320, '6050', '2019-06-26', 12, 0, 'Compra', 12),
(1321, '8002', '2019-06-26', 8, 0, 'compra', 8),
(1322, '4300', '2019-06-26', 10, 0, 'Compra ', 10),
(1327, '8003', '2019-06-26', 9, 0, 'compra', 9),
(1328, '4301', '2019-06-26', 10, 0, 'Compra ', 10),
(1329, '7032', '2019-06-26', 2, 0, 'Compra', 2),
(1330, '6051', '2019-06-26', 16, 0, 'Compra', 16),
(1331, '8004', '2019-06-26', 8, 0, 'compra', 8),
(1332, '6052', '2019-06-26', 3, 0, 'Compra', 3),
(1333, '6053', '2019-06-26', 8, 0, 'Compra', 8),
(1334, '7033', '2019-06-26', 16, 0, 'Compra', 16),
(1335, '8005', '2019-06-26', 16, 0, 'compra', 16),
(1336, '6054', '2019-06-26', 20, 0, 'Compra', 20),
(1337, '4302', '2019-06-26', 9, 0, 'Compra ', 9),
(1338, '8006', '2019-06-26', 9, 0, 'compra', 9),
(1339, '6055', '2019-06-26', 19, 0, 'Compra', 19),
(1340, '7034', '2019-06-26', 10, 0, 'Compra', 10),
(1341, '4303', '2019-06-26', 10, 0, 'Compra', 10),
(1342, '8007', '2019-06-26', 8, 0, 'compra', 8),
(1343, '6056', '2019-06-26', 35, 0, 'Compra', 35),
(1344, '7035', '2019-06-26', 17, 0, 'Compra', 17),
(1345, '8008', '2019-06-26', 12, 0, 'compra', 12),
(1346, '7707189530122', '2019-06-26', 4, 0, 'Compra ', 4),
(1347, '7036', '2019-06-26', 15, 0, 'Compra', 15),
(1348, '6057', '2019-06-26', 108, 0, 'Compra', 108),
(1349, '7037', '2019-06-26', 18, 0, 'Compra', 18),
(1350, '71641300514', '2019-06-26', 0, 1, 'Venta', 7),
(1351, '5401178608749', '2019-06-26', 0, 1, 'Venta', 40),
(1352, '4304', '2019-06-26', 1, 0, 'Compra ', 1),
(1354, '4305', '2019-06-26', 1, 0, 'Compra ', 1),
(1355, '8009', '2019-06-26', 42, 0, 'compra', 42),
(1356, '4306', '2019-06-26', 1, 0, 'Compra ', 1),
(1357, '71641300514', '2019-06-26', 0, 1, 'Venta', 6),
(1358, '4307', '2019-06-26', 1, 0, 'Compra ', 1),
(1359, '4004764390564', '2019-06-26', 0, 1, 'Venta', 94),
(1360, '4308', '2019-06-26', 1, 0, 'Compra ', 1),
(1361, '6058', '2019-06-26', 10, 0, 'Compra', 10),
(1362, '6059', '2019-06-26', 19, 0, 'Compra', 19),
(1363, '4309', '2019-06-26', 1, 0, 'Compra ', 1),
(1364, '6060', '2019-06-26', 39, 0, 'Compra', 39),
(1365, '6061', '2019-06-26', 56, 0, 'Compra', 56),
(1366, '6062', '2019-06-26', 22, 0, 'Compra', 22),
(1367, '6063', '2019-06-26', 12, 0, 'Compra', 12),
(1368, '7038', '2019-06-26', 14, 0, 'Compra', 14),
(1369, '8010', '2019-06-26', 22, 0, 'compra', 22),
(1370, '6064', '2019-06-26', 20, 0, 'Compra', 20),
(1371, '7039', '2019-06-26', 17, 0, 'Compra', 17),
(1372, '4312', '2019-06-26', 96, 0, 'Compra ', 96),
(1373, '8011', '2019-06-26', 14, 0, 'compra', 14),
(1374, '6065', '2019-06-26', 11, 0, 'Compra', 11),
(1375, '8012', '2019-06-26', 27, 0, 'compra', 27),
(1376, '7040', '2019-06-26', 23, 0, 'Compra', 23),
(1377, '6066', '2019-06-26', 42, 0, 'Compra', 42),
(1378, '8013', '2019-06-26', 34, 0, 'compra', 34),
(1379, '6067', '2019-06-26', 42, 0, 'Compra', 42),
(1380, '7040', '2019-06-26', 20, 0, 'Compra', 20),
(1381, '8014', '2019-06-26', 20, 0, 'compra', 20),
(1382, '7041', '2019-06-26', 15, 0, 'Compra', 15),
(1383, '6068', '2019-06-26', 29, 0, 'Compra', 29),
(1384, '7042', '2019-06-26', 23, 0, 'Compra', 23),
(1385, '6069', '2019-06-26', 24, 0, 'Compra', 24),
(1387, '8015', '2019-06-26', 22, 0, 'compra', 22),
(1388, '7043', '2019-06-26', 20, 0, 'Compra', 20),
(1389, '8016', '2019-06-26', 25, 0, 'compra', 25),
(1390, '6070', '2019-06-26', 35, 0, 'Compra', 35),
(1391, '8017', '2019-06-26', 42, 0, 'compra', 42),
(1392, '6071', '2019-06-26', 15, 0, 'Compra', 15),
(1393, '4313', '2019-06-26', 43, 0, 'Compra', 43),
(1394, '7044', '2019-06-26', 18, 0, 'Compra', 18),
(1395, '6072', '2019-06-26', 121, 0, 'Compra', 121),
(1396, '4314', '2019-06-26', 2, 0, 'Compra ', 2),
(1397, '7045', '2019-06-26', 4, 0, 'Compra', 4),
(1398, '8018', '2019-06-26', 25, 0, 'compra', 25),
(1399, '4315', '2019-06-26', 34, 0, 'Compra ', 34),
(1400, '6073', '2019-06-26', 57, 0, 'Compra', 57),
(1402, '8019', '2019-06-26', 22, 0, 'compra', 22),
(1403, '4316', '2019-06-26', 9, 0, 'Compra ', 9),
(1404, '7046', '2019-06-26', 28, 0, 'Compra', 28),
(1405, '4317', '2019-06-26', 32, 0, 'Compra ', 32),
(1406, '8020', '2019-06-26', 7, 0, 'compra', 7),
(1407, '4318', '2019-06-26', 39, 0, 'Compra', 39),
(1408, '6074', '2019-06-26', 81, 0, 'Compra', 81),
(1409, '7047', '2019-06-26', 10, 0, 'Compra', 10),
(1410, '4320', '2019-06-26', 30, 0, 'Compra ', 30),
(1411, '7048', '2019-06-26', 10, 0, 'Compra', 10),
(1412, '4321', '2019-06-26', 33, 0, 'Compra ', 33),
(1413, '6075', '2019-06-26', 93, 0, 'Compra', 93),
(1414, '7049', '2019-06-26', 10, 0, 'Compra', 10),
(1415, '4322', '2019-06-26', 31, 0, 'Compra', 31),
(1416, '7050', '2019-06-26', 10, 0, 'Compra', 10),
(1417, '4323', '2019-06-26', 32, 0, 'Compra ', 32),
(1418, '6076', '2019-06-26', 55, 0, 'Compra', 55),
(1419, '6077', '2019-06-26', 12, 0, 'Compra', 12),
(1420, '7051', '2019-06-26', 13, 0, 'Compra', 13),
(1421, '6078', '2019-06-26', 72, 0, 'Compra', 72),
(1422, '7052', '2019-06-26', 10, 0, 'Compra', 10),
(1423, '8021', '2019-06-26', 55, 0, 'compra', 55),
(1424, '7053', '2019-06-26', 10, 0, 'Compra', 10),
(1425, '9001', '2019-06-26', 75, 0, 'Compra', 75),
(1426, '4324', '2019-06-26', 10, 0, 'Compra ', 10),
(1427, '9002', '2019-06-26', 47, 0, 'Compra', 47),
(1428, '9003', '2019-06-26', 47, 0, 'Compra', 47),
(1429, '8022', '2019-06-26', 31, 0, 'compra', 31),
(1430, '7054', '2019-06-26', 13, 0, 'Compra', 13),
(1431, '4325', '2019-06-26', 30, 0, 'Compras ', 30),
(1432, '9004', '2019-06-26', 202, 0, 'Compra', 202),
(1433, '9005', '2019-06-26', 49, 0, 'Compra', 49),
(1434, '8023', '2019-06-26', 42, 0, 'compra', 42),
(1435, '9006', '2019-06-26', 84, 0, 'Compra', 84),
(1436, '14000', '2019-06-26', 27, 0, 'COMPRA', 27),
(1437, '9007', '2019-06-26', 77, 0, 'Compra', 77),
(1438, '14001', '2019-06-26', 29, 0, 'COMPRA', 29),
(1439, '9008', '2019-06-26', 124, 0, 'Compra', 124),
(1440, '7055', '2019-06-26', 19, 0, 'Compra', 19),
(1441, '9009', '2019-06-26', 95, 0, 'Compra', 95),
(1442, '8024', '2019-06-26', 38, 0, 'compra', 38),
(1443, '9010', '2019-06-26', 77, 0, 'Compra', 77),
(1444, '14002', '2019-06-26', 47, 0, 'COMPRA', 47),
(1445, '7056', '2019-06-26', 16, 0, 'Compra', 16),
(1446, '8025', '2019-06-26', 16, 0, 'compra', 16),
(1448, '7453015104813', '2019-06-26', 0, 2, 'Venta', 2),
(1449, '4712302217692', '2019-06-26', 0, 1, 'Venta', 299),
(1450, '14003', '2019-06-26', 32, 0, 'COMPRA', 32),
(1468, '7057', '2019-06-26', 17, 0, 'Compra', 17),
(1469, '4326', '2019-06-26', 30, 0, 'Compra ', 30),
(1470, '7058', '2019-06-26', 9, 0, 'Compra', 9),
(1471, '9011', '2019-06-26', 227, 0, 'Compra', 227),
(1472, '7059', '2019-06-26', 19, 0, 'Control', 19),
(1473, '9012', '2019-06-26', 41, 0, 'Compra', 41),
(1474, '8026', '2019-06-26', 36, 0, 'compra', 36),
(1475, '9013', '2019-06-26', 300, 0, 'Compra', 300),
(1476, '9014', '2019-06-26', 19, 0, 'Compra', 19),
(1477, '8027', '2019-06-26', 34, 0, 'Compra', 34),
(1478, '9015', '2019-06-26', 113, 0, 'Compra', 113),
(1479, '8028', '2019-06-26', 17, 0, 'Compra', 17),
(1480, '9016', '2019-06-26', 98, 0, 'Compra', 98),
(1481, '9017', '2019-06-26', 6, 0, 'Compra', 6),
(1482, '8029', '2019-06-26', 11, 0, 'Compra', 11),
(1483, '9018', '2019-06-26', 146, 0, 'Compra', 146),
(1484, '9019', '2019-06-26', 224, 0, 'Compra', 224),
(1485, '8030', '2019-06-26', 27, 0, 'Compra', 27),
(1486, '9020', '2019-06-26', 165, 0, 'Compra', 165),
(1487, '4327', '2019-06-26', 15, 0, 'Compra ', 15),
(1488, '9021', '2019-06-26', 100, 0, 'Compra', 100),
(1489, '9022', '2019-06-26', 142, 0, 'Compra', 142),
(1490, '9023', '2019-06-26', 126, 0, 'Compra', 126),
(1491, '4328', '2019-06-26', 15, 0, 'Compra ', 15),
(1492, '4329', '2019-06-26', 15, 0, 'Compra ', 15),
(1493, '14004', '2019-06-26', 41, 0, 'COMPRA', 41),
(1494, '14005', '2019-06-26', 49, 0, 'COMPRA', 49),
(1495, '14006', '2019-06-26', 24, 0, 'COMPRA', 24),
(1496, '10001', '2019-06-26', 12, 0, 'Compra', 12),
(1497, '10002', '2019-06-26', 10, 0, 'Compra', 10),
(1498, '14007', '2019-06-26', 49, 0, 'COMPRA', 49),
(1499, '10003', '2019-06-26', 15, 0, 'Compra', 15),
(1500, '7707189530375', '2019-06-26', 3, 0, 'Compra ', 3),
(1501, '10004', '2019-06-26', 7, 0, 'Compra', 7),
(1502, '7060', '2019-06-26', 4, 0, 'Compra', 4),
(1503, '14008', '2019-06-26', 21, 0, 'COMPRA', 21),
(1504, '14009', '2019-06-26', 21, 0, 'COMPRA', 21),
(1505, '10005', '2019-06-26', 18, 0, 'Compra', 18),
(1506, '10006', '2019-06-26', 1, 0, 'Compra', 1),
(1507, '14010', '2019-06-26', 60, 0, 'COMPRA', 60),
(1508, '10007', '2019-06-26', 10, 0, 'Compra', 10),
(1509, '4203', '2019-06-26', 58, 0, 'Compra ', 58),
(1510, '7061', '2019-06-26', 10, 0, 'Compra', 10),
(1511, '14011', '2019-06-26', 6, 0, 'COMPRA', 6),
(1512, '10008', '2019-06-26', 5, 0, 'Compra', 5),
(1513, '7062', '2019-06-26', 8, 0, 'Compra', 8),
(1514, '10009', '2019-06-26', 9, 0, 'Compra', 9),
(1515, '8031', '2019-06-26', 21, 0, 'compra', 21),
(1516, '14012', '2019-06-26', 7, 0, 'COMPRA', 7),
(1517, '10010', '2019-06-26', 3, 0, 'Compra', 3),
(1518, '8032', '2019-06-26', 20, 0, 'compra', 20),
(1519, '14013', '2019-06-26', 37, 0, 'COMPRA', 37),
(1520, '7063', '2019-06-26', 14, 0, 'Compra', 14),
(1521, '10011', '2019-06-26', 14, 0, 'Compra', 14),
(1522, '10012', '2019-06-26', 6, 0, 'Compra', 6),
(1523, '5650475040084', '2019-06-26', 14, 0, 'Compra ', 14),
(1524, '7064', '2019-06-26', 14, 0, 'Compra', 14),
(1525, '10013', '2019-06-26', 2, 0, 'Compra', 2),
(1526, '10014', '2019-06-26', 5, 0, 'Compra', 5),
(1527, '5650475040091', '2019-06-26', 21, 0, 'Compra ', 21),
(1528, '10015', '2019-06-26', 4, 0, 'Compra', 4),
(1529, '7065', '2019-06-26', 10, 0, 'Compra', 10),
(1530, '10016', '2019-06-26', 10, 0, 'Compra', 10),
(1531, '8033', '2019-06-26', 21, 0, 'compra', 21),
(1532, '10017', '2019-06-26', 6, 0, 'Compra', 6),
(1533, '7066', '2019-06-26', 4, 0, 'Compra', 4),
(1534, '14014', '2019-06-26', 19, 0, 'COMPRA', 19),
(1535, '10018', '2019-06-26', 32, 0, 'Compra', 32),
(1536, '7067', '2019-06-26', 10, 0, 'Compra', 10),
(1537, '10019', '2019-06-26', 2, 0, 'Compra', 2),
(1538, '5039', '0000-00-00', 0, 1, 'Venta', 128),
(1539, '5038', '0000-00-00', 0, 1, 'Venta', 114),
(1540, '5033', '0000-00-00', 0, 1, 'Venta', 141),
(1541, '7068', '2019-06-26', 8, 0, 'Compra', 8),
(1542, '14015', '2019-06-26', 27, 0, 'COMPRA', 27),
(1543, '10020', '2019-06-26', 17, 0, 'Compra', 17),
(1544, '10021', '2019-06-26', 20, 0, 'Compra', 20),
(1545, '14016', '2019-06-26', 42, 0, 'COMPRA', 42),
(1546, '7069', '2019-06-26', 14, 0, 'Compra', 14),
(1547, '5039', '2019-06-26', 0, 1, 'Venta', 127),
(1548, '5036', '2019-06-26', 0, 1, 'Venta', 92),
(1549, '5033', '2019-06-26', 0, 1, 'Venta', 140),
(1550, '10022', '2019-06-26', 22, 0, 'Compra', 22),
(1551, '14017', '2019-06-26', 34, 0, 'COMPRA', 34),
(1552, '7070', '2019-06-26', 12, 0, 'Compra', 12),
(1553, '10023', '2019-06-26', 36, 0, 'Compra', 36),
(1554, '14018', '2019-06-26', 8, 0, 'COMPRA', 8),
(1555, '7071', '2019-06-26', 13, 0, 'Compra', 13),
(1556, '10024', '2019-06-26', 4, 0, 'Compra', 4),
(1557, '7072', '2019-06-26', 17, 0, 'Compra ', 17),
(1558, '4549292034295', '2019-06-26', 0, 1, 'Venta', 0),
(1559, '10025', '2019-06-26', 30, 0, 'Compra', 30),
(1560, '14019', '2019-06-26', 21, 0, 'COMPRA', 21),
(1561, '7073', '2019-06-26', 21, 0, 'Compra', 21),
(1562, '10026', '2019-06-26', 2, 0, 'Compra', 2),
(1563, '14020', '2019-06-26', 10, 0, 'COMPRA', 10),
(1564, '7074', '2019-06-26', 15, 0, 'Compra', 15),
(1565, '10027', '2019-06-26', 9, 0, 'Compra', 9),
(1566, '14021', '2019-06-26', 20, 0, 'COMPRA', 20),
(1567, '8034', '2019-06-26', 20, 0, 'compra', 20),
(1568, '7075', '2019-06-26', 10, 0, 'Compra', 10),
(1569, '14022', '2019-06-26', 82, 0, 'COMPRA', 82),
(1570, '8035', '2019-06-26', 20, 0, 'compra', 20),
(1571, '4330', '2019-06-26', 30, 0, 'Compra ', 30),
(1572, '10028', '2019-06-26', 21, 0, 'Compra', 21),
(1573, '10029', '2019-06-26', 37, 0, 'Compra', 37),
(1574, '14023', '2019-06-26', 48, 0, 'COMPRA', 48),
(1575, '8036', '2019-06-26', 21, 0, 'compra', 21),
(1576, '10030', '2019-06-26', 14, 0, 'Compra', 14),
(1577, '7076', '2019-06-26', 5, 0, 'Compra', 5),
(1578, '14024', '2019-06-26', 49, 0, 'COMPRA', 49),
(1579, '8037', '2019-06-26', 17, 0, 'compra', 17),
(1580, '10031', '2019-06-26', 3, 0, 'Compra', 3),
(1581, '14025', '2019-06-26', 33, 0, 'COMPRA', 33),
(1582, '4331', '2019-06-26', 1275, 0, 'Compra ', 1275),
(1583, '10032', '2019-06-26', 16, 0, 'Compra', 16),
(1584, '7077', '2019-06-26', 13, 0, 'Compra', 13),
(1585, '7078', '2019-06-26', 20, 0, 'Compra', 20),
(1586, '8038', '2019-06-26', 38, 0, 'compra', 38),
(1587, '7450007888133', '2019-06-26', 1, 0, 'Compra ', 1),
(1588, '7079', '2019-06-26', 9, 0, 'Compra', 9),
(1589, '7080', '2019-06-26', 18, 0, 'Compra', 18),
(1590, '7081', '2019-06-26', 15, 0, 'Compra', 15),
(1591, '7082', '2019-06-26', 25, 0, 'Compra', 25),
(1592, '4332', '2019-06-26', 143, 0, 'Compra ', 143),
(1593, '10033', '2019-06-26', 3, 0, 'Compra', 3),
(1594, '4333', '2019-06-26', 16, 0, 'Compra ', 16),
(1595, '8039', '2019-06-26', 11, 0, 'compra', 11),
(1596, '8040', '2019-06-26', 11, 0, 'compra', 11),
(1597, '8041', '2019-06-26', 25, 0, 'compra', 25),
(1598, '8042', '2019-06-26', 18, 0, 'compra', 18),
(1599, '14026', '2019-06-26', 16, 0, 'COMPRA', 16),
(1600, '14027', '2019-06-26', 69, 0, 'COMPRA', 69),
(1601, '14028', '2019-06-26', 67, 0, 'COMPRA', 67),
(1602, '13154140630826', '2019-06-26', 0, 1, 'Venta', 754),
(1603, '7808718509586', '2019-06-26', 0, 1, 'Venta', 60),
(1604, '4902505084560', '2019-06-26', 0, 1, 'Venta', 57),
(1605, '14029', '2019-06-26', 9, 0, 'COMPRA', 9),
(1606, '14030', '2019-06-26', 77, 0, 'COMPRA', 77),
(1607, '14031', '2019-06-26', 13, 0, 'COMPRA', 13),
(1608, '14032', '2019-06-26', 11, 0, 'COMPRA', 11),
(1609, '14033', '2019-06-26', 21, 0, 'COMPRA', 21),
(1610, '14034', '2019-06-26', 6, 0, 'COMPRA', 6),
(1611, '14035', '2019-06-26', 4, 0, 'COMPRA', 4),
(1612, '11001', '2019-06-26', 239, 0, 'Compra', 239),
(1613, '14036', '2019-06-26', 2, 0, 'COMPRA', 2),
(1614, '11002', '2019-06-26', 236, 0, 'Compra', 236),
(1615, '4334', '2019-06-26', 25, 0, 'Compra ', 25),
(1616, '11003', '2019-06-26', 110, 0, 'Compra', 110),
(1617, '11004', '2019-06-26', 44, 0, 'Compra', 44),
(1618, '4335', '2019-06-26', 7, 0, 'Compra ', 7),
(1619, '11005', '2019-06-26', 41, 0, 'Compra', 41),
(1620, '11006', '2019-06-26', 139, 0, 'Compra', 139),
(1621, '7401001460825', '2019-06-26', 4, 0, 'compra', 4),
(1622, '4336', '2019-06-26', 26, 0, 'Compra', 26),
(1623, '11007', '2019-06-26', 97, 0, 'Compra', 97),
(1624, '4337', '2019-06-26', 16, 0, 'Compra ', 16),
(1626, '11008', '2019-06-26', 25, 0, 'Compra', 25),
(1627, '721672025541', '2019-06-26', 5, 0, 'compra', 5),
(1628, '11009', '2019-06-26', 199, 0, 'Compra', 199),
(1629, '4339', '2019-06-26', 34, 0, 'Compra ', 34),
(1630, '11010', '2019-06-26', 105, 0, 'Compra', 105),
(1631, '5046', '2019-06-26', 0, 8, 'Venta', 66),
(1632, '11011', '2019-06-26', 80, 0, 'Compra', 80),
(1633, '6925409940419', '2019-06-26', 59, 0, 'compra', 59),
(1634, '99578169', '2019-06-26', 76, 0, 'COMPRA', 76),
(1636, '4340', '2019-06-26', 33, 0, 'Compra ', 33),
(1637, '11012', '2019-06-26', 141, 0, 'Compra', 141),
(1638, '11013', '2019-06-26', 113, 0, 'Compra', 113),
(1639, '7704875630784', '2019-06-26', 0, 1, 'Venta', 2),
(1640, '74711444019', '2019-06-26', 0, 1, 'Venta', 6),
(1641, '11014', '2019-06-26', 113, 0, 'Compra', 113),
(1642, '11015', '2019-06-26', 115, 0, 'Compra', 115),
(1643, '6925409940402', '2019-06-26', 59, 0, 'compra', 59),
(1644, '11016', '2019-06-26', 17, 0, 'Compra', 17),
(1645, '89414149', '2019-06-26', 31, 0, 'COMPRA', 31),
(1646, '4341', '2019-06-26', 13, 0, 'Compra ', 13),
(1647, '11017', '2019-06-26', 111, 0, 'Compra', 111),
(1648, '72364567', '2019-06-26', 68, 0, 'COMPRA', 68),
(1649, '7453015102031', '2019-06-26', 43, 0, 'compra', 43),
(1650, '11018', '2019-06-26', 102, 0, 'Compra', 102),
(1651, '3342', '2019-06-26', 36, 0, 'Compra ', 36),
(1652, '11019', '2019-06-26', 105, 0, 'Compra', 105),
(1653, '74988570', '2019-06-26', 67, 0, 'COMPRA', 67),
(1654, '3343', '2019-06-26', 13, 0, 'Compra ', 13),
(1655, '67283989', '2019-06-26', 59, 0, 'COMPRA', 59),
(1656, '721672034383', '2019-06-26', 10, 0, 'compra', 10),
(1657, '11020', '2019-06-26', 15, 0, 'Compra', 15),
(1658, '66673422', '2019-06-26', 22, 0, 'COMPRA', 22),
(1659, '11021', '2019-06-26', 9, 0, 'Compra', 9),
(1660, '721672020799', '2019-06-26', 5, 0, 'compra', 5),
(1661, '11022', '2019-06-26', 43, 0, 'Compra', 43),
(1662, '32671681', '2019-06-26', 30, 0, 'COMPRA', 33),
(1663, '11023', '2019-06-26', 2, 0, 'Compra', 2),
(1664, '3344', '2019-06-26', 60, 0, 'Compra ', 60),
(1665, '3345', '2019-06-26', 36, 0, 'Compra ', 36),
(1666, '11024', '2019-06-26', 4, 0, 'Compra', 4),
(1667, '7702003008535', '2019-06-26', 4, 0, 'compra', 4),
(1668, '11025', '2019-06-26', 50, 0, 'Compra', 50),
(1669, '3346', '2019-06-26', 5, 0, 'Compra ', 5),
(1670, '41764916', '2019-06-26', 47, 0, 'COMPRA', 47),
(1671, '11026', '2019-06-26', 20, 0, 'Compra', 20),
(1672, '721672034437', '2019-06-26', 9, 0, 'compra', 9),
(1673, '3347', '2019-06-26', 27, 0, 'Compra ', 27),
(1674, '11027', '2019-06-26', 48, 0, 'Compra', 48),
(1675, '3348', '2019-06-26', 13, 0, 'Compra ', 13),
(1676, '11028', '2019-06-26', 5, 0, 'Compra', 5),
(1677, '721672034413', '2019-06-26', 12, 0, 'compra', 12),
(1678, '64389981', '2019-06-26', 15, 0, 'COMPRA', 15),
(1679, '3349', '2019-06-26', 15, 0, 'Compra ', 15),
(1680, '56451375', '2019-06-26', 82, 0, 'COMPRA', 82),
(1681, '11029', '2019-06-26', 51, 0, 'Compra', 51),
(1682, '1100', '2019-06-26', 13, 0, 'compra', 13),
(1683, '11030', '2019-06-26', 66, 0, 'Compra', 66),
(1684, '11031', '2019-06-26', 51, 0, 'Compra', 51),
(1685, '721672016037', '2019-06-26', 19, 0, 'compra', 19),
(1686, '11032', '2019-06-26', 9, 0, 'Compra', 9),
(1687, '7453015132953', '2019-06-26', 6, 0, 'Compra ', 6),
(1688, '11033', '2019-06-26', 6, 0, 'Compra', 6),
(1689, '3148957512423', '2019-06-26', 10, 0, 'COMPRA', 10),
(1690, '11034', '2019-06-26', 34, 0, 'Compra', 34),
(1691, '7702003008559', '2019-06-26', 6, 0, 'compra', 6),
(1692, '6935590411025', '2019-06-26', 9, 0, 'Compra ', 9),
(1693, '021200075674', '2019-06-26', 56, 0, 'compra', 56),
(1694, '4713294970077', '2019-06-26', 5, 0, 'Compra ', 5),
(1695, '021200171031', '2019-06-26', 13, 0, 'compra', 13),
(1696, '7401007604094', '2019-06-26', 8, 0, 'Compra', 8),
(1697, '3148957512645', '2019-06-26', 9, 0, 'COMPRA', 9),
(1698, '7502212170395', '2019-06-26', 108, 0, 'compra', 108),
(1699, '7453015148275', '2019-06-26', 1, 0, 'Compra ', 1),
(1700, '3148957512652', '2019-06-26', 13, 0, 'COMPRA', 13),
(1701, '7450007736885', '2019-06-26', 3, 0, 'Compra', 3),
(1702, '7401007611306', '2019-06-26', 9, 0, 'Compra ', 9),
(1703, '3148957512393', '2019-06-26', 11, 0, 'COMPRA', 11),
(1704, '1101', '2019-06-26', 20, 0, 'compra', 20),
(1705, '3148957512447', '2019-06-26', 13, 0, 'COMPRA', 13),
(1706, '7453015125818', '2019-06-26', 1, 0, 'Compras ', 1),
(1708, '3148957512386', '2019-06-26', 13, 0, 'COMPRA', 13),
(1709, '7401007611337', '2019-06-26', 13, 0, 'Compra', 13),
(1711, '7401007611320', '2019-06-26', 18, 0, 'Compra', 18),
(1713, '7401007600669', '2019-06-26', 170, 0, 'Compra', 170),
(1715, '7401007600645', '2019-06-26', 160, 0, 'Compra', 160),
(1716, '7401007612174', '2019-06-26', 10, 0, 'Compra', 10),
(1717, '7808718509586', '2019-06-26', 0, 2, 'Venta', 58),
(1718, '12001', '2019-06-26', 11, 0, 'Compra', 11),
(1719, '86628303', '2019-06-26', 5, 0, 'COMPRA', 5),
(1720, '12002', '2019-06-26', 4, 0, 'Compra', 4),
(1721, '4712914143167', '2019-06-26', 10, 0, 'Compra', 10),
(1722, '12003', '2019-06-26', 7, 0, 'Compra', 7),
(1723, '12004', '2019-06-26', 5, 0, 'Compra', 5),
(1724, '4712914143167', '2019-06-26', 10, 0, 'Compra', 10),
(1725, '4713294970152', '2019-06-26', 53, 0, 'Compra ', 53),
(1726, '7702003008535', '2019-06-26', 0, 2, 'Venta', 2),
(1727, '4713294970084', '2019-06-26', 20, 0, 'Compra', 20),
(1728, '12005', '2019-06-26', 118, 0, 'Compra', 118),
(1729, '12006', '2019-06-26', 111, 0, 'Compra', 111),
(1730, '1103', '2019-06-26', 164, 0, 'Compra', 164),
(1731, '12007', '2019-06-26', 123, 0, 'Compra', 123),
(1732, '7501214986447', '2019-06-26', 1, 0, 'Compra', 1),
(1733, '12008', '2019-06-26', 33, 0, 'Compra', 33),
(1734, '12009', '2019-06-26', 50, 0, 'Compra', 50),
(1735, '12010', '2019-06-26', 10, 0, 'Compra', 10),
(1736, '7501214986522', '2019-06-26', 2, 0, 'Compra', 2),
(1737, '47570177', '2019-06-26', 97, 0, 'Compra', 97),
(1738, '7501214986485', '2019-06-26', 1, 0, 'Compra', 1),
(1739, '12011', '2019-06-26', 16, 0, 'Compra', 16),
(1740, '12012', '2019-06-26', 14, 0, 'Compra', 14),
(1741, '36519491', '2019-06-26', 60, 0, 'Compra', 60),
(1743, '019962012150', '2019-06-26', 2, 0, 'Compra', 2),
(1744, '7506129424824', '2019-06-26', 0, 1, 'Venta', 232),
(1745, '7401007601741', '2019-06-26', 1, 0, 'Compra', 1),
(1746, '97349549', '2019-06-26', 23, 0, 'Compra', 23),
(1747, '15546500', '2019-06-26', 15, 0, 'Compra', 15),
(1748, '12013', '2019-06-26', 35, 0, 'Compra', 35),
(1749, '47615861', '2019-06-26', 8, 0, 'Compra', 8),
(1750, '12014', '2019-06-26', 36, 0, 'Compra', 36),
(1751, '7501875910522', '2019-06-26', 14, 0, 'Compra', 14),
(1752, '12015', '2019-06-26', 4, 0, 'Compra', 4),
(1753, '12016', '2019-06-26', 4, 0, 'Compra', 4),
(1754, '25392784', '2019-06-26', 20, 0, 'Compra', 20),
(1755, '12017', '2019-06-26', 40, 0, 'Compra', 40),
(1756, '12018', '2019-06-26', 39, 0, 'Compra', 39),
(1757, '019962010354', '2019-06-26', 18, 0, 'Compra', 18),
(1758, '4460', '2019-06-26', 58, 0, 'Compra', 58),
(1759, '019962011559', '2019-06-26', 1, 0, 'Compra', 1),
(1760, '4461', '2019-06-26', 7, 0, 'Compra', 7),
(1761, '019962010255', '2019-06-26', 16, 0, 'Compra', 16),
(1762, '019962011658', '2019-06-26', 1, 0, 'Compra', 1),
(1763, '4462', '2019-06-26', 30, 0, 'Compra', 30),
(1764, '019962011955', '2019-06-26', 2, 0, 'Compra', 2),
(1765, '4463', '2019-06-26', 25, 0, 'Compra', 25),
(1766, '019962012754', '2019-06-26', 11, 0, 'Compra', 11),
(1767, '12019', '2019-06-26', 19, 0, 'Compra', 19),
(1768, '12020', '2019-06-26', 9, 0, 'Compra', 9),
(1769, '12021', '2019-06-26', 30, 0, 'Compra', 30),
(1770, '12022', '2019-06-26', 27, 0, 'Compra', 27),
(1771, '12023', '2019-06-26', 27, 0, 'Compra', 27),
(1772, '12024', '2019-06-26', 15, 0, 'Compra', 15),
(1773, '7453010040079', '2019-06-26', 6, 0, 'Compra', 6),
(1774, '5080', '2019-06-26', 1, 0, 'Compra', 1),
(1775, '12025', '2019-06-26', 25, 0, 'Compra', 25),
(1776, '3028', '2019-06-26', 6, 0, 'Compra', 6),
(1777, '12026', '2019-06-26', 19, 0, 'Compra', 19),
(1778, '3029', '2019-06-26', 2, 0, 'Compra', 2),
(1779, '5048', '0000-00-00', 0, 1, 'Venta', 304),
(1780, '5047', '0000-00-00', 0, 1, 'Venta', 150),
(1781, '5046', '0000-00-00', 0, 1, 'Venta', 65),
(1782, '5044', '0000-00-00', 0, 1, 'Venta', 78),
(1783, '5043', '0000-00-00', 0, 1, 'Venta', 62),
(1784, '5042', '0000-00-00', 0, 1, 'Venta', 119),
(1785, '5041', '0000-00-00', 0, 1, 'Venta', 141),
(1786, '5040', '0000-00-00', 0, 1, 'Venta', 104),
(1787, '5039', '0000-00-00', 0, 1, 'Venta', 126),
(1788, '5038', '0000-00-00', 0, 1, 'Venta', 113),
(1789, '5037', '0000-00-00', 0, 1, 'Venta', 145),
(1790, '5036', '0000-00-00', 0, 1, 'Venta', 91),
(1791, '5035', '0000-00-00', 0, 1, 'Venta', 96),
(1792, '5033', '0000-00-00', 0, 1, 'Venta', 139),
(1793, '5032', '0000-00-00', 0, 1, 'Venta', 157),
(1794, '5031', '0000-00-00', 0, 2, 'Venta', 105),
(1795, '5029', '0000-00-00', 0, 1, 'Venta', 28),
(1796, '5028', '0000-00-00', 0, 1, 'Venta', 74),
(1797, '13000', '2019-06-26', 31, 0, 'Compra', 31),
(1798, '12027', '2019-06-26', 7, 0, 'Compra', 7),
(1799, '5081', '2019-06-26', 10, 0, 'Compra', 10),
(1800, '5082', '2019-06-26', 12, 0, 'Compra', 12),
(1801, '13001', '2019-06-26', 21, 0, 'Compra', 21),
(1802, '7450008861289', '2019-06-26', 4, 0, 'Compra', 4),
(1803, '7450008861296', '2019-06-26', 10, 0, 'Compra', 10),
(1804, '13154140630826', '2019-06-26', 0, 1, 'Venta', 753),
(1805, '7450008861272', '2019-06-26', 3, 0, 'Compra', 3),
(1806, '12028', '2019-06-26', 109, 0, 'Compra', 109),
(1807, '13002', '2019-06-26', 22, 0, 'COMPRA', 22),
(1809, '6935242500282', '2019-06-26', 6, 0, 'Compra', 6),
(1810, '50100', '2019-06-26', 1, 0, 'Compra', 1),
(1811, '13003', '2019-06-26', 8, 0, 'Compra', 8),
(1812, '12029', '2019-06-26', 90, 0, 'Compra', 90),
(1813, '4712914143501', '2019-06-26', 6, 0, 'Compra', 6),
(1814, '4712914143518', '2019-06-26', 4, 0, 'Compra', 4),
(1815, '12030', '2019-06-26', 3, 0, 'Compra', 3),
(1816, '13004', '2019-06-26', 48, 0, 'Compra', 48),
(1817, '12031', '2019-06-26', 9, 0, 'Compra', 9),
(1818, '7401007615113', '2019-06-26', 14, 0, 'Compra', 14),
(1819, '50101', '2019-06-26', 368, 0, 'Compra', 368),
(1820, '7450007609622', '2019-06-26', 1, 0, 'Compra', 1),
(1821, '13005', '2019-06-26', 100, 0, 'Compra', 100),
(1822, '12032', '2019-06-26', 14, 0, 'Compra', 14),
(1823, '7450008487991', '2019-06-26', 2, 0, 'Compra', 2),
(1824, '13006', '2019-06-26', 100, 0, 'Compra', 100),
(1825, '7450007498578', '2019-06-26', 1, 0, 'Compra', 1),
(1826, '12033', '2019-06-26', 3, 0, 'Compra', 3),
(1827, '12034', '2019-06-26', 13, 0, 'Compra', 13),
(1828, '13007', '2019-06-26', 155, 0, 'Compra', 155),
(1829, '7450008488028', '2019-06-26', 1, 0, 'Compra', 1),
(1830, '12035', '2019-06-26', 14, 0, 'Compra', 14),
(1831, '50102', '2019-06-26', 3, 0, 'Compra', 3),
(1832, '13008', '2019-06-26', 64, 0, 'Compra', 64),
(1833, '7450008487984', '2019-06-26', 1, 0, 'Compra', 1),
(1834, '7501214921653', '2019-06-26', 15, 0, 'Compra', 15),
(1835, '12036', '2019-06-26', 7, 0, 'Compra', 7),
(1836, '13009', '2019-06-26', 42, 0, 'Compra', 42),
(1837, '7450008488035', '2019-06-26', 2, 0, 'Compra', 2),
(1838, '12037', '2019-06-26', 12, 0, 'Compra', 12),
(1839, '50103', '2019-06-26', 18, 0, 'Compra', 18),
(1840, '12038', '2019-06-26', 15, 0, 'Compra', 15),
(1841, '12039', '2019-06-26', 9, 0, 'Compra', 9),
(1842, '13010', '2019-06-26', 41, 0, 'Compra', 41),
(1843, '12040', '2019-06-26', 10, 0, 'Compra', 10),
(1844, '13011', '2019-06-26', 55, 0, 'Compra', 55),
(1845, '50104', '2019-06-26', 1, 0, 'Compra', 1),
(1846, '12041', '2019-06-26', 6, 0, 'Compra', 6),
(1847, '13012', '2019-06-26', 65, 0, 'Compra', 65),
(1848, '3500', '2019-06-26', 21, 0, 'Compra', 21),
(1849, '12042', '2019-06-26', 13, 0, 'Compra', 13),
(1850, '13013', '2019-06-26', 96, 0, 'Compra', 96),
(1851, '7401007615137', '2019-06-26', 3, 0, 'Compra', 3),
(1852, '12043', '2019-06-26', 3, 0, 'Compra', 3),
(1853, '7450007736960', '2019-06-26', 9, 0, 'Compra', 9),
(1854, '13014', '2019-06-26', 100, 0, 'Compra', 100),
(1855, '7450008861791', '2019-06-26', 12, 0, 'Compra', 12),
(1856, '7401007612167', '2019-06-26', 2, 0, 'Compra', 2),
(1857, '13015', '2019-06-26', 76, 0, 'Compra', 76),
(1858, '13016', '2019-06-26', 15, 0, 'Compra', 15),
(1859, '13017', '2019-06-26', 34, 0, 'Compra', 34),
(1860, '12044', '2019-06-26', 14, 0, 'Compra', 14),
(1861, '12045', '2019-06-26', 68, 0, 'Compra', 68),
(1862, '13018', '2019-06-26', 61, 0, 'Compra', 61),
(1863, '12046', '2019-06-26', 82, 0, 'Compra', 82),
(1864, '13019', '2019-06-26', 34, 0, 'Compra', 34),
(1865, '13020', '2019-06-26', 28, 0, 'Compra', 28),
(1866, '7450007888201', '2019-06-26', 33, 0, 'Compra', 33),
(1867, '7401007615359', '2019-06-26', 2, 0, 'Compra', 2),
(1868, '13021', '2019-06-26', 98, 0, 'Compra', 98),
(1869, '13022', '2019-06-26', 93, 0, 'Compra', 93),
(1870, '13023', '2019-06-26', 88, 0, 'Compra', 88),
(1871, '820646035279', '2019-06-26', 6, 0, 'Compra', 6),
(1872, '820646035286', '2019-06-26', 4, 0, 'Compra', 4),
(1873, '11011', '2019-06-26', 0, 1, 'Venta', 79),
(1874, '11008', '2019-06-26', 0, 1, 'Venta', 24),
(1875, '5036', '2019-06-26', 0, 4, 'Venta', 87),
(1876, '5036', '2019-06-26', 0, 12, 'Venta', 75),
(1877, '9333527011947', '2019-06-26', 18, 0, 'Compra', 18),
(1878, '6072', '0000-00-00', 0, 1, 'Venta', 120),
(1879, '12047', '2019-06-27', 162, 0, 'Compra', 162),
(1880, '12048', '2019-06-27', 13, 0, 'Compra', 13),
(1881, '12049', '2019-06-27', 11, 0, 'Compra', 11),
(1882, '12050', '2019-06-27', 12, 0, 'Compra', 12),
(1883, '12051', '2019-06-27', 6, 0, 'Compra', 6),
(1884, '12052', '2019-06-27', 7, 0, 'Compra', 7),
(1885, '13024', '2019-06-27', 100, 0, 'Compra', 100),
(1886, '13025', '2019-06-27', 89, 0, 'Compra', 89),
(1887, '79413800', '2019-06-27', 1, 0, 'Compra', 1),
(1888, '33743769', '2019-06-27', 1, 0, 'Compra', 1),
(1889, '6921843901030', '2019-06-27', 22, 0, 'Compra', 22),
(1890, '34369531', '2019-06-27', 1, 0, 'Compra', 1),
(1891, '79413800', '2019-06-27', 1, 0, 'Compra', 1),
(1892, '26972831', '2019-06-27', 1, 0, 'Compra', 1),
(1893, '31012201', '2019-06-27', 4, 0, 'Compra', 4),
(1894, '50979288', '2019-06-27', 2, 0, 'Compra', 2),
(1895, '66161226', '2019-06-27', 3, 0, 'Compra', 3),
(1896, '20458409', '2019-06-27', 1, 0, 'Compra', 1),
(1897, '61300019', '2019-06-27', 1, 0, 'Compra', 1),
(1898, '12607266', '2019-06-27', 2, 0, 'Compra', 2),
(1899, '4717480693313', '2019-06-27', 12, 0, 'Compra', 12),
(1901, '4717480693320', '2019-06-27', 9, 0, 'Compra', 9),
(1902, '4717480693290', '2019-06-27', 4, 0, 'Compra', 4),
(1903, '90155284', '2019-06-27', 1, 0, 'Compra', 1),
(1904, '89058008', '2019-06-27', 2, 0, 'Compra', 2),
(1905, '4717480693337', '2019-06-27', 5, 0, 'Compra', 5),
(1906, '52040528', '2019-06-27', 1, 0, 'Compra', 1),
(1907, '63282559', '2019-06-27', 2, 0, 'Compra', 2),
(1909, '7406027026901', '2019-06-27', 0, 1, 'Venta', 16),
(1910, '13751081', '2019-06-27', 1, 0, 'Compra', 1),
(1911, '4717480693306', '2019-06-27', 7, 0, 'Compra', 7),
(1913, '4717480693252', '2019-06-27', 4, 0, 'Compra', 4),
(1914, '6932717120594', '2019-06-27', 1, 0, 'Compra', 1),
(1915, '6932717120105', '2019-06-27', 3, 0, 'Compra', 3),
(1916, '6932717120587', '2019-06-27', 3, 0, 'Compra', 3),
(1917, '7450007888195', '2019-06-27', 51, 0, 'Compra', 51),
(1918, '7450007888256', '2019-06-27', 5, 0, 'Compra', 5),
(1919, '42390619', '2019-06-27', 4, 0, 'Compra', 4),
(1920, '7501091899120', '2019-06-27', 18, 0, 'Compra', 18),
(1921, '7450007888249', '2019-06-27', 21, 0, 'Compra', 21),
(1922, '3601', '2019-06-27', 315, 0, 'Compra', 315),
(1923, '7450008861197', '2019-06-27', 6, 0, 'Compra', 6),
(1924, '6921843906035', '2019-06-27', 18, 0, 'Compra', 18),
(1925, '7416500210154', '2019-06-27', 0, 1, 'Venta', 131),
(1926, '4902505084584', '2019-06-27', 0, 1, 'Venta', 599),
(1927, '4005401548072', '2019-06-27', 0, 1, 'Venta', 64),
(1928, '13026', '2019-06-27', 144, 0, 'Compra', 144),
(1929, '13026', '2019-06-27', 144, 0, 'Compra', 144),
(1930, '7401007612181', '2019-06-27', 28, 0, 'Compra', 28),
(1931, '13027', '2019-06-27', 136, 0, 'Compra', 136),
(1932, '7808718509586', '2019-06-27', 0, 1, 'Venta', 57),
(1933, '8003511310455', '2019-06-27', 0, 1, 'Venta', 25),
(1934, '13028', '2019-06-27', 136, 0, 'Compra', 136),
(1935, '13029', '2019-06-27', 75, 0, 'Compra', 75),
(1936, '13030', '2019-06-27', 93, 0, 'Compra', 93),
(1937, '6921843906202', '2019-06-27', 660, 0, 'Compra', 660),
(1938, '7450008861234', '2019-06-27', 10, 0, 'Compra', 10),
(1939, '13031', '2019-06-27', 13, 0, 'Compra', 13),
(1940, '13032', '2019-06-27', 11, 0, 'Compra', 11),
(1941, '13033', '2019-06-27', 4, 0, 'Compra', 4),
(1942, '7450008861241', '2019-06-27', 5, 0, 'Compra', 5),
(1943, '13034', '2019-06-27', 7, 0, 'Compra', 7),
(1944, '13035', '2019-06-27', 4, 0, 'Compra', 4),
(1945, '7450008861319', '2019-06-27', 3, 0, 'Compra', 3),
(1946, '7450008861302', '2019-06-27', 9, 0, 'Compra', 9),
(1947, '13036', '2019-06-27', 5, 0, 'Compra', 5),
(1948, '7450008861258', '2019-06-27', 9, 0, 'Compra', 9),
(1949, '7502276743801', '2019-06-27', 6, 0, 'Compra', 6),
(1950, '3602', '2019-06-27', 17, 0, 'Compra', 17),
(1951, '7707300403540', '2019-06-27', 2, 0, 'Compra', 2),
(1952, '7707300403557', '2019-06-27', 3, 0, 'Compra', 3),
(1953, '7401007612082', '2019-06-27', 6, 0, 'Compra', 6),
(1954, '3603', '2019-06-27', 4, 0, 'Compra', 4),
(1955, '50105', '2019-06-27', 14, 0, 'compra', 14),
(1956, '705579350715', '2019-06-27', 8, 0, 'Compra', 8),
(1957, '775749169355', '2019-06-27', 1, 0, 'Compra', 1),
(1958, '50106', '2019-06-27', 10, 0, 'Compra', 10),
(1959, '775749169454', '2019-06-27', 4, 0, 'Compra', 4),
(1960, '50107', '2019-06-27', 8, 0, 'Compra', 8),
(1961, '7401007699052', '2019-06-27', 2, 0, 'Compra', 2),
(1962, '7453038426978', '2019-06-27', 1, 0, 'Compra', 1),
(1963, '7441086950033', '2019-06-27', 25, 0, 'Compra', 25),
(1964, '7707189530474', '2019-06-27', 5, 0, 'Compra', 5),
(1965, '13037', '2019-06-27', 14, 0, 'Compra', 14),
(1966, '13038', '2019-06-27', 4, 0, 'Compra', 4),
(1967, '3604', '2019-06-27', 17, 0, 'Compra', 17),
(1968, '3605', '2019-06-27', 99, 0, 'Compra', 99),
(1969, '13039', '2019-06-27', 18, 0, 'Compra', 18),
(1970, '13040', '2019-06-27', 14, 0, 'Compra', 14),
(1971, '3606', '2019-06-27', 156, 0, 'Compra', 156),
(1972, '13041', '2019-06-27', 6, 0, 'Compra', 6),
(1973, '13042', '2019-06-27', 3, 0, 'Compra', 3),
(1975, '80643081', '2019-06-27', 1, 0, 'Compra', 1),
(1976, '6952938334556', '2019-06-27', 16, 0, 'Compra', 16),
(1977, '15001', '2019-06-27', 1109, 0, 'Compra', 1109),
(1978, '6952938334549', '2019-06-27', 19, 0, 'Compra', 19),
(1979, '15002', '2019-06-27', 1315, 0, 'Compra', 1315),
(1980, '851196001056', '2019-06-27', 4, 0, 'Compra', 4),
(1981, '7453015104813', '2019-06-27', 0, 1, 'Venta', 1),
(1982, '3607', '2019-06-27', 82, 0, 'Compra', 82),
(1983, '3608', '2019-06-27', 86, 0, 'Compra', 86),
(1984, '48201490', '2019-06-27', 1, 0, 'Compra', 1),
(1985, '15003', '2019-06-27', 1787, 0, 'Compra', 1787),
(1986, '3609', '2019-06-27', 316, 0, 'Compra', 316),
(1987, '7445045024483', '2019-06-27', 2, 0, 'Compra', 2),
(1988, '15004', '2019-06-27', 107, 0, 'Compra', 107),
(1989, '15005', '2019-06-27', 962, 0, 'Compra', 962),
(1991, '15006', '2019-06-27', 117, 0, 'Compra', 117),
(1992, '7896292257139', '2019-06-27', 2, 0, 'Compra', 2),
(1993, '15007', '2019-06-27', 200, 0, 'Compra', 200),
(1994, '15008', '2019-06-27', 658, 0, 'Compra', 658),
(1995, '15009', '2019-06-27', 1561, 0, 'Compra', 1561),
(1996, '15010', '2019-06-27', 335, 0, 'Compra', 335),
(1997, '15011', '2019-06-27', 431, 0, 'Compra', 431),
(1998, '15012', '2019-06-27', 634, 0, 'Compra', 634),
(1999, '15013', '2019-06-27', 200, 0, 'Compra', 200),
(2000, '15014', '2019-06-27', 1799, 0, 'Compra', 1799),
(2001, '16001', '2019-06-27', 255, 0, 'Compra', 255),
(2002, '16002', '2019-06-27', 149, 0, 'Compra', 149),
(2003, '16003', '2019-06-27', 30, 0, 'Compra', 30),
(2004, '15015', '2019-06-27', 833, 0, 'Compra', 833),
(2005, '16004', '2019-06-27', 153, 0, 'Compra', 153),
(2006, '16005', '2019-06-27', 253, 0, 'Compra', 253),
(2007, '15016', '2019-06-27', 901, 0, 'Compra', 901),
(2008, '16006', '2019-06-27', 252, 0, 'Compra', 252),
(2009, '15017', '2019-06-27', 431, 0, 'Compra', 431),
(2010, '16007', '2019-06-27', 107, 0, 'Compra', 107),
(2011, '16008', '2019-06-27', 251, 0, 'Compra', 251),
(2012, '4712759211656', '2019-06-27', 0, 4, 'Venta', 48),
(2013, '721672025541', '2019-06-27', 0, 1, 'Venta', 4),
(2014, '16009', '2019-06-27', 43, 0, 'Compra', 43),
(2015, '7503002930830', '2019-06-27', 75, 0, 'Compra', 75),
(2016, '16010', '2019-06-27', 150, 0, 'Compra', 150),
(2017, '7503002930793', '2019-06-27', 24, 0, 'Compra', 24),
(2018, '16011', '2019-06-27', 72, 0, 'Compra', 72),
(2019, '7503002930809', '2019-06-27', 33, 0, 'Compra', 33),
(2020, '16012', '2019-06-27', 233, 0, 'Compra', 233),
(2021, '7503002930748', '2019-06-27', 95, 0, 'Compra', 95),
(2022, '7503002930779', '2019-06-27', 96, 0, 'Compra', 96),
(2023, '50108', '2019-06-27', 2, 0, 'Compra', 2),
(2024, '160013', '2019-06-27', 241, 0, 'Compra', 241),
(2025, '7503002930878', '2019-06-27', 87, 0, 'Compra', 87),
(2026, '16014', '2019-06-27', 257, 0, 'Compra', 257),
(2027, '50109', '2019-06-27', 24, 0, 'Compra', 24),
(2028, '16015', '2019-06-27', 249, 0, 'Compra', 249),
(2029, '16016', '2019-06-27', 130, 0, 'Compra', 130),
(2030, '7503002928639', '2019-06-27', 92, 0, 'Compra', 92),
(2031, '16017', '2019-06-27', 221, 0, 'Compra', 221),
(2032, '7453015101874', '2019-06-27', 12, 0, 'Compra', 12),
(2033, '7503002930786', '2019-06-27', 92, 0, 'Compra', 92),
(2034, '160018', '2019-06-27', 170, 0, 'Compra', 170),
(2036, '7503002930854', '2019-06-27', 94, 0, 'Compra', 94),
(2037, '7453015122596', '2019-06-27', 3, 0, 'Compra', 3),
(2038, '7406132000087', '2019-06-27', 150, 0, 'Compra', 150),
(2039, '7503002930861', '2019-06-27', 8, 0, 'Compra', 8),
(2040, '7503002930823', '2019-06-27', 91, 0, 'Compra', 91),
(2041, '50110', '2019-06-27', 12, 0, 'Compra', 12),
(2042, '7503002930885', '2019-06-27', 91, 0, 'Compra', 91),
(2043, '50111', '2019-06-27', 15, 0, 'Compra', 15),
(2044, '50112', '2019-06-27', 20, 0, 'Compra', 20),
(2045, '7406132000179', '2019-06-27', 166, 0, 'Compra', 166),
(2046, '50113', '2019-06-27', 4, 0, 'Compra', 4),
(2047, '7406132000049', '2019-06-27', 150, 0, 'Compra', 150),
(2048, '7406132000056', '2019-06-27', 150, 0, 'Compra', 150),
(2049, '7406132000025', '2019-06-27', 100, 0, 'Compra', 100),
(2050, '7502211250647', '2019-06-27', 125, 0, 'Compra', 125),
(2051, '7406132000094', '2019-06-27', 100, 0, 'Compra', 100),
(2052, '4710887400218', '2019-06-27', 0, 1, 'Venta', 68),
(2053, '7406132000131', '2019-06-27', 150, 0, 'Compra', 150),
(2054, '7406132000070', '2019-06-27', 150, 0, 'Compra', 150),
(2055, '7406132000032', '2019-06-27', 150, 0, 'Compra', 150),
(2056, '7406132000117', '2019-06-27', 150, 0, 'Compra', 150),
(2057, '7441005210408', '2019-06-27', 3, 0, 'Compra', 3),
(2058, '7406132000124', '2019-06-27', 125, 0, 'Compra', 125),
(2059, '37023959', '2019-06-27', 11, 0, 'Compra', 11),
(2060, '48050104', '2019-06-27', 30, 0, 'Compra', 30),
(2061, '7406132000025', '2019-06-27', 107, 0, 'Compra', 107),
(2062, ' 025215623028', '2019-06-27', 3, 0, 'Compra', 3),
(2063, '7808718509586', '2019-06-27', 0, 1, 'Venta', 1688),
(2064, '3154145112207', '2019-06-27', 0, 1, 'Venta', 114),
(2065, '95594521', '2019-06-27', 0, 1, 'Venta', 314),
(2066, '77237606', '2019-06-27', 0, 1, 'Venta', 135),
(2067, '69599613', '2019-06-27', 0, 1, 'Venta', 36),
(2068, '5043', '2019-06-27', 0, 1, 'Venta', 61),
(2069, '5040', '2019-06-27', 0, 1, 'Venta', 103),
(2070, '5037', '2019-06-27', 0, 1, 'Venta', 144),
(2071, '5031', '2019-06-27', 0, 1, 'Venta', 104),
(2072, '50114', '2019-06-27', 136, 0, 'compra', 136),
(2073, '4960999990484', '2019-06-27', 0, 1, 'Venta', 4),
(2074, '68985899', '2019-06-27', 811, 0, 'Compra', 811),
(2075, '7406132000155', '2019-06-27', 125, 0, 'Compra', 125),
(2076, '50114', '2019-06-27', 35, 0, 'Compra', 35),
(2077, '7406132000018', '2019-06-27', 150, 0, 'Compra', 150),
(2078, '59606000', '2019-06-27', 213, 0, 'Compra', 213),
(2079, '48414456', '2019-06-27', 381, 0, 'Compra', 381),
(2080, '50116', '2019-06-27', 54, 0, 'Compra', 54),
(2081, '7406132000216', '2019-06-27', 150, 0, 'Compra', 150),
(2082, '50117', '2019-06-27', 111, 0, 'Compra', 111),
(2083, '7406132000582', '2019-06-27', 150, 0, 'Compra', 150),
(2084, '32030365', '2019-06-27', 140, 0, 'Compra', 140),
(2085, '7406132000193', '2019-06-27', 150, 0, 'Compra', 150),
(2086, '15018', '2019-06-27', 110, 0, 'Compra', 110),
(2087, '15019', '2019-06-27', 8, 0, 'Compra', 8),
(2088, '7406132000780', '2019-06-27', 150, 0, 'Compra', 150),
(2089, '15020', '2019-06-27', 14, 0, 'Compra', 14),
(2090, '7406132000209', '2019-06-27', 100, 0, 'Compra', 100),
(2091, '7400015302862', '2019-06-27', 24, 0, 'Compra', 24),
(2092, '7406132000766', '2019-06-27', 124, 0, 'Compra', 124),
(2093, '5741960000000', '2019-06-27', 20, 0, 'Compra', 20),
(2094, '7406132000773', '2019-06-27', 150, 0, 'Compra', 150),
(2095, '696626100707', '2019-06-27', 19, 0, 'Compra', 19);
INSERT INTO `inventario` (`idInventario`, `idproducto`, `fecha`, `ingreso`, `egreso`, `tipoMovimiento`, `existencia`) VALUES
(2096, '7406132000797', '2019-06-27', 175, 0, 'Compra', 150),
(2097, '5752400000009', '2019-06-27', 5, 0, 'Compra', 5),
(2098, '696626100721', '2019-06-27', 36, 0, 'Compra', 36),
(2099, '7400015302848', '2019-06-27', 26, 0, 'Compra', 26),
(2100, '1701', '2019-06-27', 174, 0, 'Compra', 174),
(2102, '7406132000742', '2019-06-27', 125, 0, 'Compra', 125),
(2103, '5741980000004', '2019-06-27', 34, 0, 'Compra', 34),
(2104, '696626100677', '2019-06-27', 28, 0, 'Compra', 28),
(2105, '7406132000209', '2019-06-27', 50, 0, 'Compra', 50),
(2106, '696626100646', '2019-06-27', 4, 0, 'Compra', 4),
(2107, '696626100738', '2019-06-27', 24, 0, 'Compra', 24),
(2108, '7406132000735', '2019-06-27', 150, 0, 'Compra', 150),
(2109, '696626100691', '2019-06-27', 37, 0, 'Compra', 37),
(2110, '7401147300771', '2019-06-27', 16, 0, 'Compra', 16),
(2111, '696626100714', '2019-06-27', 42, 0, 'Compra', 42),
(2112, '696626100745', '2019-06-27', 10, 0, 'Compra', 10),
(2113, '7406027030892', '2019-06-27', 17, 0, 'Compra', 17),
(2115, '696626100622', '2019-06-27', 25, 0, 'Compra', 25),
(2116, '7401147300849', '2019-06-27', 19, 0, 'Compra', 19),
(2117, '7406027029964', '2019-06-27', 9, 0, 'Compra', 9),
(2118, '7401091901727', '2019-06-27', 15, 0, 'Compra', 15),
(2119, '7501214906001', '2019-06-27', 2, 0, 'Compra', 2),
(2120, '1702', '2019-06-27', 101, 0, 'Compra', 101),
(2121, '7406027035873', '2019-06-27', 18, 0, 'Compra', 18),
(2122, '7406027029742', '2019-06-27', 6, 0, 'Compra', 6),
(2123, '1703', '2019-06-27', 98, 0, 'Compra', 98),
(2124, '7406027030878', '2019-06-27', 36, 0, 'Compra', 36),
(2125, '1704', '2019-06-27', 36, 0, 'Compra', 36),
(2126, '7501214905073', '2019-06-27', 1, 0, 'Compra', 1),
(2127, '1705', '2019-06-27', 41, 0, 'Compra', 41),
(2128, '7501214905042', '2019-06-27', 6, 0, 'Compra', 6),
(2129, '1706', '2019-06-27', 35, 0, 'Compra', 35),
(2130, '7406027035811', '2019-06-27', 14, 0, 'Compra', 14),
(2131, '7453015104851', '2019-06-27', 0, 1, 'Venta', 31),
(2132, '31479981', '2019-06-27', 14, 0, 'Compra', 14),
(2133, '50747092', '2019-06-27', 10, 0, 'Compra', 10),
(2134, '7406027035798', '2019-06-27', 1, 0, 'Compra', 1),
(2135, '30004535', '2019-06-27', 31, 0, 'Compra', 31),
(2136, '71618135', '2019-06-27', 32, 0, 'Compra', 32),
(2137, '7406027040242', '2019-06-27', 8, 0, 'Compra', 8),
(2138, '1707', '2019-06-27', 100, 0, 'Compra', 100),
(2139, '92093737', '2019-06-27', 38, 0, 'Compra', 38),
(2140, '7406027035880', '2019-06-27', 1, 0, 'Compra', 1),
(2141, '7406027035712', '2019-06-27', 4, 0, 'Compra', 4),
(2142, '27567777', '2019-06-27', 5, 0, 'Compra', 5),
(2143, '7406027035804', '2019-06-27', 10, 0, 'Compra', 10),
(2144, '1710', '2019-06-27', 8, 0, 'compra', 8),
(2145, '7406027035767', '2019-06-27', 8, 12, 'Compra', 12),
(2146, '818916011931', '2019-06-27', 36, 0, 'Compra', 36),
(2147, '7416601800001', '2019-06-27', 3, 0, 'Compra', 3),
(2148, '7406027035835', '2019-06-27', 6, 0, 'Compra', 6),
(2149, '818916011924', '2019-06-27', 42, 0, 'Compra', 42),
(2150, '7406027035842', '2019-06-27', 7, 0, 'Compra', 7),
(2151, '9788424110444', '2019-06-27', 14, 0, 'Compra', 14),
(2152, '7406027035781', '2019-06-27', 17, 0, 'Compra', 17),
(2153, '7406027035750', '2019-06-27', 16, 0, 'Compra', 16),
(2154, '50233915', '2019-06-27', 6, 0, 'Compra', 6),
(2155, '4718759550009', '2019-06-27', 60, 0, 'Compra', 60),
(2156, '7501249820419', '2019-06-27', 43, 0, 'Compra', 43),
(2157, '4718759550115', '2019-06-27', 60, 0, 'Compra', 60),
(2158, '89928523', '2019-06-27', 42, 0, 'Compra', 42),
(2159, '9786072102897', '2019-06-27', 37, 0, 'Compra', 37),
(2160, '7401091900317', '2019-06-27', 5, 0, 'Compra', 5),
(2161, '9786072102903', '2019-06-27', 33, 0, 'Compra', 33),
(2162, '16501', '2019-06-27', 7, 0, 'Compra', 7),
(2163, '4206', '2019-06-27', 0, 2, 'Venta', 14),
(2164, '1711', '2019-06-27', 5, 0, 'Compra', 5),
(2165, '6900000020319', '2019-06-27', 0, 1, 'Venta', 1),
(2166, '16502', '2019-06-27', 3, 0, 'Compra', 3),
(2167, '9786072102910', '2019-06-27', 14, 0, 'Compra', 14),
(2168, '1712', '2019-06-27', 3, 0, 'Compra', 3),
(2169, '16503', '2019-06-27', 6, 0, 'Compra', 6),
(2170, '1713', '2019-06-27', 4, 0, 'Compra', 4),
(2171, '1714', '2019-06-27', 8, 0, 'Compra', 8),
(2172, '1715', '2019-06-27', 10, 0, 'Compra', 10),
(2173, '17016', '2019-06-27', 40, 0, 'Compra', 40),
(2174, '17017', '2019-06-27', 23, 0, 'Compra', 23),
(2175, '17018', '2019-06-27', 16, 0, 'Compra', 16),
(2176, '7401007608856', '2019-06-27', 62, 0, 'Compra', 62),
(2177, '7401007608849', '2019-06-27', 6200, 0, 'Compra', 6200),
(2178, '7401007608863', '2019-06-27', 27, 0, 'Compra', 27),
(2179, '7501214910329', '2019-06-27', 34, 0, 'Compra', 34),
(2180, '4717480708246', '2019-06-27', 17, 0, 'Compra', 17),
(2181, '15017', '2019-06-27', 0, 5, 'Venta', 426),
(2182, '15016', '2019-06-27', 0, 5, 'Venta', 896),
(2183, '15015', '2019-06-27', 0, 5, 'Venta', 828),
(2184, '15010', '2019-06-27', 0, 5, 'Venta', 330),
(2185, '15009', '2019-06-27', 0, 3, 'Venta', 1558),
(2186, '15008', '2019-06-27', 0, 5, 'Venta', 653),
(2187, '15005', '2019-06-27', 0, 5, 'Venta', 957),
(2188, '15002', '2019-06-27', 0, 5, 'Venta', 1310),
(2189, '15002', '2019-06-27', 0, 5, 'Venta', 1305),
(2190, '5062', '2019-06-27', 0, 5, 'Venta', 150),
(2191, '5061', '2019-06-27', 0, 5, 'Venta', 160),
(2192, '5059', '2019-06-27', 0, 10, 'Venta', 112),
(2193, '5055', '2019-06-27', 0, 10, 'Venta', 101),
(2194, '5054', '2019-06-27', 0, 10, 'Venta', 123),
(2195, '5051', '2019-06-27', 0, 10, 'Venta', 118),
(2196, '5049', '2019-06-27', 0, 10, 'Venta', 184),
(2197, '5039', '2019-06-27', 0, 10, 'Venta', 116),
(2198, '5033', '2019-06-27', 0, 5, 'Venta', 134),
(2199, '5031', '2019-06-27', 0, 5, 'Venta', 99),
(2200, '4004764391264', '2019-06-27', 70, 0, 'Compra', 70),
(2201, '7406102010528', '2019-06-27', 0, 1, 'Venta', 53),
(2202, '4710609876833', '2019-06-27', 116, 0, 'Compra', 116),
(2203, '4710609876840', '2019-06-27', 116, 0, 'Compra', 116),
(2204, '759364662583', '2019-06-27', 0, 1, 'Venta', 274),
(2205, '759364662576', '2019-06-27', 0, 1, 'Venta', 230),
(2206, '15015', '2019-06-27', 0, 3, 'Venta', 825),
(2207, '15010', '2019-06-27', 0, 6, 'Venta', 324),
(2208, '13026', '2019-06-27', 0, 1, 'Venta', 143),
(2209, '11016', '2019-06-27', 0, 2, 'Venta', 15),
(2210, '4902505134647', '0000-00-00', 0, 1, 'Venta', 3),
(2211, '4902505134630', '0000-00-00', 0, 1, 'Venta', 9),
(2212, '4902505084560', '2019-06-28', 0, 2, 'Venta', 1087),
(2213, '69599613', '0000-00-00', 0, 3, 'Venta', 477),
(2214, '7416501953555', '2019-06-27', 55, 0, 'Compra', 55),
(2215, '4901681448456', '2019-06-27', 12, 0, 'Compra', 12),
(2216, '7416501930051', '2019-06-27', 60, 0, 'Compra', 60),
(2217, '7416501930044', '2019-06-27', 11, 0, 'Compra', 11),
(2218, '7416501930075', '2019-06-27', 96, 0, 'Compra', 96),
(2219, '7416500226421', '2019-06-27', 0, 1, 'Venta', 43),
(2220, '7416501930037', '2019-06-27', 103, 0, 'Compra', 103),
(2221, '7704875888604', '0000-00-00', 0, 1, 'Venta', 1),
(2222, '7704758024914', '0000-00-00', 0, 1, 'Venta', 1),
(2223, '42768807', '0000-00-00', 0, 1, 'Venta', 3),
(2224, '1005', '0000-00-00', 0, 1, 'Venta', 9),
(2225, '7416501930099', '2019-06-27', 85, 0, 'Compra', 85),
(2226, '7416501930075', '2019-06-27', 42, 0, 'Compra', 42),
(2227, '7416501930198', '2019-06-27', 83, 0, 'Compra', 83),
(2228, '7416501953500', '2019-06-27', 50, 0, 'Compra', 50),
(2229, '7416501930068', '2019-06-27', 86, 0, 'Compra', 86),
(2230, '7416501953555', '2019-06-28', 0, 1, 'Venta', 54),
(2231, '7754111546218', '2019-06-28', 12, 0, 'Compra', 12),
(2232, '7426500805571', '2019-06-28', 0, 1, 'Venta', 41),
(2233, '6925513020755', '2019-06-28', 0, 1, 'Venta', 13),
(2234, '3154142251305', '2019-06-28', 60, 0, 'Compra', 60),
(2235, '11019', '2019-06-28', 0, 1, 'Venta', 104),
(2236, '5035', '2019-06-28', 0, 8, 'Venta', 88),
(2237, '7453015124866', '2019-06-28', 0, 3, 'Venta', 8),
(2238, '4717480709779', '2019-06-28', 0, 1, 'Venta', 0),
(2239, '4710887406487', '2019-06-28', 0, 2, 'Venta', 26),
(2240, '83355301', '2019-06-28', 3, 0, 'Compra', 3),
(2241, '58716618', '2019-06-28', 2, 0, 'Compra', 2),
(2242, '24414340', '2019-06-28', 3, 0, 'Compra', 3),
(2243, '78360426', '2019-06-28', 4, 0, 'Compra', 4),
(2244, '4005401190066', '2019-06-28', 12, 0, 'Compra', 102),
(2245, '5051', '2019-06-28', 0, 9, 'Venta', 109),
(2246, '5049', '2019-06-28', 0, 18, 'Venta', 166),
(2247, '4005401190042', '2019-06-28', 36, 0, 'Compra', 36),
(2248, '5046', '2019-06-28', 0, 12, 'Venta', 53),
(2249, '4902505139314', '2019-06-28', 36, 0, 'Compra', 36),
(2250, '40613802', '2019-06-28', 5, 0, 'Compra', 5),
(2251, '52964817', '2019-06-28', 4, 0, 'Compra', 4),
(2252, '7501372120202', '2019-06-28', 5, 0, 'Compra', 5),
(2253, '851196001049', '2019-06-28', 2, 0, 'Compra', 2),
(2254, '7406027037600', '2019-06-28', 33, 0, 'Compra', 33),
(2255, '7453015112443', '2019-06-28', 1, 0, 'Compra', 1),
(2256, '7453015148916', '2019-06-28', 1, 0, 'Compra', 1),
(2257, '7406027034944', '2019-06-28', 58, 0, 'Compra', 58),
(2258, '7453015124286', '2019-06-28', 1, 0, 'Compra', 1),
(2259, '7501137380063', '2019-06-28', 12, 0, 'Compra', 12),
(2260, '7453015148930', '2019-06-28', 1, 0, 'Compra', 1),
(2261, '32970500', '2019-06-28', 1, 0, 'Compra', 1),
(2262, '795229366104', '2019-06-28', 1, 0, 'Compra', 1),
(2263, '80326892', '2019-06-28', 9, 0, 'Compra', 9),
(2264, '10991770', '2019-06-28', 12, 0, 'Compra', 12),
(2265, '87939514', '2019-06-28', 3, 0, 'Compra', 3),
(2266, '79124355', '2019-06-28', 2, 0, 'Compra', 2),
(2267, '72782156', '2019-06-28', 47, 0, 'Compra', 47),
(2268, '72804438', '2019-06-28', 1, 0, 'Compra', 1),
(2269, '32562576', '2019-06-28', 2, 0, 'Compra', 2),
(2270, '7401007604216', '2019-06-28', 7, 0, 'Compra', 7),
(2271, '760896001504', '2019-06-28', 3, 0, 'Compra', 3),
(2272, '90376504', '2019-06-28', 5, 0, 'Compra', 5),
(2273, '75179700', '2019-06-28', 4, 0, 'Compra', 4),
(2274, '7441035388436', '2019-06-28', 22, 0, 'Compra', 22),
(2275, '7401007600423', '2019-06-28', 4, 0, 'Compra', 4),
(2276, '54186095', '2019-06-28', 4, 0, 'Compra', 4),
(2277, '46699558', '2019-06-28', 1, 0, 'Compra', 1),
(2278, '37300289', '2019-06-28', 4, 0, 'Compra', 4),
(2279, '24939980', '2019-06-28', 3, 0, 'Compra', 3),
(2280, '11399629', '2019-06-28', 1, 0, 'Compra', 1),
(2281, '37002428', '2019-06-28', 1, 0, 'Compra', 1),
(2282, '7401007600416', '2019-06-28', 14, 0, 'Compra', 14),
(2283, '94702057', '2019-06-28', 3, 0, 'Compra', 3),
(2284, '7441005200041', '2019-06-28', 59, 0, 'Compra', 59),
(2285, '7501137380025', '2019-06-28', 27, 0, 'Compra', 27),
(2286, '7501137380049', '2019-06-28', 19, 0, 'Compra', 19),
(2287, '32468816', '2019-06-28', 0, 1, 'Venta', 10),
(2288, '7501137380032', '2019-06-28', 39, 0, 'Compra', 39),
(2289, '7426500822226', '2019-06-28', 0, 1, 'Venta', 115),
(2290, '4712759211670', '2019-06-28', 0, 1, 'Venta', 48),
(2291, '7416500272275', '2019-06-28', 0, 1, 'Venta', 139),
(2292, '7441035388429', '2019-06-28', 78, 0, 'Compra', 78),
(2293, '7441046359418', '2019-06-28', 0, 3, 'Venta', 35),
(2294, '7401007600386', '2019-06-28', 0, 1, 'Venta', 38),
(2295, '7401007600645', '2019-06-28', 0, 2, 'Venta', 158),
(2296, '4712477114864', '2019-06-28', 0, 1, 'Venta', 1),
(2297, '7401007600645', '2019-06-28', 0, 2, 'Venta', 156),
(2298, '4712477114864', '2019-06-28', 0, 1, 'Venta', 0),
(2299, '7702003008535', '2019-06-28', 0, 1, 'Venta', 1),
(2300, '4208', '2019-06-28', 0, 1, 'Venta', 21),
(2301, '5040', '2019-06-28', 0, 1, 'Venta', 102),
(2302, '5040', '2019-06-28', 0, 1, 'Venta', 101),
(2303, '5039', '2019-06-28', 0, 1, 'Venta', 115),
(2304, '5038', '2019-06-28', 0, 1, 'Venta', 112),
(2305, '5037', '2019-06-28', 0, 1, 'Venta', 143),
(2306, '5036', '2019-06-28', 0, 1, 'Venta', 74),
(2307, '3345', '2019-06-28', 0, 1, 'Venta', 35),
(2308, '5040', '2019-06-28', 0, 1, 'Venta', 100),
(2309, '5040', '2019-06-28', 0, 1, 'Venta', 99),
(2310, '5039', '2019-06-28', 0, 1, 'Venta', 114),
(2311, '5038', '2019-06-28', 0, 1, 'Venta', 111),
(2312, '5037', '2019-06-28', 0, 1, 'Venta', 142),
(2313, '5036', '2019-06-28', 0, 1, 'Venta', 73),
(2314, '3345', '2019-06-28', 0, 1, 'Venta', 34),
(2315, '8442310000004', '2019-06-28', 0, 4, 'Venta', 5),
(2316, '4200', '2019-06-28', 0, 1, 'Venta', 14),
(2317, '7501137380025', '2019-06-28', 0, 1, 'Venta', 26),
(2318, '7503002942284', '2019-06-28', 0, 2, 'Venta', 22),
(2319, '4007817321539', '2019-06-28', 0, 1, 'Venta', 35),
(2320, '15016', '2019-06-28', 0, 2, 'Venta', 894),
(2321, '15015', '2019-06-28', 0, 3, 'Venta', 822),
(2322, '15010', '2019-06-28', 0, 2, 'Venta', 322),
(2323, '15008', '2019-06-28', 0, 2, 'Venta', 651),
(2324, '11011', '2019-06-28', 0, 2, 'Venta', 77),
(2325, '11008', '2019-06-28', 0, 2, 'Venta', 22),
(2326, '11004', '2019-06-28', 0, 1, 'Venta', 43),
(2327, '7003', '2019-06-28', 0, 1, 'Venta', 5),
(2328, '11011', '2019-06-28', 0, 1, 'Venta', 76),
(2329, '11008', '2019-06-28', 0, 1, 'Venta', 21),
(2330, '6921843906035', '2019-06-28', 0, 1, 'Venta', 17),
(2331, '10024', '2019-06-29', 0, 1, 'Venta', 3),
(2332, '7503002930878', '2019-06-29', 0, 5, 'Venta', 82),
(2333, '7406027034944', '2019-06-29', 0, 1, 'Venta', 57),
(2334, '4717480703432', '2019-06-29', 0, 1, 'Venta', 0),
(2335, '15008', '2019-06-29', 0, 2, 'Venta', 649),
(2336, '7441046359418', '2019-06-29', 0, 1, 'Venta', 34),
(2337, '7441046359395', '2019-06-29', 0, 4, 'Venta', 59),
(2338, '7416500210130', '2019-06-29', 0, 1, 'Venta', 118),
(2339, '8854556000524', '2019-06-29', 0, 1, 'Venta', 105),
(2340, '95594521', '2019-06-29', 0, 1, 'Venta', 313),
(2341, '77237606', '2019-06-29', 0, 1, 'Venta', 134),
(2342, '7503002930878', '2019-06-29', 0, 1, 'Venta', 81),
(2343, '7503002930854', '2019-06-29', 0, 1, 'Venta', 93),
(2344, '7503002930793', '2019-06-29', 0, 1, 'Venta', 23),
(2345, '7503002930786', '2019-06-29', 0, 1, 'Venta', 91),
(2346, '95594521', '2019-06-29', 0, 6, 'Venta', 307),
(2347, '69599613', '2019-06-29', 0, 6, 'Venta', 471),
(2348, '4712847091566', '2019-06-29', 0, 1, 'Venta', 2),
(2349, '7704875880387', '2019-06-29', 0, 1, 'Venta', 1),
(2350, '4712914148032', '2019-06-29', 0, 1, 'Venta', 4);

-- --------------------------------------------------------

--
-- Estructura de tabla para la tabla `login`
--

CREATE TABLE `login` (
  `user` varchar(25) COLLATE ucs2_spanish2_ci NOT NULL,
  `pass` varchar(150) COLLATE ucs2_spanish2_ci DEFAULT NULL,
  `nombre` varchar(100) COLLATE ucs2_spanish2_ci DEFAULT NULL,
  `rol` int(11) DEFAULT NULL,
  `token` varchar(50) COLLATE ucs2_spanish2_ci DEFAULT NULL
) ENGINE=InnoDB DEFAULT CHARSET=ucs2 COLLATE=ucs2_spanish2_ci;

--
-- Volcado de datos para la tabla `login`
--

INSERT INTO `login` (`user`, `pass`, `nombre`, `rol`, `token`) VALUES
('admin', '202cb962ac59075b964b07152d234b70', 'Administrador', 0, '0'),
('caja', '202cb962ac59075b964b07152d234b70', 'Caja', 1, '0');

-- --------------------------------------------------------

--
-- Estructura de tabla para la tabla `marca`
--

CREATE TABLE `marca` (
  `IDMARCA` int(10) NOT NULL,
  `NOMBRE` varchar(50) COLLATE utf8_spanish2_ci NOT NULL
) ENGINE=InnoDB DEFAULT CHARSET=utf8 COLLATE=utf8_spanish2_ci;

--
-- Volcado de datos para la tabla `marca`
--

INSERT INTO `marca` (`IDMARCA`, `NOMBRE`) VALUES
(1, 'PILOT'),
(2, 'EVEREST'),
(3, 'FAST'),
(4, 'CANON'),
(5, 'EPSON'),
(6, 'HP'),
(7, 'KINGSTON'),
(8, 'CASIO'),
(9, 'ALCATEL'),
(10, 'RCA'),
(11, 'MY'),
(12, 'WIRELESS'),
(13, 'KLIP EXTREME'),
(14, 'DFH'),
(15, 'BLOCKS'),
(16, 'KREIS'),
(17, 'KREA'),
(18, 'COX'),
(19, 'SIX ONE EIGHT TOYS '),
(20, 'ANIMAL WORLD'),
(21, 'MERLETTO'),
(22, 'EDICIONES BLESS'),
(23, 'MAPED'),
(24, 'HONGSHENG'),
(25, 'MOTEX'),
(26, 'NKT'),
(27, 'RAPID'),
(28, 'STUDMARK'),
(29, 'SWINGLINE'),
(30, 'SCOTCH'),
(31, 'SHINY '),
(32, 'JOCAR'),
(33, 'Y-PLUS '),
(34, 'FABER-CASTELL'),
(35, 'EDDING'),
(36, 'MAE'),
(37, 'SKISS'),
(38, 'LINZY'),
(39, 'PELANAS'),
(40, 'NAT&JULES'),
(41, 'LOVELY TOYS'),
(42, 'GABI TOY '),
(43, 'DISNEY JUNNIOR'),
(44, 'TITICOS'),
(45, 'TOTTO'),
(46, 'KIUT'),
(47, 'FOSSILES'),
(48, 'GUESS'),
(49, 'NAUTICA '),
(50, 'JOHN DEERE'),
(51, 'CONVERSE '),
(52, 'ABERCROMBIE & FITCH'),
(53, 'SIERRA MADRE '),
(54, 'MONTAGUE'),
(55, 'GERMAN-TEK'),
(56, 'PANASONIC'),
(57, 'AEROSPEED'),
(58, 'MAN'),
(59, 'HOME'),
(60, 'TOPTEAM'),
(61, 'CRYSTAL'),
(62, 'ZIPLINE'),
(63, 'AMPO'),
(64, 'NORMA'),
(65, 'ERICHKRAUSE'),
(66, 'GASALE'),
(67, 'CONTINENTAL'),
(68, 'SIT'),
(69, 'GENERICA'),
(70, 'KUL'),
(71, 'SADE'),
(72, 'PRESICION'),
(73, 'Tucan'),
(74, 'Articolor'),
(75, 'Fast'),
(76, 'Simbalion'),
(77, 'Expo'),
(78, 'Stadtler'),
(79, 'Faber Castell'),
(80, 'Kung fu Duck'),
(81, 'Tody'),
(82, 'PrismaColor'),
(83, 'Norma'),
(84, 'Faber Max'),
(85, 'Pacasa'),
(86, 'Maped'),
(87, 'Edding'),
(88, 'Sargent'),
(89, 'Carioca'),
(90, 'Barrilito'),
(91, 'Castell'),
(92, 'Pilot'),
(93, 'Das'),
(94, 'Carter'),
(95, 'Ofimak'),
(96, 'Quick '),
(97, 'Studio'),
(98, 'credeal'),
(99, 'Manpa'),
(100, 'Papelesa'),
(101, 'Mis pasitos'),
(102, 'Victoria abc'),
(103, 'Susaeta'),
(104, 'Apunta Livsa'),
(105, 'El Quijote'),
(106, 'Rayados Illescas'),
(107, 'Upak'),
(108, 'Ampo'),
(109, 'TopTeam'),
(110, 'Conquistador'),
(111, 'Scribe'),
(112, 'Arimany'),
(113, 'Uest'),
(114, 'paper mate'),
(115, 'zebra'),
(116, 'sharpie'),
(117, 'Frixion '),
(118, 'schitss'),
(119, 'studmark'),
(120, 'Azor'),
(121, 'Sina Fina'),
(122, 'Stafford'),
(123, 'Traxx'),
(124, 'Parker'),
(125, 'Cox'),
(126, 'Y plus'),
(127, 'Cox'),
(128, 'Olfa'),
(129, 'post-it'),
(130, 'zea'),
(131, 'Hopax'),
(132, 'Stickn'),
(133, 'Tesa'),
(134, 'wacky'),
(135, 'ox ford'),
(136, 'cork'),
(137, 'Crayola'),
(138, 'Sablon'),
(139, 'Pritt'),
(140, 'pega fast'),
(141, 'Scotch'),
(142, 'Name'),
(143, 'Toyo'),
(144, '( Marca china )'),
(145, 'Pointer'),
(146, 'pop set '),
(147, 'Irasafortec'),
(148, 'SES'),
(149, 'Royal duck'),
(150, 'G?kolo'),
(151, 'carbilucci'),
(152, 'merletto'),
(153, 'Mae'),
(154, 'Jocar'),
(155, 'Abjitas'),
(156, 'Canelo'),
(157, 'Hy Stick'),
(158, 'Hy Stick'),
(159, 'Tesa'),
(160, 'Highland'),
(161, 'Scotch'),
(162, 'Resistol'),
(163, 'Gomy'),
(164, 'Don graf'),
(165, 'Distribuidora universal 1998'),
(166, 'Dicariv'),
(167, 'Any color '),
(168, 'La Rousse'),
(169, 'Santa Ines '),
(170, 'Everest '),
(171, 'A. Baldor'),
(172, 'Bic'),
(173, 'Mongol'),
(174, 'Chek it'),
(175, 'Scriva '),
(176, 'Flashfile'),
(177, 'Irasa'),
(178, 'Beauntone'),
(179, 'Imperal'),
(180, 'Apunta'),
(181, 'Report'),
(182, 'Aplebear'),
(183, 'School Tools '),
(184, 'Raf'),
(185, 'Ubl'),
(186, 'PartyExpor'),
(187, 'Neenah paper'),
(188, 'Pintios'),
(189, 'Curios'),
(190, 'Arjowiggns '),
(191, 'Cultural Guatemalteca'),
(192, 'DLA'),
(193, 'Rodix'),
(194, 'Continental'),
(195, 'Dorasol'),
(196, 'Man'),
(197, 'Soft Expressions '),
(198, 'Rhein'),
(199, 'Pepe'),
(200, 'KYMA'),
(201, 'ACRIMET'),
(202, 'Estilo'),
(203, 'Quest'),
(204, 'Taqui Executive'),
(206, 'Staff Office'),
(207, 'Steno'),
(208, 'El Lider'),
(209, 'Yamaha'),
(210, 'Round Stamp'),
(211, 'Plasticos Toyo'),
(212, 'AVERY'),
(213, 'PELIKAN'),
(214, 'Eldon'),
(215, 'Mylin'),
(216, 'Prochem'),
(217, 'Oxford'),
(218, 'Seiko / Lorus'),
(219, 'Taurus'),
(220, 'Linzy Toys'),
(221, 'Lovely Trading'),
(222, 'Russ Berrie'),
(223, 'Floralicious'),
(224, 'B & B Toymaker'),
(225, 'BACO'),
(226, 'Woody Toys'),
(227, 'STAEDTLER'),
(229, 'MYO'),
(230, 'MICROSOFT'),
(233, 'ACME'),
(234, 'GENIUS'),
(235, 'Gabilucci'),
(236, 'CANSON'),
(237, 'Pioneer'),
(238, 'Distribuidora Universal 2000'),
(239, 'Applebear'),
(240, 'MAXELL'),
(241, 'Createx'),
(242, 'Larousse');

-- --------------------------------------------------------

--
-- Estructura de tabla para la tabla `pago_cliente`
--

CREATE TABLE `pago_cliente` (
  `idpago_cliente` int(11) NOT NULL,
  `fecha` date DEFAULT NULL,
  `idcliente` int(11) NOT NULL,
  `idFormaPago` int(11) NOT NULL,
  `noCheque` bigint(15) NOT NULL,
  `banco` varchar(100) COLLATE ucs2_spanish2_ci NOT NULL,
  `nocuenta` bigint(20) NOT NULL,
  `total_abono` decimal(8,2) DEFAULT NULL
) ENGINE=InnoDB DEFAULT CHARSET=ucs2 COLLATE=ucs2_spanish2_ci;

-- --------------------------------------------------------

--
-- Estructura de tabla para la tabla `producto`
--

CREATE TABLE `producto` (
  `idproducto` varchar(100) COLLATE ucs2_spanish2_ci NOT NULL,
  `idCategoria` int(11) DEFAULT NULL,
  `nombre` varchar(100) COLLATE ucs2_spanish2_ci DEFAULT NULL,
  `preciocosto` decimal(8,2) DEFAULT NULL,
  `precioSugerido` decimal(8,2) DEFAULT NULL,
  `precioTop` decimal(8,2) DEFAULT NULL,
  `marca` int(50) DEFAULT NULL,
  `serie` varchar(50) COLLATE ucs2_spanish2_ci NOT NULL,
  `modelo` varchar(50) COLLATE ucs2_spanish2_ci NOT NULL
) ENGINE=InnoDB DEFAULT CHARSET=ucs2 COLLATE=ucs2_spanish2_ci;

--
-- Volcado de datos para la tabla `producto`
--

INSERT INTO `producto` (`idproducto`, `idCategoria`, `nombre`, `preciocosto`, `precioSugerido`, `precioTop`, `marca`, `serie`, `modelo`) VALUES
(' 025215623028', 3, 'CD CON ESTUCHE', '3.45', '5.00', '5.00', 69, '', ''),
(' 27498439', 2, 'Lustrina color Rosa', '1.40', '2.00', '2.00', 69, '', ''),
(' 54500297', 2, 'Lustrina color Marron', '1.40', '2.00', '2.00', 69, '', ''),
('0000260850032', 2, 'Agenda para numeros de telefono', '17.25', '25.00', '25.00', 3, '', ''),
('000251700117', 2, 'Libreta de apuntes El Quijote', '0.80', '2.25', '2.25', 105, '', ''),
('010343885301', 2, 'TINTA EPSON DE COLOR CELESTE T664 220', '67.50', '98.00', '98.00', 4, '', ''),
('010343885318', 3, 'TINTA EPSON DE COLOR ROSADO T664 320', '67.50', '98.00', '98.00', 5, '', ''),
('010343885325', 3, 'TINTA EPSON DE COLOR AMARILLO T664 420', '67.50', '98.00', '98.00', 4, '', ''),
('019962010255', 2, 'Edufoam Reloj', '10.00', '14.50', '14.50', 183, '', ''),
('019962010354', 2, 'Edufoam Números', '10.00', '14.50', '14.50', 183, '', ''),
('019962011559', 2, 'Celula Animal en duropord Edufoam', '10.00', '14.50', '14.50', 183, '', ''),
('019962011658', 2, 'Célula vegetal en duropord', '10.00', '14.50', '14.50', 183, '', ''),
('019962011955', 2, 'Sistema respiratorio en duropord Edufoam', '10.00', '14.50', '14.50', 183, '', ''),
('019962012150', 2, 'Sistema Solar en duropord Edufoam', '10.00', '14.50', '14.50', 183, '', ''),
('019962012754', 2, 'Mapa De Guatemala En Duroport Edufoam', '10.00', '14.50', '14.50', 183, '', ''),
('021200075674', 2, 'Tape invisible de 3/4\" Highland', '11.00', '16.00', '16.00', 160, '', ''),
('021200171031', 2, 'Tape scotch double sided', '24.50', '35.50', '35.50', 141, '', ''),
('021200506710', 1, 'PESTAÑAS PLASTICAS', '31.70', '46.00', '46.00', 129, '', ''),
('021200690938', 1, 'BANDERITA DE POST-IT ', '14.80', '21.50', '21.50', 129, '', ''),
('030402223912', 1, 'Dispensador de tape', '18.60', '27.00', '27.00', 214, '', ''),
('037988561988', 5, 'Maquina Pedicure Care Panasonic Cuidado de los Pies', '206.00', '300.00', '300.00', 56, 'ES', '2502'),
('039915359354', 11, 'Arreglo de Peluche Pequeño color Rosado - Rouss Berrie', '130.00', '175.00', '175.00', 222, '', ''),
('042229215032', 2, 'Marcadores Jumbo 10 Colores', '0.00', '38.00', '38.00', 88, '', ''),
('044476084034', 3, 'CONTROLES UNIVERSALES 4 EN 1', '24.10', '35.00', '35.00', 10, '', ''),
('051131431898', 1, 'BASE EN FORMA DE CARTER DE POST-IT', '66.50', '97.00', '97.00', 129, '', ''),
('051131912083', 2, 'Goma en Barra 20g Scotch', '9.30', '13.50', '13.50', 30, '', ''),
('051131962385', 1, 'POST-IT EN FORMA DE CORAZON DE COLOR MORADO Y TURQUESA', '12.75', '18.50', '18.50', 129, '', ''),
('051141902340', 1, 'TIRA DE POST-IT PARA NOTAS', '21.20', '30.75', '30.75', 129, '', ''),
('051141928326', 1, 'BASE EN FORMA DE CORAZON DE POST-IT', '74.50', '108.00', '108.00', 129, '', ''),
('051141933535', 2, 'Tijera Scotch Para niños', '9.65', '14.00', '14.00', 30, '', ''),
('0521156006', 3, 'CABLE PARA IMPRESORA ', '8.95', '13.00', '13.00', 229, '', ''),
('070330179165', 2, 'LAPICERO PUNTA INTENSA BIC DE COLOR NEGRO', '1.50', '2.25', '1.88', 172, '', ''),
('070330179172', 2, 'LAPICERO PUNTA INTENSA BIC DE COLOR AZUL', '1.50', '2.25', '1.88', 172, '', ''),
('070330189119', 2, 'LAPICERO PUNTA INTENSA BIC DE COLOR ROSADO', '1.50', '2.25', '1.88', 172, '', ''),
('070330189126', 2, 'LAPICERO PUNTA INTENSA BIC DE COLOR MORADO', '1.50', '2.25', '1.88', 172, '', ''),
('070330189140', 2, 'LAPICERO BIC PUNTA INTENSA DE COLOR ROJO ', '1.50', '2.25', '1.88', 172, '', ''),
('070330194083', 2, 'LAPICERO PUNTA INTENSA BIC DE COLOR CELESTE', '1.50', '2.25', '1.88', 172, '', ''),
('071641031968', 2, 'REPUESTOS PARA PLUMA PARKER', '24.80', '36.00', '36.00', 124, '', ''),
('071641300514', 2, 'MARCADOR PERMANENTE SHARPIE DE COLOR NEGRO', '5.50', '8.00', '8.00', 116, '', ''),
('071641300521', 2, 'MARCADOR PERMANENTE SHARPIE DE COLOR ROJO', '5.50', '8.00', '8.00', 116, '', ''),
('071641300637', 2, 'MARCADOR PERMANENTE SHARPIE DE COLOR ZUL', '5.50', '8.00', '8.00', 116, '', ''),
('071641733701', 2, 'Colorific 12 Crayones Pastel de Aceite', '12.60', '18.25', '18.25', 122, '', ''),
('071641830783', 2, 'Marcadores Expo de 8 Colores Punta Biselada', '22.75', '33.00', '33.00', 3, '', ''),
('072782058685', 1, 'SELLOS DORADOS', '2.00', '3.00', '2.10', 212, '', ''),
('074711444019', 1, 'Engrapadora Metálica tira completa', '44.80', '65.00', '65.00', 29, '', ''),
('078787015814', 2, 'Caja Para Tarjetas Indices', '40.00', '58.00', '58.00', 217, '', ''),
('079767101640', 3, 'Adaptador de corriente Casio AD-4150', '0.00', '0.00', '0.00', 8, '', ''),
('091163251491', 3, 'MOUSE USB', '31.00', '45.00', '45.00', 234, '', ''),
('091511400144', 2, 'CORTADORA DE CIRCULOS ', '44.10', '64.00', '64.00', 128, '', ''),
('10001', 2, 'Pliego de Papel Foami Color Gris', '6.20', '9.00', '9.00', 69, '', ''),
('10002', 2, 'Pliego de Papel Foami Color Rosado Palido', '6.20', '9.00', '9.00', 69, '', ''),
('10003', 2, 'Pliego de Papel Foami Color Verde Limon', '6.20', '9.00', '9.00', 69, '', ''),
('10004', 2, 'Pliego de Papel Foami Color Amarillo', '6.20', '9.00', '9.00', 69, '', ''),
('10005', 2, 'Pliego de Papel Foami Color Azul', '6.20', '9.00', '9.00', 69, '', ''),
('10006', 2, 'Pliego de Papel Foami Color Blanco', '6.20', '9.00', '9.00', 69, '', ''),
('10007', 2, 'Pliego de Papel Foami Color Naranja', '6.20', '9.00', '9.00', 69, '', ''),
('10008', 2, 'Pliego de Papel Foami Color Beige', '6.20', '9.00', '9.00', 69, '', ''),
('10009', 2, 'Pliego de Papel Foami Color Azul Pavo', '6.20', '9.00', '9.00', 69, '', ''),
('1001', 4, 'Rompecabezas coleccionable caja rosada', '5.90', '8.50', '8.50', 22, '', ''),
('10010', 2, 'Pliego de Papel Foami Color Amarillo Palido', '6.20', '9.00', '9.00', 69, '', ''),
('10011', 2, 'Pliego de Papel Foami Color Verde', '6.20', '9.00', '9.00', 69, '', ''),
('10012', 2, 'Pliego de Papel Foami Color Aqua', '6.20', '9.00', '9.00', 69, '', ''),
('10013', 2, 'Pliego de Papel Foami Color Café', '6.20', '9.00', '9.00', 69, '', ''),
('10014', 2, 'Pliego de Papel Foami Color Morado', '6.20', '9.00', '9.00', 69, '', ''),
('10015', 2, 'Pliego de Papel Foami Color Negro', '6.20', '9.00', '9.00', 69, '', ''),
('10016', 2, 'Pliego de Papel Foami Color Rojo', '6.20', '9.00', '9.00', 69, '', ''),
('10017', 2, 'Pliego de Papel Foami Color Celeste', '6.20', '9.00', '9.00', 69, '', ''),
('10018', 2, 'Pliego de Papel Foami Brillante Color Café', '12.00', '17.50', '17.50', 69, '', ''),
('10019', 2, 'Pliego de Papel Foami Brillante Color Negro', '12.00', '17.50', '17.50', 69, '', ''),
('1002', 4, 'Rompecabezas coleccionables caja roja', '5.90', '8.50', '8.50', 22, '', ''),
('10020', 2, 'Pliego de Papel Foami Brillante Color Verde Oscuro', '12.00', '17.50', '17.50', 69, '', ''),
('10021', 2, 'Pliego de Papel Foami Brillante Color Verde Menta', '12.00', '17.50', '17.50', 69, '', ''),
('10022', 2, 'Pliego de Papel Foami Brillante Color Blanco', '12.00', '17.50', '17.50', 69, '', ''),
('10023', 2, 'Pliego de Papel Foami Brillante Color Fucsia', '12.00', '17.50', '17.50', 69, '', ''),
('10023150', 2, 'Pliegos de fieltro color amarillo', '0.00', '14.00', '14.00', 3, '', ''),
('10024', 2, 'Pliego de Papel Foami Brillante Color Morado Lila', '12.00', '17.50', '17.50', 69, '', ''),
('10025', 2, 'Pliego de Papel Foami Brillante Color Rosado', '12.00', '17.50', '17.50', 69, '', ''),
('10026', 2, 'Pliego de Papel Foami Brillante Color Verde Limon', '12.00', '17.50', '17.50', 69, '', ''),
('10027', 2, 'Pliego de Papel Foami Brillante Color Rojo', '12.00', '17.50', '17.50', 69, '', ''),
('10028', 2, 'Pliego de Papel Foami Brillante Color Naranja', '12.00', '17.50', '17.50', 69, '', ''),
('10029', 2, 'Pliego de Papel Foami Brillante Color Azul', '12.00', '17.50', '17.50', 69, '', ''),
('10030', 2, 'Pliego de Papel Foami Brillante Color Celeste', '12.00', '17.50', '17.50', 69, '', ''),
('10031', 2, 'Pliego de Papel Foami Brillante Color Dorado', '12.00', '17.50', '17.50', 69, '', ''),
('10032', 2, 'Pliego de Papel Foami Brillante Color Morado', '12.00', '17.50', '17.50', 69, '', ''),
('10033', 2, 'Pliego de Papel Foami Brillante Color Plateado', '12.00', '17.50', '17.50', 69, '', ''),
('1005', 4, 'Rompecabezas coleccionable caja azul', '5.90', '8.50', '8.50', 22, '', ''),
('1006', 2, 'Cepillo Kreis', '22.75', '33.00', '33.00', 16, '', ''),
('10093184', 2, 'pliego papel lustre color morado claro', '0.00', '1.00', '1.00', 3, '', ''),
('10343885295', 3, 'TINTA 664', '0.00', '98.00', '98.00', 5, '', ''),
('10343885301', 3, 'TINTA 664', '0.00', '98.00', '98.00', 5, '', ''),
('10343885318', 3, 'TINTA 664', '0.00', '98.00', '98.00', 5, '', ''),
('10343885325', 3, 'TINTA 664', '0.00', '98.00', '98.00', 5, '', ''),
('10343921573', 3, 'CA?ONERA EPSON POWERLITE S31+', '0.00', '4850.00', '4850.00', 5, '', ''),
('10395127', 1, 'GRAPAS INDUSTRIALES 23/15MM', '0.00', '11.00', '11.00', 3, '', ''),
('10672013', 2, 'pliego papel lustre color limon', '0.00', '1.00', '1.00', 3, '', ''),
('10690635', 2, 'Hoja papel esmaltado color fusia', '0.00', '2.00', '2.00', 3, '', ''),
('10700000000000', 2, 'Pintura para tela color morado ', '0.00', '9.00', '9.00', 3, '', ''),
('10725030', 2, 'Paquete de hojas bond 100 unidades tama?o carta color anaranjado ', '0.00', '23.00', '23.00', 74, '', ''),
('10731086', 2, 'Bloc de hojas animal print tama?o oficio ', '0.00', '15.00', '15.00', 93, '', ''),
('10991770', 2, 'Portaminas Scriva', '1.90', '2.75', '2.75', 175, '', ''),
('1100', 2, 'Rollo de masking tape verde de 1\"', '5.20', '7.50', '7.50', 157, '', ''),
('11001', 2, 'Pliego de papel craft grueso', '0.55', '1.00', '1.00', 69, '', ''),
('11002', 2, 'Pliego de papel esmaltado color verde', '2.25', '3.25', '3.25', 69, '', ''),
('11003', 2, 'Pliego de papel esmaltado color fucsia', '2.25', '3.25', '3.25', 69, '', ''),
('11004', 2, 'Pliego de papel iris color beige', '2.05', '3.00', '3.00', 69, '', ''),
('11005', 2, 'Pliego de papel iris color piel', '2.05', '3.00', '3.00', 69, '', ''),
('11006', 2, 'Pliego de papel iris color naranja', '2.05', '3.00', '3.00', 69, '', ''),
('11007', 2, 'Pliego de papel iris color lila', '2.05', '3.00', '3.00', 69, '', ''),
('11008', 2, 'Pliego de papel iris color palo rosa', '2.05', '3.00', '3.00', 69, '', ''),
('11009', 2, 'Pliego de papel iris color morado fuerte', '2.05', '3.00', '3.00', 69, '', ''),
('1101', 1, 'Cinta aislante electrica de vinilo', '10.35', '15.00', '15.00', 157, '', ''),
('11010', 2, 'Pliego de papel iris color fucsia', '2.05', '3.00', '3.00', 69, '', ''),
('11011', 2, 'Pliego de papel iris color celeste', '2.05', '3.00', '3.00', 69, '', ''),
('11012', 2, 'Pliego de papel iris color celesre fuerte', '2.05', '3.00', '3.00', 69, '', ''),
('11013', 2, 'Pliego de papel iris color azul marino', '2.05', '3.00', '3.00', 69, '', ''),
('11014', 2, 'Pliego de papel iris color verde limon', '2.05', '3.00', '3.00', 69, '', ''),
('11015', 2, 'Pliego de papel iris color verde oscuro', '2.05', '3.00', '3.00', 69, '', ''),
('11016', 2, 'Pliego de papel iris color cafe', '2.05', '3.00', '3.00', 69, '', ''),
('11017', 2, 'Pliego de papel iris colo negro', '2.05', '3.00', '3.00', 69, '', ''),
('11018', 2, 'Pliego de papel iris color amarillo', '2.05', '3.00', '3.00', 69, '', ''),
('11019', 2, 'Pliego de papel iris color rojo', '2.05', '3.00', '3.00', 69, '', ''),
('11020', 2, 'Pliego de papel arcoiris color beige', '3.65', '5.25', '5.25', 69, '', ''),
('11021', 2, 'Pliego de papel arcoiris color blanco', '3.65', '5.25', '5.25', 69, '', ''),
('11022', 2, 'Pliego de papel arcoiris color coral', '3.65', '5.25', '5.25', 69, '', ''),
('11023', 2, 'Pliego de papel arcoiris color negro', '3.65', '5.25', '5.25', 69, '', ''),
('11024', 2, 'Pliego de papel iris color morado', '3.65', '5.25', '5.25', 69, '', ''),
('11025', 2, 'Pliego de papel arcoiris color amarillo', '3.65', '5.25', '5.25', 69, '', ''),
('11025733', 4, 'Bolsa de regalo peque?a kraf ', '0.00', '4.00', '4.00', 0, '', ''),
('11026', 2, 'Pliego de papel arcoiris color corinto', '3.65', '5.25', '5.25', 69, '', ''),
('11027', 2, 'Pliego de papel arcoiris color rojo', '3.65', '5.25', '5.25', 69, '', ''),
('11028', 2, 'Pliego de papel arcoiris color celeste', '3.65', '5.25', '5.25', 69, '', ''),
('11029', 2, 'Pliego de papel arcoiris color verde limon', '3.65', '5.25', '5.25', 69, '', ''),
('1103', 2, 'Rollos pequeños de masking tape', '1.40', '2.00', '2.00', 69, '', ''),
('11030', 2, 'Pliego de papel arcoiris color verde oscuro', '3.65', '5.25', '5.25', 69, '', ''),
('11031', 2, 'Pliego de papel arcoiris color azul', '3.65', '5.25', '5.25', 69, '', ''),
('11032', 2, 'Pliego de papel arcoiris color gris', '3.65', '5.25', '5.25', 69, '', ''),
('11033', 2, 'Pliego de papel arcoiris color cafe', '3.65', '5.25', '5.25', 69, '', ''),
('11034', 2, 'Pliego de papel calco', '3.45', '5.00', '5.00', 69, '', ''),
('11185352', 2, 'Hoja papel esmaltado color azul', '0.00', '2.00', '2.00', 3, '', ''),
('11234326', 2, 'Hoja bon con dise?o color gris ', '0.00', '1.00', '1.00', 3, '', ''),
('11392354', 2, 'Hoja de 90 gms color gris tama?o oficio ', '0.00', '1.00', '1.00', 3, '', ''),
('11399629', 7, 'Silla plastica de jardin', '180.00', '275.00', '275.00', 69, '', ''),
('11419754', 2, 'Bloc de hojas pintios paper tama?o carta ', '0.00', '19.00', '19.00', 94, '', ''),
('11670650', 2, 'Hoja bond tama?o oficio color celeste ', '0.00', '0.00', '0.00', 74, '', ''),
('11720218', 2, 'Sacapuntas doble agujero de colores', '0.00', '3.00', '3.00', 69, '', ''),
('11753872', 2, '100 hojas brillante con textura de 110 gm ', '0.00', '133.00', '133.00', 3, '', ''),
('12001', 2, 'Pliego de papel acanalado color gris', '4.48', '6.50', '6.50', 69, '', ''),
('12002', 2, 'Pliego de papel acanalado esmaltado color morado', '5.86', '8.50', '8.50', 69, '', ''),
('12003', 2, 'Pliego de papel acanalador color verde', '4.48', '6.50', '6.50', 69, '', ''),
('12004', 2, 'Pliego de papel acanalador esmaltado color verde', '5.86', '8.50', '8.50', 69, '', ''),
('12005', 2, 'Pliego de papel esmaltado color Azul', '2.25', '3.25', '3.25', 69, '', ''),
('12006', 2, 'Pliego de papel esmaltado color rojo', '2.25', '3.25', '3.25', 69, '', ''),
('12007', 2, 'Pliego de papel esmaltado color plateado', '2.25', '3.25', '3.25', 69, '', ''),
('12008', 2, 'Pliego de papel esmaltado color dorado', '2.25', '3.25', '3.25', 69, '', ''),
('12009', 2, 'Pliego de papel esmaltado color morado', '2.25', '3.25', '3.25', 69, '', ''),
('12010', 2, 'Pliego de papel doble color cafe y turqueza', '3.25', '4.75', '4.75', 69, '', ''),
('12011', 2, 'Pliego de papel doble color rojo y gris', '3.25', '4.75', '4.75', 69, '', ''),
('12012', 2, 'Pliego de papel doble color celeste y beige', '3.25', '4.75', '4.75', 69, '', ''),
('12013', 2, 'Pliego de papel lino color rosado', '3.40', '4.50', '4.50', 69, '', ''),
('12014', 2, 'Pliego de papel lino color anaranjado', '3.10', '4.50', '4.50', 69, '', ''),
('12015', 2, 'Pliego de papel lino color amarillo palido', '3.10', '4.50', '4.50', 69, '', ''),
('12016', 2, 'Pliego de papel con Diseño de Bebe color Amarillo', '1.75', '2.50', '2.50', 69, '', ''),
('12017', 2, 'Pliego de papel con Diseño de Letras color Verde', '1.75', '2.50', '2.50', 69, '', ''),
('12018', 2, 'Pliego de papel con diseño de estrellas Color Azul', '1.75', '2.50', '2.50', 69, '', ''),
('12019', 2, 'Pliego de papel con diseño de corazones color rojo', '1.75', '2.50', '2.50', 69, '', ''),
('12020', 2, 'Pliego de papel con Diseño de Musica color negro', '1.75', '2.50', '2.50', 69, '', ''),
('12021', 2, 'Pliego de papel para regalo con Diseño de Cascanueses', '1.35', '2.00', '2.00', 69, '', ''),
('12022', 2, 'Pliego de papel para regalo con diseño de animales', '1.35', '2.00', '2.00', 69, '', ''),
('12023', 2, 'Pliego de papel para regalo con diseño de bebe', '1.35', '2.00', '2.00', 69, '', ''),
('12024', 2, 'Pliego de papel para regalo con diseño de corazones bailando', '1.35', '2.00', '2.00', 69, '', ''),
('12025', 2, 'Pliego de papel para regalo con diseño de cerditos color azul', '1.35', '2.00', '2.00', 69, '', ''),
('12026', 2, 'Pliego de papel para regalo brillante color dorado', '4.15', '6.00', '6.00', 69, '', ''),
('12027', 2, 'Pliego de papel de regalo brillante color plateado', '4.15', '6.00', '6.00', 69, '', ''),
('12028', 2, 'Pliego de papel para regalo brillante con Diseño de soles color Celeste', '4.15', '6.00', '6.00', 69, '', ''),
('12029', 2, 'Pliego de papel para regalo coor rojo brillante', '4.15', '6.00', '6.00', 69, '', ''),
('12030', 2, 'Pliego de papel brillante color gris', '7.25', '10.50', '10.50', 69, '', ''),
('12031', 2, 'Pliego de papel brillante color rosado', '7.25', '10.50', '10.50', 69, '', ''),
('12032', 2, 'Pliego de papel brillante color turqueza', '7.25', '10.50', '10.50', 69, '', ''),
('12033', 2, 'Pliego de papel brillante color gris claro', '7.25', '10.50', '10.50', 69, '', ''),
('12034', 2, 'Pliego de papel brillante color anaranjado', '7.25', '10.50', '10.50', 69, '', ''),
('12035', 2, 'Pliego de papel brillante color verde limon', '7.25', '10.50', '10.50', 69, '', ''),
('12036', 2, 'Pliego de papel brillante color cafe', '7.25', '10.50', '10.50', 69, '', ''),
('12037', 2, 'Pliego de papel brillante de color verde musgo', '7.25', '10.50', '10.50', 69, '', ''),
('12038', 2, 'Pliego de papel brillante color verde oscuro', '7.25', '10.50', '10.50', 69, '', ''),
('12039', 2, 'Pliego de papel brillante color palo rosa', '7.25', '10.50', '10.50', 69, '', ''),
('12040', 2, 'Pliego de papel Brillante color Celeste', '7.25', '10.50', '10.50', 69, '', ''),
('12041', 2, 'Pliego de papel brillante color morado fuerte', '7.25', '10.50', '10.50', 69, '', ''),
('12042', 2, 'Pliego de papel brillante color lila', '7.25', '10.50', '10.50', 69, '', ''),
('12043', 2, 'Pliego de papel brillante color azul pavo', '7.25', '10.50', '10.50', 69, '', ''),
('12044', 2, 'Pliego de papel brillante color amarillo', '7.25', '10.50', '10.50', 69, '', ''),
('12045', 2, 'Pliego de papel cartonsillo color Blanco', '2.40', '3.50', '3.50', 69, '', ''),
('12046', 2, 'Pliegos de papel mantequilla', '1.72', '2.50', '2.50', 69, '', ''),
('12047', 2, 'Pliego de papel craft delgado', '0.35', '0.50', '0.50', 69, '', ''),
('12047697', 2, 'pliego papel esmaltado color rosado', '0.00', '3.00', '3.00', 3, '', ''),
('12048', 2, 'Pliego de papel acanalado color negro', '4.48', '6.50', '6.50', 69, '', ''),
('12049', 2, 'Pliego de papel acanalado color naranja', '4.48', '6.50', '6.50', 69, '', ''),
('12050', 2, 'Pliego de papel acanalado color azul', '4.48', '6.50', '6.50', 69, '', ''),
('12051', 2, 'Pliego de papel de regalo con diseño de estrellas color verde brillante', '2.00', '3.00', '3.00', 69, '', ''),
('12052', 2, 'Pliego de papel regalo con diseño de flores color gris brillante', '2.00', '3.00', '3.00', 69, '', ''),
('12093281', 2, 'Paquete de fichas media carta 100 unidades ', '0.00', '18.00', '18.00', 32, '', ''),
('12445165', 2, 'Hoja fomy tama?o carta color rosado', '0.00', '1.00', '1.00', 3, '', ''),
('12451784', 2, 'Paquete de foamy 10 unidade escarcahado tama?o carta color verde limon', '0.00', '26.00', '26.00', 3, '', ''),
('12607266', 1, 'Escritorio tipo \"L\" ibiza', '1135.00', '1650.00', '1650.00', 67, '', ''),
('12708376', 2, 'pliego papel brillante color dorado', '0.00', '11.00', '11.00', 3, '', ''),
('12950812', 2, 'ley organica del organismo legislativo', '0.00', '8.00', '8.00', 120, '', ''),
('12990658', 2, 'Paquete de 10 unidades de foamy con lentejuelas anaranjado', '0.00', '48.00', '48.00', 3, '', ''),
('13000', 2, 'PLIEGO DE PAPEL CELOFAN COLOR AMARILLO', '1.70', '2.50', '2.50', 69, '', ''),
('13001', 2, 'PLIEGO DE PAPEL CELOFAN COLOR AZUL', '1.70', '2.50', '2.50', 69, '', ''),
('13002', 2, 'PLIEGO DE PAPEL CELOFAN COLOR ROJO', '1.70', '2.50', '2.50', 69, '', ''),
('13003', 2, 'PLIEGO DE PAPEL CELOFAN COLOR MORADO', '1.70', '2.50', '2.50', 69, '', ''),
('13004', 2, 'PLIEGO DE PAPEL CELOFAN TRANSPARENTE', '1.70', '2.50', '2.50', 69, '', ''),
('13005', 2, 'PLIEGO DE PAPEL CELOFAN COLOR VERDE', '1.70', '2.50', '2.50', 69, '', ''),
('13006', 2, 'PLIEGO DE PAPEL CELOFAN COLOR AMARILLO', '1.70', '2.50', '2.50', 69, '', ''),
('13007', 2, 'PLIEGO DE PAPEL BOND COLOR BLANCO', '2.00', '3.00', '3.00', 69, '', ''),
('13008', 2, 'PLIEGO DE PAPEL CONSTRUCCION COLOR ANARANJADO', '1.00', '1.50', '1.50', 69, '', ''),
('13009', 2, 'PLIEGO DE PAPEL CONSTRUCCION COLOR CAFE', '1.00', '1.50', '1.50', 69, '', ''),
('13010', 2, 'PLIEGO DE PAPEL CONSTRUCCION COLOR ROJO', '1.00', '1.50', '1.50', 69, '', ''),
('13011', 2, 'PLIEGO DE PAPEL CONSTRUCCION COLOR AMARILLO', '1.00', '1.50', '1.50', 69, '', ''),
('13012', 2, 'PLIEGO DE PAPEL CONSTRUCCION COLOR AZUL', '1.00', '1.50', '1.50', 69, '', ''),
('13013', 1, 'PLIEGO DE PAPEL CONSTRUCCION COLOR VERDE', '1.00', '1.50', '1.50', 69, '', ''),
('13014', 2, 'PLIEGO DE PAPEL CONSTRUCCION COLOR MORADO', '1.00', '1.50', '1.50', 69, '', ''),
('13015', 2, 'PLIEGO DE PAPEL CONSTRUCCION COLOR PIEL', '1.00', '1.50', '1.50', 69, '', ''),
('13016', 2, 'PLIEGO DE PAPEL BOND COLOR ROSADO', '2.00', '3.00', '3.00', 69, '', ''),
('13017', 2, 'PLIEGO DE PAPEL BOND COLOR VERDE', '2.00', '3.00', '3.00', 69, '', ''),
('13018', 2, 'PLIEGO DE PAPEL BOND COLOR  ROJO', '2.00', '3.00', '3.00', 69, '', ''),
('13019', 2, 'PLIEGO DE PAPEL BOND COLOR MORADO', '2.00', '3.00', '3.00', 69, '', ''),
('13020', 2, 'PLIEGO DE PAPEL BOND COLOR AMARILLO', '2.00', '3.00', '3.00', 69, '', ''),
('13021', 2, 'PLIEGO DE PAPEL BOND COLOR VERDE LIMON', '2.00', '3.00', '3.00', 69, '', ''),
('13022', 2, 'PLIEGO DE PAPEL BOND COLOR PIEL', '2.00', '3.00', '3.00', 69, '', ''),
('13023', 2, 'PLIEGO DE PAPEL BOND COLOR NARANJA', '2.00', '3.00', '3.00', 69, '', ''),
('13024', 2, 'PLIEGO DE PAPEL FLUORESCENTE COLOR FUCSIA DELGADO', '1.20', '1.75', '1.75', 69, '', ''),
('13025', 2, 'PLIEGO DE CARTULINA COLOR BLANCO ', '1.20', '1.75', '1.75', 69, '', ''),
('13026', 2, 'PLIEGO DE CARTULINA COLOR AMARILLO', '1.20', '1.75', '1.75', 69, '', ''),
('13027', 2, 'PLIEGO DE CARTULINA COLOR ROSADO', '1.20', '1.75', '1.75', 69, '', ''),
('13028', 2, 'PLIEGO DE CARTULINA COLOR ROSADO', '1.20', '1.75', '1.75', 69, '', ''),
('13029', 2, 'PLIEGO DE CARTULINA COLOR AZUL', '1.20', '1.75', '1.75', 69, '', ''),
('13030', 2, 'PLIEGO DE CARTULINA COLOR VERDE', '1.20', '1.75', '1.75', 69, '', ''),
('13031', 2, 'PLIEGO DE FILTRO COLOR FUCSIA ', '10.00', '14.50', '14.50', 69, '', ''),
('13032', 2, 'PLIEGO DE FILTRO COLOR VERDE', '10.00', '14.50', '14.50', 69, '', ''),
('13033', 2, 'PLIEGO DE FILTRO COLOR ANARANJADO FLORESCENTE', '10.00', '14.50', '14.50', 69, '', ''),
('13034', 2, 'PLIEGO DE FILTRO COLOR AMARILLO FLOURESCENTE', '10.00', '14.50', '14.50', 69, '', ''),
('13035', 2, 'PLIEGO DE FILTRO COLOR MORADO', '10.00', '14.50', '14.50', 69, '', ''),
('13036', 2, 'PLIEGO DE CARTON PRESENTACION ', '14.50', '21.00', '21.00', 69, '', ''),
('13037', 2, 'LAMINA EDUCATIVA DE LOS NUMEROS ROMANOS', '7.50', '11.00', '11.00', 69, '', ''),
('13038', 2, 'LAMINA EDUCATIVA DE SERVICIOS PUBLICOS', '7.50', '11.00', '11.00', 69, '', ''),
('13039', 2, 'LAMINA EDUCATIVA DE LA PIRAMIDE ALIMENTICIA', '7.50', '11.00', '11.00', 69, '', ''),
('13040', 2, 'LAMINA EDUCATIVA DE LOS DIAS DE LA SEMANA', '7.50', '11.00', '11.00', 69, '', ''),
('13041', 2, 'PLIEGO DE FILTRO COLOR ANARANJADO', '10.00', '14.50', '14.50', 69, '', ''),
('13042', 2, 'PLIEGO DE FILTRO DE COLOR GRIS', '10.00', '14.50', '14.50', 69, '', ''),
('13154140630826', 2, 'SACAPUNTAS  VIVO DE COLORES', '0.00', '1.50', '1.50', 23, '', ''),
('13173500', 2, 'Paquete de 25 unidades de hojas fomy tama?o color blanco', '0.00', '23.00', '23.00', 3, '', ''),
('13207182', 2, 'Hoja foamy acanalado tama?o carta color blanco', '0.00', '2.00', '2.00', 3, '', ''),
('13391065', 4, 'Bolsa de regalo para baby ', '0.00', '10.00', '10.00', 0, '', ''),
('13490294', 2, 'Cuadernillo para caligrafia jaime sanchez 7', '0.00', '7.00', '7.00', 0, '', ''),
('13559052', 2, 'Hoja papel sagari con dise?o ', '0.00', '1.00', '1.00', 78, '', ''),
('13657697', 2, 'Ley del renap ', '0.00', '14.00', '14.00', 120, '', ''),
('13751081', 1, 'Archivo combinado con caja fuerte de color negro ', '1700.00', '2465.00', '2380.00', 122, '', ''),
('13778842', 2, 'Paquete de foamy 10 unidades acanalados tama?o carta color rojo', '0.00', '23.00', '23.00', 3, '', ''),
('13791759', 2, 'pliego papel iris color piel', '0.00', '3.00', '3.00', 3, '', ''),
('13803143195', 3, 'CARTUCHO 211', '0.00', '198.00', '198.00', 4, '', ''),
('13803215014', 3, 'CARTUCHO 210', '0.00', '160.00', '160.00', 4, '', ''),
('13803215465', 3, 'CARTUCHO 145', '0.00', '165.00', '165.00', 4, ' ', ' '),
('13803215502', 3, 'CARTUCHO 146', '0.00', '195.00', '195.00', 4, ' ', ''),
('13803229684', 3, 'IMPRESORA ', '0.00', '0.00', '0.00', 4, '', 'IP2810'),
('13803254518', 3, 'CARTUCHO 44', '0.00', '135.00', '135.00', 4, '', ''),
('13803254525', 3, 'CARTUCHO  54', '0.00', '135.00', '135.00', 4, '', ''),
('13803258998', 3, 'TINTA 190 C', '0.00', '98.00', '98.00', 4, '', ''),
('13803259018', 3, 'TINTA  190 M', '0.00', '98.00', '98.00', 4, '', ''),
('13803259032', 3, 'TINTA  190 Y', '0.00', '98.00', '98.00', 4, '', ''),
('13803268201', 3, 'TINTA  190 BK', '0.00', '98.00', '98.00', 4, '', ''),
('13886745', 2, 'pliego papel con dise?o corazones y flores colo rojo', '0.00', '3.00', '3.00', 3, '', ''),
('13891114', 2, 'Pliego de papel de regalo de abecedario', '0.00', '2.00', '2.00', 3, '', ''),
('13904197', 2, 'Pliego de cartulina fluoresente color amarillo ', '0.00', '3.00', '3.00', 3, '', ''),
('14000', 2, 'PLIEGOS DE PAPEL LUSTRE DISEÑO DE CUADROS DE COLOR CELESTE', '1.00', '1.50', '1.50', 69, '', ''),
('14001', 2, 'PAPEL LUSTRE DISEÑO DE CUADROS DE COLOR ROJO', '1.00', '1.50', '1.50', 69, '', ''),
('14002', 2, 'PLIEGO DE PAPEL LUSTRE DE CUADROS DE COLOR ANARANJADO', '1.00', '1.50', '1.50', 69, '', ''),
('14003', 2, 'PLIEGO DE PAPEL LUSTRE DISEÑO DE CUADROS DE COLOR VERDE LIMON', '1.00', '1.50', '1.50', 69, '', ''),
('14004', 2, 'PLIEGO DE PAPEL LUSTRE DISEÑO CUADROS DE COLOR AMRILLO', '1.00', '1.50', '1.50', 69, '', ''),
('14005', 2, 'PLIEGO DE PAPEL LUSTRE DISEÑO CUADROS DE COLOR CUADROS', '1.00', '1.50', '1.50', 69, '', ''),
('14006', 2, 'PLIEGO DE PAPEL LUSTRE DE DISEÑO DE CUADROS DE COLOR NEGRO', '1.00', '1.50', '1.50', 69, '', ''),
('14007', 2, 'PLIEGO DE PAPEL LUSTRE DISEÑO DE CUADROS DE COLOR DORADO', '1.00', '1.50', '1.50', 69, '', ''),
('14008', 2, 'PLIEGO DE PAPEL LUSTRE DISEÑO DE PUNTOS DE COLOR ROJO', '1.00', '1.50', '1.50', 69, '', ''),
('14009', 2, 'PLIEGO DE PAPEL LUSTRE DISEÑO PUNTOS DE COLOR CELESTE', '1.00', '1.50', '1.50', 69, '', ''),
('14010', 2, 'PLIEGO DE PAPEL LUSTRE DISEÑO DE PUNTOS DE COLOR PLATEADOS', '1.00', '1.50', '1.50', 69, '', ''),
('14011', 2, 'PLIEGO DE PAPEL LUSTRE DISEÑO PUNTOS DE COLOR DORADO', '1.00', '1.50', '1.50', 69, '', ''),
('14012', 2, 'PLIEGOS DE PAPEL LUSTRE DISEÑO DE PUNTOS DE COLOR MORADO', '1.00', '1.50', '1.50', 69, '', ''),
('14013', 2, 'PLIEGO DE PAPEL LUSTRE DISEÑO DE PUNTOS DE COLOR ANARAJNADO', '1.00', '1.50', '1.50', 69, '', ''),
('14014', 2, 'PLIEGO DE PAPEL LUSTRE DISEÑO DE LINEAS DE COLOR DORADO', '1.00', '1.50', '1.50', 69, '', ''),
('14015', 2, 'PLIEGO DE PAPEL LUESTRE DISEÑO DE LINEAS DE COLOR ROJO', '1.00', '1.50', '1.50', 69, '', ''),
('14016', 2, 'PLIEGO DE PAPEL LUSTRE DISEÑO LINEAS DE COLOR AMARILLO', '1.00', '1.50', '1.50', 69, '', ''),
('14017', 2, 'PLIEGO DE PAPEL LUSTRE DISEÑO DE LINEAS DE COLOR CELESTE', '1.00', '1.50', '1.50', 69, '', ''),
('14018', 2, 'PLIEGO DE PAPEL LUSTRE DISEÑO LINEAS DE COLOR PLATEADO', '1.00', '1.50', '1.50', 69, '', ''),
('14019', 2, 'PLIEGO DE PAPEL LUESTRE DISEÑO LINEAS CELESTES', '1.00', '1.50', '1.50', 69, '', ''),
('14020', 2, 'PLIEGO LUSTRE DISEÑO ZEBRA ROJO', '1.00', '1.50', '1.50', 69, '', ''),
('14021', 2, 'PLIEGO LUSTRE DISEÑO ZEBRA BLANCO', '1.00', '1.50', '1.50', 69, '', ''),
('14022', 2, 'PLIEGO LUSTRE DISELO DE MADERA', '1.00', '1.50', '1.50', 69, '', ''),
('14023', 2, 'PLIEGO LUSTRE DISEÑO GRAMA', '1.00', '1.50', '1.50', 69, '', ''),
('14024', 2, 'PLIEGO LUSTRE DISEÑO PETATE', '1.00', '1.50', '1.50', 69, '', ''),
('14025', 2, 'PLIEGO LUSTRE DISEÑO PIEDRA', '1.00', '1.50', '1.50', 69, '', ''),
('14026', 2, 'PLIEGO LUSTRE CON DISEÑO DE ANIMALES', '1.00', '1.50', '1.50', 69, '', ''),
('14027', 2, 'PLIEGO DE TABLA DE MULTIPLICAR', '1.00', '1.50', '1.50', 69, '', ''),
('14028', 2, 'PLIEGO DE LOS OFICIOS', '1.00', '1.50', '1.50', 69, '', ''),
('14029', 2, 'PLIEGO DEL ABCDARIO', '1.00', '1.50', '1.50', 69, '', ''),
('14030', 2, 'PLIEGO DE SERVIDORES', '1.00', '1.50', '1.50', 69, '', ''),
('14031', 2, 'PLIEGO DE FIGURAS GEOMETRICAS', '1.00', '1.50', '1.50', 69, '', ''),
('14032', 2, 'PLIEGO DE LA PIRAMIDE ALIMENTICIA', '1.00', '1.50', '1.50', 69, '', ''),
('14033', 2, 'PLIEGO DE LOS 5 SENTIDOS', '1.00', '1.50', '1.50', 69, '', ''),
('14034', 2, 'PLIEGO DE LOS MEDIOS DE TRANSPORTE', '1.00', '1.50', '1.50', 69, '', ''),
('14035', 2, 'PLIEGO DE LOS DERECHOS DEL NIÑO', '1.00', '1.50', '1.50', 69, '', ''),
('14036', 2, 'PLIEGO DE VERDURA', '1.00', '1.50', '1.50', 69, '', ''),
('14074103', 2, 'Codigo de notariado ', '0.00', '10.00', '10.00', 120, '', ''),
('14117701', 2, 'Pliego de papel safari dise?o zebra de colores', '0.00', '2.00', '2.00', 3, '', ''),
('14172649', 2, 'pliego papel iris color amarillo palido', '0.00', '3.00', '3.00', 3, '', ''),
('14204869', 2, 'pliego papel iris color rojo', '0.00', '3.00', '3.00', 3, '', ''),
('14205576', 2, 'Paquete de fichas media carta rayadas 50 unidades ', '0.00', '9.00', '9.00', 32, '', ''),
('14273582', 2, 'Hoja de foamy escarchado tama?o carta color caf? oscuro ', '0.00', '3.00', '3.00', 3, '', ''),
('14485985', 4, 'Caja rectangular con tapadera ', '0.00', '12.00', '12.00', 3, '', ''),
('14493195', 2, 'Hoja bond con dise?o color verde ', '0.00', '1.00', '1.00', 3, '', ''),
('14680267', 2, 'Pliego de papel de regalo con dise?o de puntos de colores ', '0.00', '2.00', '2.00', 3, '', ''),
('14704246', 2, 'Hoja bond tama?o carta color azul', '0.00', '0.00', '0.00', 74, '', ''),
('14776618', 6, 'Gillotina para papel meque?a', '0.00', '116.00', '116.00', 28, '', ''),
('14859557', 2, 'Paquete de hojas bond de 100 unidades tama?o oficio color  rojo', '0.00', '33.00', '33.00', 74, '', ''),
('14948183', 2, 'pliego foamy brillante color caf?', '0.00', '18.00', '18.00', 3, '', ''),
('14970061', 2, 'Hojas tabulares de 12 columnas ', '0.00', '0.00', '0.00', 0, '', ''),
('15001', 2, 'Pliego de papel china color verde limon', '0.28', '0.40', '0.35', 69, '', ''),
('15002', 2, 'Pliego de papel china color morado fuerte', '0.28', '0.40', '0.35', 69, '', ''),
('15003', 2, 'Pliego de papel china color cafe claro', '0.28', '0.40', '0.35', 69, '', ''),
('15004', 2, 'Pliego de papel china color cafe oscuro', '0.28', '0.40', '0.35', 69, '', ''),
('15005', 2, 'Pliego de papel china color naranja', '0.28', '0.40', '0.35', 69, '', ''),
('15006', 2, 'Pliego de papel china color azul', '0.28', '0.40', '0.35', 69, '', ''),
('15007', 2, 'Pliego de papel china color azul oscuro', '0.28', '0.40', '0.35', 69, '', ''),
('15008', 2, 'Pliego de papel china color verde oscuro', '0.28', '0.40', '0.35', 69, '', ''),
('15009', 2, 'Pliego de papel china color celeste', '0.28', '0.40', '0.35', 69, '', ''),
('15010', 2, 'Pliego de papel china color rojo', '0.28', '0.40', '0.35', 69, '', ''),
('15011', 2, 'Pliego de papel china color lila', '0.28', '0.40', '0.35', 69, '', ''),
('15012', 2, 'Pliego de papel china color gris', '0.28', '0.40', '0.35', 69, '', ''),
('15013', 2, 'Pliego de papel china color negro', '0.28', '0.40', '0.35', 69, '', ''),
('15014', 2, 'Pliego de papel china color blanco', '0.28', '0.40', '0.35', 69, '', ''),
('15015', 2, 'Pliego de papel china color amarillo', '0.28', '0.40', '0.35', 69, '', ''),
('15016', 2, 'Pliego de papel china color fucsia', '0.28', '0.40', '0.35', 69, '', ''),
('15017', 2, 'Pliego de papel china color rosado', '0.28', '0.40', '0.35', 69, '', ''),
('15018', 2, 'Pliego de papel crepe color rojo con rosas', '3.79', '5.50', '5.50', 69, '', ''),
('15018649', 2, 'Hoja foamy acanalado tama?o carta color rosado', '0.00', '2.00', '2.00', 3, '', ''),
('15019', 2, 'Pliego de papel crepe diseño tigrado', '3.79', '5.50', '5.50', 69, '', ''),
('15020', 2, 'Pliego de papel crepe color dorado', '3.79', '5.50', '5.50', 69, '', ''),
('15043788', 2, 'pliego papel lustre color negro', '0.00', '1.00', '1.00', 3, '', ''),
('15108029', 2, 'pliego papel lustre color verde', '0.00', '1.00', '1.00', 3, '', ''),
('15193988', 2, 'pliego papel lustre color aqua', '0.00', '1.00', '1.00', 3, '', ''),
('15293015', 2, 'Paquete de hojas bond 100 unidades tama?o carta color negro ', '0.00', '23.00', '23.00', 74, '', ''),
('15336392', 4, 'Bolsa de regalo rallada grande de colores ', '0.00', '9.00', '9.00', 0, '', ''),
('15520890', 2, 'Ley del IUSI ', '0.00', '8.00', '8.00', 119, '', ''),
('15527646', 2, 'Hoja papel esmaltado color morado ', '0.00', '2.00', '2.00', 3, '', ''),
('15546500', 2, 'PAPEL REGALO DISEÑO INSECTOS', '1.35', '2.00', '2.00', 3, '', ''),
('15579591', 2, 'LAPIZ PARA DIBUJAR 4B', '5.00', '7.25', '7.25', 34, '', ''),
('15649485', 2, 'Codigo de etica profesional ', '0.00', '7.00', '7.00', 120, '', ''),
('15661166', 2, 'Hojas metalicas de 300 gms de colores tama?o carta ', '0.00', '3.00', '3.00', 117, '', ''),
('15765192', 2, 'pliego papel lustre color celeste', '0.00', '1.00', '1.00', 3, '', ''),
('15807328', 2, 'Blod bond media carta ', '0.00', '3.00', '3.00', 108, '', ''),
('16001', 2, 'HOJA DE CALCO BRILLANTE ', '1.70', '2.50', '2.30', 69, '', ''),
('160013', 2, 'HOJA APERLADA DELGADA', '0.60', '1.00', '0.95', 69, '', ''),
('160018', 2, 'HOJA PUNTEDAS GRUESAS', '1.70', '2.50', '2.30', 69, '', ''),
('16002', 2, 'HOJA APALADOS BEIG DELGADO', '0.65', '1.00', '0.90', 69, '', ''),
('16003', 2, 'HOJA OPALINA BLANCA', '1.00', '1.50', '1.25', 69, '', ''),
('16004', 1, 'HOJA JADE CONSTELACION ', '1.70', '2.50', '2.30', 69, '', ''),
('16005', 1, 'HOJA DE CASCARA DE HUEVO', '0.65', '1.00', '0.95', 69, '', ''),
('16006', 2, 'HOJA BRILLANTE DE HOJAS T/CARTA', '1.00', '1.50', '1.33', 69, '', ''),
('16007', 2, 'HOJA CONSTELACION DELGADA ', '1.00', '1.50', '1.33', 69, '', ''),
('16008', 1, 'HOJA PUNTEADAS DELGADAS', '1.00', '1.50', '1.33', 69, '', ''),
('16009', 2, 'HOJA PUNTEADA GRUESA', '1.70', '2.50', '2.30', 69, '', ''),
('16010', 2, 'HOJA CURIOS RED', '1.30', '1.90', '1.80', 69, '', ''),
('16011', 2, 'HOJA OPALINA BLANCA', '1.00', '1.50', '1.25', 69, '', ''),
('16012', 2, 'CASCARA DE HUEVO BEIGE', '0.60', '1.00', '0.95', 69, '', ''),
('16014', 2, 'HOJA ABUNTEADAS INTENSAS ', '1.70', '2.50', '2.30', 69, '', ''),
('16015', 2, 'HOJA PUNTEADAS DELGADAS ', '1.00', '1.50', '1.30', 69, '', ''),
('16016', 2, 'HOJA APOLINA BEIGE', '1.00', '1.50', '1.30', 69, '', ''),
('16017', 2, 'HOJA ONDAS GRUESAS ', '1.70', '2.50', '2.30', 69, '', ''),
('16057746', 6, 'Estante de metal de 5 entrepa?os', '450.00', '675.00', '630.00', 66, '', ''),
('16120570', 2, 'Paquete de 10 unidades de foamy con ondas tama?o carta color verde  ', '0.00', '25.00', '25.00', 3, '', ''),
('16294479', 2, 'pliego papel arcoiris color morado', '0.00', '5.00', '5.00', 3, '', ''),
('16309876', 2, 'Paquete de foamy 10 unidade escarcahado tama?o carta color plateado', '0.00', '26.00', '26.00', 3, '', ''),
('16332874', 2, 'Goma en barra de 40gr ', '0.00', '15.00', '15.00', 68, '', ''),
('16344655', 2, 'pliego papel brillante color verde', '0.00', '11.00', '11.00', 3, '', ''),
('16449770', 2, 'pliego papel esmaltado color dorado', '0.00', '3.00', '3.00', 3, '', ''),
('16474413', 1, 'ETIQUETADOR DE PRECIOS SIMPLE ', '0.00', '85.00', '85.00', 25, '', ''),
('16501', 2, 'Bote de diamantina grande color Rojo', '14.48', '21.00', '21.00', 69, '', ''),
('16502', 2, 'Bote de diamantina grande color rosado', '14.48', '21.00', '21.00', 69, '', ''),
('16503', 2, 'Bote grande de diamantina color verde', '14.48', '21.00', '21.00', 69, '', ''),
('16630000', 2, 'Libro empastado mayor de 50 hojas 100 folios', '0.00', '19.00', '19.00', 108, '', ''),
('16814899', 2, 'Paquete de 25 unidades de hojas fomy tama?o color piel', '0.00', '23.00', '23.00', 3, '', ''),
('16841628', 5, 'BILLETERA DE BROCHE ', '0.00', '80.00', '80.00', 52, '', ''),
('1701', 2, 'Bolsa Craf de 1/2 libra ', '0.17', '0.25', '0.25', 69, '', ''),
('17016', 2, 'Bote pequeño de diamantina color azul 10 gr - Fasta', '3.45', '4.50', '4.50', 3, '', ''),
('17017', 2, 'Bote pequeño de diamantina color dorado 10 gr - Fast', '3.45', '4.50', '4.50', 3, '', ''),
('17018', 2, 'Bote pequeño de diamantina color plateado 10 gr - Fast', '3.45', '4.50', '4.50', 3, '', ''),
('1702', 2, 'Bolsa  craf de 3/4 de libra', '0.24', '0.35', '0.35', 69, '', ''),
('1703', 2, 'Bolsa craf de 1 libra', '0.34', '0.50', '0.50', 69, '', ''),
('1704', 2, 'Bolsa craf de 2 libras', '0.45', '0.65', '0.65', 69, '', ''),
('1705', 2, 'Bolsa craf de 4 libras', '0.69', '1.00', '1.00', 69, '', ''),
('1706', 2, 'Bolsa craf de 5 libras', '0.86', '1.25', '1.25', 69, '', ''),
('1707', 2, 'Planchas de duropord ', '11.75', '17.00', '17.00', 69, '', ''),
('17080200', 2, 'Cuadernillo ortocaligrafia 4', '0.00', '64.00', '64.00', 0, '', ''),
('1710', 2, 'Block Ariel Cover Fantasy', '11.00', '16.00', '16.00', 69, '', ''),
('1711', 2, 'Libros de pintar el abecedario', '3.45', '5.00', '5.00', 69, '', ''),
('1712', 2, 'Libros de pintar las vocales', '3.45', '5.00', '5.00', 69, '', ''),
('1713', 2, 'Libros de Pintar los números', '3.45', '5.00', '5.00', 69, '', ''),
('1714', 2, 'Libros de pintar la ecología', '3.45', '5.00', '5.00', 69, '', ''),
('1715', 2, 'Figuras troqueladas', '5.52', '8.00', '8.00', 69, '', ''),
('17380683', 4, 'Bote de brillantina grande color rojo', '0.00', '29.00', '29.00', 0, '', ''),
('17490146', 2, 'Cuadernillo para caligrafia jaime sanchez 3', '0.00', '7.00', '7.00', 0, '', ''),
('17512701', 2, 'Hoja de foamy escarchado tama?o carta color azul', '0.00', '3.00', '3.00', 3, '', ''),
('17546492', 2, 'Hojas de calco doble carta ', '0.00', '1.00', '1.00', 3, '', ''),
('17712156', 2, 'Paquete de foamy 10 unidades con cuadros tama?o carta color rosado', '0.00', '23.00', '23.00', 3, '', ''),
('17767842', 2, 'Hoja bond tama?o oficio color anaranjado fluoresente', '0.00', '0.00', '0.00', 74, '', ''),
('18054378', 2, 'Hoja brillante tama?o oficio  color plateada', '0.00', '5.00', '5.00', 3, '', ''),
('18106893', 2, 'Hoja de foamy tama?o carta con lentejuela blanco', '0.00', '5.00', '5.00', 3, '', ''),
('18249057', 2, 'RAPIDOGRAFO SHARPIE DE COLOR VERDE', '5.50', '8.00', '8.00', 116, '', ''),
('18308488', 2, '100 hojas cascara de huevo color beige tama?o carta de 110 gm', '0.00', '95.00', '95.00', 3, '', ''),
('18315813', 3, 'TINTA M', '0.00', '13.00', '13.00', 0, '', ''),
('18356786', 4, 'Bolsa de regalo de color con mo?a ', '0.00', '9.00', '9.00', 0, '', ''),
('18395297', 2, 'Hoja foamy tohalla tama?o carta color verde limon', '0.00', '2.00', '2.00', 3, '', ''),
('18424515', 2, 'Hoja lino tama?o oficio color naranja', '0.00', '1.00', '1.00', 3, '', ''),
('18432435', 2, 'Hoja decorativa con Adhesivo', '1.65', '2.25', '2.25', 69, '', ''),
('18530032', 2, 'Hoja foamy con ondas tama?o carta color anaranjado', '0.00', '3.00', '3.00', 3, '', ''),
('18597219', 2, 'pliego papel manila', '0.00', '1.00', '1.00', 3, '', ''),
('18754391', 2, 'Paquete de hojas bond 100 unidades tama?o carta color verde limon', '0.00', '23.00', '23.00', 74, '', ''),
('18877243', 2, 'pliego papel brillante color lim?n', '0.00', '11.00', '11.00', 3, '', ''),
('18880908', 2, 'pliego foamy brillante color verde lim?n', '0.00', '18.00', '18.00', 3, '', ''),
('18923049', 2, 'Hoja de foamy escarchado tama?o carta color dorado claro ', '0.00', '3.00', '3.00', 3, '', ''),
('18962840', 2, 'pliego papel lustre color blanco', '0.00', '1.00', '1.00', 3, '', ''),
('18964103', 2, 'Paquete de 10 unidades de foamy con ondas tama?o carta color caf?', '0.00', '25.00', '25.00', 3, '', ''),
('19109459', 2, 'Hoja foamy  con ondas tama?o carta color verde oscuro', '0.00', '3.00', '3.00', 3, '', ''),
('19150291', 1, 'CEPILLO PARA ARQUITECTURA ', '0.00', '33.00', '33.00', 16, '', ''),
('19343273', 4, 'Caja de regalo con diese?o ', '0.00', '5.00', '5.00', 3, '', ''),
('19346472', 2, 'Paquete de hojas bond 100 unidades tama?o carta color rojo', '0.00', '23.00', '23.00', 74, '', ''),
('19357072', 2, 'Paquete de 10 unidades de foamy con ondas tama?o carta color celeste  ', '0.00', '25.00', '25.00', 3, '', ''),
('19388816', 2, 'Pliegos de papel bond color fusia ', '0.00', '3.00', '3.00', 3, '', ''),
('19417516', 2, 'pliego papel corrugado color blanco', '0.00', '7.00', '7.00', 3, '', ''),
('19439129', 2, 'Bolsas manila de 1 libra ', '0.00', '1.00', '1.00', 0, '', ''),
('19459165', 2, 'pliego papel lustre color rosado', '0.00', '1.00', '1.00', 3, '', ''),
('19546537', 2, 'Hoja de foamy escarchado tama?o carta color blanco', '0.00', '3.00', '3.00', 3, '', ''),
('19549903', 2, 'Paquete de papel fotografico tama?o carta de 210 gm', '0.00', '37.00', '37.00', 95, '', ''),
('19658773', 5, 'Tubos para Planos color negro', '27.00', '39.25', '39.25', 14, '', ''),
('19853932', 2, 'Paquete de foamy 10 unidade escarcahado tama?o carta color rojo', '0.00', '26.00', '26.00', 3, '', ''),
('19962010354', 4, 'Numeros en duropor ', '0.00', '14.00', '14.00', 111, '', ''),
('19962011559', 4, 'Celula animal en duropor ', '0.00', '14.00', '14.00', 111, '', ''),
('19962011658', 4, 'Celula vegetal en duropor ', '0.00', '14.00', '14.00', 111, '', ''),
('19962011955', 4, 'Sistema respiratorio en duropor ', '0.00', '14.00', '14.00', 111, '', ''),
('19962012150', 4, 'Sistema solar en duropor ', '0.00', '14.00', '14.00', 111, '', ''),
('19962012754', 4, 'Mapa de Guatemela en duropor ', '0.00', '14.00', '14.00', 111, '', ''),
('19962627', 2, 'Fichas media carta rayadas ', '0.00', '0.00', '0.00', 32, '', ''),
('19985541', 2, 'Porta Gafete Horizontal Jocar', '1.80', '2.75', '2.75', 32, '', ''),
('20071709271767', 2, 'MARCADORES CARTERS AZUL', '0.00', '4.75', '4.75', 94, '', ''),
('2016072301677', 4, 'Caja de jueguetes de chinchines Bed Bell', '34.45', '49.95', '49.95', 22, '', ''),
('2016072302124', 5, 'DISCO FRISBY FLYING DISC', '27.70', '31.50', '31.50', 69, '', ''),
('201700499228', 11, 'Oso de Peluche Mediano Color Mostaza - Lovely Tradding', '305.00', '410.00', '410.00', 221, '', ''),
('202000000000', 4, 'PELUCHE MUSICAL GRANDE', '0.00', '415.00', '415.00', 41, '', ''),
('2020000000000', 4, 'CAMPANITA DE CUNA ', '0.00', '50.00', '50.00', 19, '', ''),
('20375737', 2, 'Paquete de hojas de cuadros tama?o carta 50 unidades ', '0.00', '5.00', '5.00', 32, '', ''),
('20458409', 6, 'Escritorio archivador colo convinado blanco y rojo', '1150.00', '1610.00', '1555.00', 69, '', ''),
('20484064', 2, 'pliego papel corrugado color verde limon', '0.00', '7.00', '7.00', 3, '', ''),
('20486785', 2, 'Paquete de foamy 10 unidades con cuadros tama?o carta color azul', '0.00', '23.00', '23.00', 3, '', ''),
('20692612', 2, 'Cuadernillo para caligrafia jaime sanchez 5', '0.00', '7.00', '7.00', 0, '', ''),
('20751432', 2, 'Hoja de foamy con cuadros tama?o carta color negro', '0.00', '2.00', '2.00', 3, '', ''),
('20765279', 2, 'Hoja con textura tama?o oficio color verde musgo ', '0.00', '2.00', '2.00', 3, '', ''),
('21029936', 2, '100 hojas tama?o carta cascara de huevo brillante', '0.00', '230.00', '230.00', 3, '', ''),
('21169106', 4, 'Bolsa con deise?o de boca ', '0.00', '8.00', '8.00', 0, '', ''),
('21200075674', 2, 'Caja de tape invisible ', '0.00', '16.00', '16.00', 88, '', ''),
('21200171031', 2, 'Caja de tape double sided ', '0.00', '36.00', '36.00', 69, '', ''),
('21200506710', 1, 'Pesta?as plasticas ', '0.00', '46.00', '46.00', 57, '', ''),
('21200690914', 1, 'Banderitas de post-it con base plastico ', '0.00', '22.00', '22.00', 57, '', ''),
('21300424', 2, 'Hojas de papel fotografico tama?o carta de 210 gm', '0.00', '2.00', '2.00', 95, '', ''),
('21400000000000', 3, 'CAM?RA BLANCA', '0.00', '950.00', '950.00', 4, '', 'POWERSHOT A1200'),
('21552427', 2, 'Hoja de foamy escarchado tama?o carta color verde oscuro ', '0.00', '3.00', '3.00', 3, '', ''),
('21600000000000', 3, 'CAM?RA NEGRA ', '0.00', '1180.00', '1180.00', 4, '', 'POWERSHOT A2500'),
('21656484', 2, 'Pliego de papel bond de 80 gm color blanco ', '0.00', '1.00', '1.00', 3, '', ''),
('21663147', 2, 'pliego papel iris color morado', '0.00', '3.00', '3.00', 3, '', ''),
('21668616', 2, 'LAPICEROS CON BORRADOR DEC OLORES PAPER MATE', '5.00', '7.25', '7.25', 114, '', ''),
('21736896', 4, 'Bote de brillantina color plateado ', '0.00', '4.00', '4.00', 1, '', ''),
('21850707', 2, 'Talionario de pagare ', '0.00', '5.00', '5.00', 108, '', ''),
('21903816', 4, 'Bolsa de regalo de carro ', '0.00', '10.00', '10.00', 0, '', ''),
('21918056', 2, 'Paquete de hojas bond de 100 unidades tama?o oficio color anaranjado fluoresente', '0.00', '33.00', '33.00', 74, '', ''),
('22016669', 2, 'Hoja bond tama?o carta color verde fluoresente', '0.00', '0.00', '0.00', 74, '', ''),
('22335692', 2, 'pliego foamy brillante color celeste', '0.00', '18.00', '18.00', 3, '', ''),
('22436597', 2, 'Hoja fomy tama?o carta color verde limon', '0.00', '1.00', '1.00', 3, '', ''),
('22509352', 2, 'Hoja de foamy tama?o carta con lentejuela negro', '0.00', '5.00', '5.00', 3, '', ''),
('22800749', 4, 'Bolsa de regalo rallada mediana de colores ', '0.00', '6.00', '6.00', 0, '', ''),
('22865182', 2, 'Hojas gofradas tama?o carta de colores ', '0.00', '2.00', '2.00', 116, '', ''),
('23019119', 2, 'Lustrina color Azul', '1.40', '2.00', '2.00', 69, '', ''),
('23060678', 2, 'Paquete de foamy 10 unidades acanalados tama?o carta color caf?', '0.00', '23.00', '23.00', 3, '', ''),
('23218512', 2, 'pliego papel iris color caf?', '0.00', '3.00', '3.00', 3, '', ''),
('23227538', 2, 'Gabachas de colores ', '0.00', '27.00', '27.00', 3, '', ''),
('23240834', 2, 'pliego papel brillante color celeste claro', '0.00', '11.00', '11.00', 3, '', ''),
('23316096', 2, 'pliego papel con dise?o color amarillo palido', '0.00', '3.00', '3.00', 3, '', ''),
('23331426', 4, 'Bolsa de regalo de vaca ', '0.00', '10.00', '10.00', 0, '', ''),
('23356542', 2, 'Hoja foamy acanalado tama?o carta color verde', '0.00', '2.00', '2.00', 3, '', ''),
('23400085', 2, 'Hoja brillante tama?o oficio  color dorado ', '0.00', '5.00', '5.00', 3, '', ''),
('23404151', 2, 'pliego papel brillante color rosado palido', '0.00', '11.00', '11.00', 3, '', ''),
('23465930', 2, 'Hoja foamy tohalla tama?o carta color blanco ', '0.00', '2.00', '2.00', 3, '', ''),
('23755048', 2, 'Pliego de papel de regalo dise?o de grama', '0.00', '2.00', '2.00', 3, '', ''),
('23902206', 2, 'Paquete de hojas bond de 100 unidades tama?o oficio color celeste', '0.00', '33.00', '33.00', 74, '', ''),
('23917767', 2, 'Hoja bond tama?o oficio color amarillo fluoresente', '0.00', '0.00', '0.00', 74, '', ''),
('23985957', 2, 'Marcadores Water Color Pen 14 Colores Simbalion', '10.00', '14.50', '14.50', 76, '', ''),
('23987081', 2, 'Paquete de hojas bond 100 unidades tama?o carta color palo rosa', '0.00', '23.00', '23.00', 74, '', ''),
('24402651', 2, 'pliego papel brillante color verde musgo', '0.00', '11.00', '11.00', 3, '', ''),
('24414340', 6, 'Pizarron de 80x1.20m.', '168.00', '245.00', '245.00', 72, '', ''),
('24517171', 2, 'Hoja foamy tohalla tama?o carta color rojo', '0.00', '2.00', '2.00', 3, '', ''),
('24533461', 2, 'Paquete de foamy 10 unidades acanalados tama?o carta color rosado ', '0.00', '23.00', '23.00', 3, '', ''),
('24731133', 2, 'Pliegos de papel esmaltado de colores', '0.00', '3.00', '3.00', 3, '', ''),
('24939980', 6, 'Silla de espera plastica', '180.00', '275.00', '275.00', 67, '', ''),
('251700117', 2, 'Libreta peque?a de espiral ', '0.00', '2.00', '2.00', 33, '', ''),
('25234558', 2, 'Hoja de foamy con dise?o ', '0.00', '5.00', '5.00', 3, '', ''),
('25392784', 5, 'papel de regalo de conejo ', '1.35', '2.00', '2.00', 3, '', ''),
('25588767', 2, 'Paquete de hojas bond 100 unidades tama?o carta color anaranjado palido ', '0.00', '23.00', '23.00', 74, '', ''),
('25639223', 2, 'Paquete de hojas bond de 100 unidades tama?o oficio color verde oscuro', '0.00', '33.00', '33.00', 74, '', ''),
('25692099', 2, 'Hoja de foamy tama?o carta con lentejuela amarillo ', '0.00', '5.00', '5.00', 3, '', ''),
('25716863', 2, 'Paquete de hojas bond de 100 unidades tama?o oficio color morado', '0.00', '33.00', '33.00', 74, '', ''),
('25745412', 2, 'Libro de actas empastado 50 hojas 100 folios', '0.00', '19.00', '19.00', 108, '', ''),
('25868753', 2, 'Hojas bond de 75 grs tama?o carta ', '0.00', '0.00', '0.00', 109, '', ''),
('25878561', 2, 'Paquete de 25 unidades de hojas fomy tama?o color fusia', '0.00', '23.00', '23.00', 3, '', ''),
('25956467', 2, 'Paquete de fichas media carta rayadas 100 unidades ', '0.00', '18.00', '18.00', 32, '', ''),
('25998740', 2, 'Libro aritmetica teorico practica ', '0.00', '80.00', '80.00', 99, '', ''),
('26002002', 2, 'pliego papel brillante color rojo', '0.00', '11.00', '11.00', 3, '', ''),
('26102627', 2, 'Talionario de letra de cambio ', '0.00', '5.00', '5.00', 108, '', ''),
('26123400', 2, 'Pliegos de papel bond color rojo', '0.00', '3.00', '3.00', 3, '', ''),
('26220000', 3, 'Marcador para pizarra ', '0.00', '6.00', '6.00', 19, '', ''),
('26298610', 2, 'Paquete de hojas bond 100 unidades tama?o carta color verde fluoresente', '0.00', '23.00', '23.00', 74, '', ''),
('26300863', 2, 'Cuadernillo centro americano para caligrafia 5', '0.00', '7.00', '7.00', 0, '', ''),
('26397627', 4, 'Caja cuadrada de regalo 15*15 cm (peque?a)', '0.00', '8.00', '8.00', 3, '', ''),
('26619422', 2, 'Hoja foamy acanalado tama?o carta color verde limon', '0.00', '2.00', '2.00', 3, '', ''),
('26682099', 2, 'Pliegos de papel de regalo con dise?o de cuadros de colores', '0.00', '2.00', '2.00', 3, '', ''),
('26686745', 2, 'Paquete de hojas bond de 100 unidades tama?o oficio color anaranjado', '0.00', '33.00', '33.00', 74, '', ''),
('26701585', 2, 'Paquete de foamy 10 unidades con cuadros tama?o carta color celeste', '0.00', '23.00', '23.00', 3, '', ''),
('26795829', 2, 'pliego foamy brillante color azul claro', '0.00', '18.00', '18.00', 3, '', ''),
('26940908', 2, 'MARCADOR DOBLE PUNTA PERMANENTE SHARPIE DE COLOR AZUL ', '11.00', '16.00', '16.00', 116, '', ''),
('26972831', 6, 'Escritorio infantil color blanco ', '625.00', '875.00', '875.00', 69, '', ''),
('27184967', 2, 'Paquete de hojas bond 100 unidades tama?o carta color celeste aqua ', '0.00', '23.00', '23.00', 74, '', ''),
('27188842', 2, 'Hoja corwain blu tama?o carta color celeste de 230 gm', '0.00', '2.00', '2.00', 3, '', ''),
('27371169', 2, 'Paquete de fichas media carta 50 unidades', '0.00', '9.00', '9.00', 32, '', ''),
('27388648', 2, 'Folder de carton de preciosos momentos ', '0.00', '4.00', '4.00', 0, '', ''),
('27400000000000', 2, 'Plastilina de 10 colores', '0.00', '5.00', '5.00', 1, '', ''),
('27515150', 2, 'TRANSPORTADOR MEDIANO DE 180 GRADOS', '0.50', '0.75', '0.75', 225, '', '');
INSERT INTO `producto` (`idproducto`, `idCategoria`, `nombre`, `preciocosto`, `precioSugerido`, `precioTop`, `marca`, `serie`, `modelo`) VALUES
('27567470', 2, 'Talionario de recibos de 50 unidades ', '0.00', '5.00', '5.00', 32, '', ''),
('27567777', 2, 'Block arcoiris', '11.00', '16.00', '16.00', 69, '', ''),
('27806500', 4, 'Bolsa de regalo mediana kraf ', '0.00', '5.00', '5.00', 0, '', ''),
('27830963', 2, 'Hojas de papel fotografico tama?o carta de 110 gm', '0.00', '1.00', '1.00', 95, '', ''),
('27958384', 2, 'Cuadernillo para caligrafia Monza 5', '0.00', '11.00', '11.00', 0, '', ''),
('28026556', 2, 'Hoja foamy tohalla tama?o carta color azul', '0.00', '2.00', '2.00', 3, '', ''),
('28144731', 2, 'Hoja lino tama?o carta color verde oscuro ', '0.00', '1.00', '1.00', 3, '', ''),
('28147770', 6, 'Pizarron de 1.20x2m.', '379.00', '550.00', '550.00', 72, '', ''),
('28430292', 5, 'PORTA CHEQUERA DE DAMA', '0.00', '177.00', '177.00', 48, '', ''),
('28510154', 2, 'Paquete de hojas de lineas tama?o oficio 50 unidades ', '0.00', '5.00', '5.00', 32, '', ''),
('28654063', 2, 'pliego papel brillante color caf?', '0.00', '11.00', '11.00', 3, '', ''),
('28720959', 2, 'Plancha de duropor de 3mm ', '0.00', '17.00', '17.00', 109, '', ''),
('28876892', 2, 'Paquete de de hoja lino tama?o carta color verde oscuro 100 unidaes', '0.00', '80.00', '80.00', 3, '', ''),
('28895947', 2, 'Paquete de foamy 10 unidades con cuadros tama?o carta color verde', '0.00', '23.00', '23.00', 3, '', ''),
('28918820', 2, 'Hoja fomy tama?o carta color amarillo', '0.00', '1.00', '1.00', 3, '', ''),
('28999317', 2, 'Hoja bond tama?o carta color fusia', '0.00', '0.00', '0.00', 74, '', ''),
('29206575', 2, 'Pliegos de cartulina color verde limon', '0.00', '2.00', '2.00', 3, '', ''),
('29452217', 2, 'Hoja lino tama?o oficio color fusia', '0.00', '1.00', '1.00', 3, '', ''),
('29548293', 5, 'FUNDA DE CAMARA CANON', '20.60', '30.00', '30.00', 4, '', ''),
('29623822', 2, 'Paquete de foamy 10 unidade escarcahado tama?o carta color blanco', '0.00', '26.00', '26.00', 3, '', ''),
('29922956', 2, 'Hoja calco brillante tama?o carta ', '0.00', '3.00', '3.00', 3, '', ''),
('30004535', 2, 'Block cartulina decorada', '11.35', '16.50', '16.50', 69, '', ''),
('30024762', 5, 'CARTERA DE MANO ', '0.00', '168.00', '168.00', 48, '', ''),
('30071709271771', 2, 'MARCADOR CARTERS ROJO', '0.00', '4.75', '4.75', 94, '', ''),
('30084001', 2, 'LAPICERO DOBLE DE COLOR ROJO Y AZUL  TWINTIP', '9.60', '14.00', '14.00', 23, '', ''),
('30100000000000', 2, 'Caja de marcador permanente sharpie ', '0.00', '93.00', '93.00', 44, '', ''),
('3028', 2, 'Gabacha Estudiante rosa y roja ', '15.20', '22.00', '22.00', 69, '', ''),
('3029', 10, 'Gabacha para Maestra ', '17.30', '25.00', '25.00', 69, '', ''),
('30356634', 2, 'Hojas metalicas tama?o oficio de colores ', '0.00', '5.00', '5.00', 0, '', ''),
('30400603', 2, 'Hoja de foamy tama?o carta con lentejuela rosado', '0.00', '5.00', '5.00', 3, '', ''),
('30704411', 2, 'Paquete de hojas bond de 75 grs tama?o oficio 50 unidades', '0.00', '5.00', '5.00', 109, '', ''),
('30756779', 4, 'Pliego de carton piedra calibre 60 ', '0.00', '12.00', '12.00', 3, '', ''),
('30790650', 2, 'Hoja bond tama?o oficio color azul', '0.00', '0.00', '0.00', 74, '', ''),
('3086123275317', 2, 'LAPIZ HEXAGONAL VERDE', '1.35', '2.00', '2.00', 172, '', ''),
('30952645', 1, 'KIT DE RAPIDOGRAFOS PARA ARQUITECTOS', '362.00', '525.00', '525.00', 227, '', ''),
('31012201', 6, 'Escritorio Secretarial', '790.00', '1150.00', '1100.00', 66, '', ''),
('31096812', 2, 'Hoja lino tama?o oficio color blanco ', '0.00', '1.00', '1.00', 3, '', ''),
('31117081', 2, 'Paquete de foamy 10 unidade escarcahado tama?o carta color negro', '0.00', '26.00', '26.00', 3, '', ''),
('31178419', 2, 'Paquete de hojas bond 120 grs 50 unidades tama?o oficio ', '0.00', '9.00', '9.00', 32, '', ''),
('31220873', 2, 'Pliegos de papel bond color verde oscuro ', '0.00', '3.00', '3.00', 3, '', ''),
('31242479', 2, 'Sello de Madera', '15.25', '22.00', '22.00', 69, '', ''),
('31332330', 2, 'Hoja brillante tama?o oficio  color verde limon', '0.00', '5.00', '5.00', 3, '', ''),
('31391320', 3, 'CARGADOR PARA CARRO', '0.00', '130.00', '130.00', 0, '', ''),
('31459761', 2, 'Hoja foamy acanalado tama?o carta color amarillo', '0.00', '2.00', '2.00', 3, '', ''),
('31459969', 5, 'llaveros con diferentes dise?os ', '0.00', '29.00', '29.00', 58, '', ''),
('31479981', 2, 'Block papel arcoiris', '7.50', '11.00', '11.00', 69, '', ''),
('3148957512386', 2, 'PLIEGO DE CALCO COLOR AZUL', '7.25', '10.50', '10.50', 236, '', ''),
('3148957512393', 2, 'PLIEGO CALCO DE COLOR TURQUESA', '7.25', '10.50', '10.50', 236, '', ''),
('3148957512423', 2, 'PLIEGO DE PAPEL CALCO CLOR AMARILLO', '7.25', '10.50', '10.50', 236, '', ''),
('3148957512447', 2, 'PLIEGO CALCO DE COLOR VERDE PALIDO', '7.25', '10.50', '10.50', 236, '', ''),
('3148957512645', 2, 'PLIEGO DE CALCO COLOR MORADO LILA', '7.25', '10.50', '10.50', 236, '', ''),
('3148957512652', 2, 'PLIEGO CALCO DE COLOR CELESTE', '7.25', '10.50', '10.50', 236, '', ''),
('3150000000000', 2, 'ESCUADRA DE ALUMINIO ', '0.00', '39.00', '39.00', 23, '', ''),
('31506694', 2, 'Paquete de foamy 10 unidade escarcahado tama?o carta color caf? claro', '0.00', '26.00', '26.00', 3, '', ''),
('3154140113001', 2, 'boRRADOR CUADRADO TECHNIC', '0.00', '1.75', '1.75', 23, '', ''),
('3154140176112', 2, 'Sacapuntas Croc croc de conejo', '0.00', '11.50', '11.50', 23, '', ''),
('3154140452018', 1, 'Perforador  Maped', '17.25', '25.00', '25.00', 23, '', ''),
('3154140481100', NULL, 'Sacapuntas 2 en 1', '0.00', '12.00', '0.00', NULL, '', ''),
('3154140622114', 2, 'Sacapuntas doble agujero BOODY', '0.00', '6.50', '6.50', 23, '', ''),
('3154141195112', 2, 'BORRADOR TRIANGULAR TATO', '2.10', '3.25', '3.25', 23, '', ''),
('3154141196119', 2, 'BORRADOR BLACK TRIANGULAR', '2.00', '3.00', '3.00', 23, '', ''),
('3154141204210', 2, 'Regla tipo escuadra Maped de Aluminio', '26.90', '39.00', '39.00', 23, '', ''),
('3154141274114', 2, 'BORRADOR GIRATORIO DE COLORES', '4.25', '6.50', '6.50', 23, '', ''),
('3154142251305', 2, 'Lapicero Mapped Color Azul Diseño Sullivan Monster Inc Alv.', '2.60', '3.75', '3.75', 23, '', ''),
('3154144683104', 2, 'Tijera Soft Mapped Essentials', '11.00', '16.00', '16.00', 23, '', ''),
('3154145066005', 2, 'Sacapuntas de metal', '0.00', '3.50', '3.50', 3, '', ''),
('3154145112207', 2, 'BORRADOR DOMINO 20', '0.00', '3.00', '3.00', 23, '', ''),
('3154145112405', 2, 'BORRADOR DOMINO 40', '0.00', '1.75', '1.75', 23, '', ''),
('3154145112603', 2, 'BORRADOR DOMINO 60', '0.00', '1.00', '1.00', 23, '', ''),
('3154145117905', 2, 'BORRADOR SOFTY', '0.00', '4.00', '4.00', 23, '', ''),
('3154145404005', 1, 'Engrapadora pequeña Maped', '8.60', '12.50', '12.50', 23, '', ''),
('3154146832128', 2, 'Bote Grande de Crayones ', '0.00', '42.00', '42.00', 23, '', ''),
('3154148320098', 2, 'Bote Pequeño de Crayones de 12 Colores', '0.00', '36.00', '36.00', 23, '', ''),
('3154148454205', 2, 'Caja de Marcadores de 12 Colores', '0.00', '26.00', '26.00', 23, '', ''),
('31891813', 2, '100 hojas cascara de huevo delgada tama?o carta de 110 gm', '0.00', '95.00', '95.00', 3, '', ''),
('31947626', 2, 'Libro empastado de inventario de 100 hojas 200 folios ', '0.00', '27.00', '27.00', 108, '', ''),
('32030365', 2, 'Hojas de papel fotografico con adhesivo tamaño carta de 120 gm', '1.00', '2.00', '2.00', 95, '', ''),
('32070576', 2, 'pliego papel con dise?o de estrellas color azul', '0.00', '3.00', '3.00', 3, '', ''),
('32198591', 2, 'Pliegos de fieltro color azul', '0.00', '14.00', '14.00', 3, '', ''),
('3220000000000', 1, 'GRAPAS GALVANIZADAS 8MM', '0.00', '20.00', '20.00', 27, '', ''),
('3221631095020', 1, 'Grapa No. 53 Galvanizada de 6mm', '13.80', '20.00', '20.00', 27, '', ''),
('3221631095037', 1, 'Grapas Galbanizadas de 8mm', '13.80', '20.00', '20.00', 27, '', ''),
('32460032', 2, 'Hojas con dise?o de puntos tama?o carta ', '0.00', '1.00', '1.00', 0, '', ''),
('32468816', 1, 'Tinta para Impresora Generica Color Amarillo', '9.00', '13.00', '13.00', 165, '', ''),
('32491739', 2, 'pliego papel mantequilla', '0.00', '3.00', '3.00', 3, '', ''),
('32552614', 2, 'Pliegos de papel bond color naranjado ', '0.00', '3.00', '3.00', 3, '', ''),
('32562576', 6, 'Papelera con rodos', '127.00', '185.00', '185.00', 69, '', ''),
('32564891', 2, 'REGLA FLEXIBLE ', '4.10', '5.95', '5.95', 69, '', ''),
('32587234', 2, 'Libro empastado de cuentas corrientes de 200 hojas 400 folios ', '0.00', '57.00', '57.00', 108, '', ''),
('32591989', 2, 'Paquete de hojas bond de 100 unidades tama?o oficio color verde fluoresente', '0.00', '33.00', '33.00', 74, '', ''),
('32643367', 4, 'Caja de regalo rosado', '0.00', '5.00', '5.00', 0, '', ''),
('32671681', 2, 'Pliego de papel de regalo de conejo en vicicleta ', '1.35', '2.00', '2.00', 3, '', ''),
('32769166', 2, '100 hojas jade constelacion delgada tama?o carta 110 gm ', '0.00', '133.00', '133.00', 3, '', ''),
('32805147', 2, 'pliego foamy color rosado', '0.00', '9.00', '9.00', 3, '', ''),
('32839470', 2, 'Cuadernillo ortocaligrafia 3', '0.00', '64.00', '64.00', 0, '', ''),
('32889710', 4, 'Bote de brillantina color fusia', '0.00', '5.00', '5.00', 1, '', ''),
('32951479', 2, 'Hoja fomy tama?o carta color celeste', '0.00', '1.00', '1.00', 3, '', ''),
('32970500', 6, 'Caja para llaves ', '290.00', '425.00', '425.00', 69, '', ''),
('33033822', 2, 'pliego papel iris color celeste', '0.00', '3.00', '3.00', 3, '', ''),
('33160511', 1, 'Sila secretarial sin brazo color azul ', '0.00', '550.00', '550.00', 123, '', ''),
('33161266', 2, 'Paquete de 25 unidades de hojas fomy tama?o color rosado', '0.00', '23.00', '23.00', 3, '', ''),
('33337357', 2, 'Cuadernillo ortocaligrafia 5', '0.00', '64.00', '64.00', 0, '', ''),
('33396507', 2, 'Paquete de 25 unidades de hojas fomy tama?o color caf?', '0.00', '23.00', '23.00', 3, '', ''),
('33418865', 2, 'Hoja jade constelacion delgada tama?o carta 110 gm', '0.00', '2.00', '2.00', 3, '', ''),
('3342', 2, 'Lana Color Morada ', '2.40', '3.50', '3.50', 235, '', ''),
('3343', 2, 'Lana Color Lila ', '2.40', '3.50', '3.50', 235, '', ''),
('3344', 2, 'Lana Color Rosado', '2.40', '3.50', '3.50', 235, '', ''),
('3345', 2, 'Lana Color Blanco ', '2.40', '3.50', '3.50', 235, '', ''),
('3346', 2, 'Lana Color Azul', '2.40', '3.50', '3.50', 235, '', ''),
('3347', 2, 'Lana Color  Celete Oscuro', '2.40', '3.50', '3.50', 235, '', ''),
('33472584', 4, 'Bolsa de regalo rallada peque?a de colores ', '0.00', '5.00', '5.00', 0, '', ''),
('33478876', 2, 'pliego papel brillante color gris', '0.00', '11.00', '11.00', 3, '', ''),
('3348', 2, 'Lana Color Amarillo', '2.40', '3.50', '3.50', 235, '', ''),
('3349', 2, 'Lana Color Anaranjado', '2.40', '3.50', '3.50', 235, '', ''),
('33670911', 2, 'Ley dek servicio civil ', '0.00', '10.00', '10.00', 120, '', ''),
('33743769', 6, 'Escritorio en L Milan', '1929.00', '2800.00', '2700.00', 67, '', ''),
('33844466', 2, 'Paquete de foamy 10 unidade escarcahado tama?o carta color anaranjado ', '0.00', '26.00', '26.00', 3, '', ''),
('33993065', 2, 'Resma de hojas bond de 75 grs tama?o oficio de 500 unidades ', '0.00', '43.00', '43.00', 109, '', ''),
('34057520', 4, 'Pliego de carton piedra calibre 80', '0.00', '17.00', '17.00', 3, '', ''),
('341000000000', 4, 'SACO PARA DORMIR FELPA CON DISE?O ANIMAL (130*60CM)', '0.00', '399.00', '399.00', 44, '', ''),
('341180379402', 11, 'Saco para dormir de Felpa Diseño Animal - Titicos', '296.25', '400.00', '400.00', 44, '', ''),
('34172599', 6, 'Rotafolio', '0.00', '375.00', '375.00', 72, '', ''),
('34310793', 2, 'Cuadernillo para caligrafia popol-vuh 3', '0.00', '7.00', '7.00', 0, '', ''),
('34339602', 2, 'TRANSPORTADOR PEQUEÑO DE 180 GRADOS', '0.40', '0.60', '0.60', 225, '', ''),
('34369531', 6, 'Escritorio Ejecutivo', '1130.00', '1650.00', '1585.00', 66, '', ''),
('34413234', 2, 'Hoja bond tama?o carta color anaranjado ', '0.00', '0.00', '0.00', 74, '', ''),
('3500', 2, 'Figuras Foamy Puffy Sickers', '3.30', '4.75', '4.75', 69, '', ''),
('35102175', 2, 'Bola de duropor NO.9', '0.00', '6.00', '6.00', 0, '', ''),
('35195092', 2, 'MARCADOR DOBLE PUNTA PERMANENTE SHARPIE DE COLOR NEGRO', '11.00', '16.00', '16.00', 116, '', ''),
('35409366', 2, 'Ley de expropiacion ', '0.00', '7.00', '7.00', 120, '', ''),
('35617389', 2, 'Hoja fomy tama?o carta color fusia', '0.00', '1.00', '1.00', 3, '', ''),
('35755159', 2, 'Pliego de papel de regalo dise?o de petate ', '0.00', '2.00', '2.00', 3, '', ''),
('35941798', 2, 'Hoja fomy tama?o carta color piel', '0.00', '1.00', '1.00', 3, '', ''),
('35967323', 2, 'Hojas bond 120 grs tama?o carta ', '0.00', '0.00', '0.00', 32, '', ''),
('3601', 2, 'Diamantina Distintos Colores', '0.70', '1.00', '1.00', 69, '', ''),
('3602', 2, 'Figura Foamy de Muñecas Graduadas', '4.15', '6.00', '6.00', 69, '', ''),
('3603', 2, 'Decoraciones campanita', '30.30', '44.00', '44.00', 69, '', ''),
('3604', 2, 'Stickers Genéricos', '9.00', '12.00', '12.00', 69, '', ''),
('3605', 2, 'Borrador de Animales', '0.70', '1.00', '1.00', 69, '', ''),
('3606', 2, 'Borrador Frutas', '0.70', '1.00', '1.00', 69, '', ''),
('3607', 2, 'Pompón Grande', '1.40', '2.00', '2.00', 69, '', ''),
('3608', 2, 'Pompones Medianos', '0.70', '1.00', '1.00', 69, '', ''),
('3609', 2, 'Pompones Pequeñoa', '0.50', '0.75', '0.75', 69, '', ''),
('36227525', 2, 'Paquete de hojas de lineas tama?o carta 50 unidades ', '0.00', '5.00', '5.00', 32, '', ''),
('36370443', 2, 'Pliegos de papel bond color negro ', '0.00', '3.00', '3.00', 3, '', ''),
('36519491', 2, 'PAPEL DE REGALO DISEÑO EMOJIC', '1.35', '2.00', '2.00', 3, '', ''),
('36743063', 2, 'Hoja fomy tama?o carta color verde oscuro', '0.00', '1.00', '1.00', 3, '', ''),
('36840489', 2, 'Cuadernillo centro americano para caligrafia 4', '0.00', '7.00', '7.00', 0, '', ''),
('36991556', 2, 'Paquete de hojas bond de 100 unidades tama?o oficio color negro', '0.00', '33.00', '33.00', 74, '', ''),
('3700000000000', 3, 'TELEFONO PEQUE?O', '0.00', '98.00', '98.00', 9, '', 'T06'),
('37002428', 6, 'Silla secretarial sin brazo color azul', '375.00', '550.00', '550.00', 195, '', ''),
('3700601413687', 1, 'TELEFONO DE PARED T06', '67.00', '98.00', '98.00', 9, '', ''),
('3700601413748', 1, 'TELEFONO DE MESA T56', '110.00', '160.00', '160.00', 9, '', ''),
('37023959', 2, 'CD SIN ESTUCHE', '2.00', '3.00', '3.00', 69, '', ''),
('37300289', 1, 'Silla secretarial con brazo color negro ', '450.00', '660.00', '660.00', 123, '', ''),
('37322069', 2, 'Pliegos de fieltro color verde oscuro ', '0.00', '14.00', '14.00', 3, '', ''),
('37336097', 2, 'Paquete de de hoja lino tama?o carta color celeste 100 unidades', '0.00', '80.00', '80.00', 3, '', ''),
('37369378', 2, 'Paquete de de hoja lino tama?o oficio color verde limon 100 unidades', '0.00', '100.00', '100.00', 3, '', ''),
('37488703', 1, 'SELLO DORADO GRANDE DE LA REPUBLICA DE GUATEMALA', '2.50', '3.50', '3.50', 69, '', ''),
('37772123', 2, 'Lustrina color verde', '1.40', '2.00', '2.00', 69, '', ''),
('37792978', 2, 'pliego papel corrugado color negro', '0.00', '7.00', '7.00', 3, '', ''),
('37911126', 2, 'Lustrina color blanco ', '1.40', '2.00', '2.00', 69, '', ''),
('37988561988', 3, 'CUIDADO DE PEDICURA ', '0.00', '300.00', '300.00', 56, '', 'ES 2502 P'),
('38117855', 3, 'Marcador permanente para pizara de metal', '0.00', '14.00', '14.00', 20, '', ''),
('38383038', 2, 'pliego papel lustre color corinto', '0.00', '1.00', '1.00', 3, '', ''),
('38499500', 2, 'Minerarales de Guatemala ', '0.00', '12.00', '12.00', 93, '', ''),
('38513688', 2, 'Paquete de de hoja lino tama?o oficio color naranjado 100 unidades', '0.00', '100.00', '100.00', 3, '', ''),
('38528361', 3, 'CARG7 PARA CARRO', '89.50', '130.00', '130.00', 69, '', ''),
('38878275', 2, 'pliego papel delgado brillante con dise?o ccolor celeste', '0.00', '6.00', '6.00', 3, '', ''),
('38880322', 2, 'Hoja de foamy escarchado tama?o carta color anaranjado', '0.00', '3.00', '3.00', 3, '', ''),
('38913655', 4, 'Stickers de animales', '0.00', '4.00', '4.00', 3, '', ''),
('39007322', 2, 'pliego papel delgado brillante color plateado', '0.00', '6.00', '6.00', 3, '', ''),
('39098337', 4, 'Limpiapipa delgado de colores', '0.00', '0.00', '0.00', 1, '', ''),
('39342355', 1, 'Tinta para Impresora Generica Color Cyan', '9.00', '13.00', '13.00', 165, '', ''),
('39487155', 2, 'Hoja de foamy escarchado tama?o carta color negro', '0.00', '3.00', '3.00', 3, '', ''),
('39491282', 2, 'pliego papel delgado con dise?o color celeste', '0.00', '6.00', '6.00', 3, '', ''),
('39514202', 2, 'Paquete de foamy 10 unidades con cuadros tama?o carta color piel', '0.00', '23.00', '23.00', 3, '', ''),
('39639295', 2, 'Ley del impuesto de timbres fiscales y papel sellado especial para procolos con su reglamento ', '0.00', '7.00', '7.00', 119, '', ''),
('39676757', 2, 'LAPICERO PUNTA INTENSA BIC DE COLOR VERDE', '1.50', '2.25', '1.88', 172, '', ''),
('39786661', 2, 'pliego foamy brillante color morado oscuro', '0.00', '18.00', '18.00', 3, '', ''),
('39810113', 4, 'Caja de regalo color blanco sin dise?o ', '0.00', '5.00', '5.00', 3, '', ''),
('39915359354', 4, 'PELUCHE DE PUERCO', '0.00', '180.00', '180.00', 38, '', ''),
('39941183', 3, 'TINTA K', '0.00', '13.00', '13.00', 0, '', ''),
('4000', 11, 'Bolsa de Carton 50 sombras de gray', '5.20', '7.50', '7.50', 69, '', ''),
('4000000000000', 2, 'BORRADOR SINTETICO ', '0.00', '6.00', '6.00', 35, '', ''),
('40000985', 2, 'Pliegos de papel bond color caf?', '0.00', '3.00', '3.00', 3, '', ''),
('40001227', 2, 'Hoja cascara de huevo delgada tama?o carta de 110 gm', '0.00', '1.00', '1.00', 3, '', ''),
('4001', 11, 'Bolsa de Cartón diseño 50 Sombras de Gray', '5.20', '999999.99', '5.20', 69, '', ''),
('40045870', 2, 'Folder tama?o carta doble color ', '0.00', '2.00', '2.00', 104, '', ''),
('4004764063109', 2, 'Marcador Permanente Edding Color Rojo', '0.00', '6.50', '6.50', 35, '', ''),
('4004764079421', 2, 'BORRADOR SINTETICO ', '0.00', '5.50', '5.50', 35, '', ''),
('4004764104406', 2, 'Bote de Marcadores de 24 Colores', '0.00', '33.00', '33.00', 35, '', ''),
('4004764109166', 2, 'Estuche de Marcadores de 12 Colores Edding', '0.00', '15.00', '15.00', 35, '', ''),
('4004764109241', 2, 'Esuche de Marcadores de 10 Colores Edding', '0.00', '23.00', '23.00', 35, '', ''),
('4004764390564', 2, 'MARCADOR PERMANENTE EDDING COLOR NEGRO', '4.00', '6.00', '6.00', 35, '', ''),
('4004764391257', 10, 'Marcador Pizarra Negro', '0.00', '6.50', '6.50', 35, '', ''),
('4004764391264', 10, 'Marcador Pizarra Rojo', '4.50', '6.50', '6.50', 35, '', ''),
('4004764391271', 10, 'Marcador Pizarra Azul', '6.50', '6.50', '6.50', 35, '', ''),
('4004764921386', 2, 'MARCADOR COLOR DORADO PAINT MARKER', '10.00', '14.50', '14.50', 115, '', ''),
('4004764921423', 2, 'MARCADOR DE COLOR PLATIADO PAINT MARKER', '10.00', '14.50', '14.50', 35, '', ''),
('4005401190004', 2, 'LAPIZ PARA DIBUJO HB', '5.00', '7.25', '7.25', 34, '', ''),
('4005401190011', 2, 'LAPIZ PARA DIBUJO B', '5.00', '7.25', '7.25', 34, '', ''),
('4005401190035', 2, 'LAPIZ PARA DIBUJO 3B', '5.00', '7.25', '7.25', 34, '', ''),
('4005401190042', 2, 'Lapiz para dibujo Faber-Castell 4B', '5.00', '7.25', '7.25', 34, '', ''),
('4005401190059', 2, 'LAPIZ PARA DIBUJO 5B', '5.00', '7.25', '7.25', 34, '', ''),
('4005401190066', 2, 'LAPIZ PARA DIBUJO FABER CASTELL 6B', '5.00', '7.25', '7.25', 34, '', ''),
('4005401190073', 2, 'LAPIZ PARA DIBUJO 7B', '5.00', '7.25', '7.25', 34, '', ''),
('4005401190080', 2, 'LAPIZ PARA DIBUJO 8B', '5.00', '7.25', '7.25', 34, '', ''),
('4005401190110', 2, 'LAPIZ PARA DIBUJO H', '5.00', '7.25', '7.25', 34, '', ''),
('4005401190134', 2, 'LAPIZ PARA DIBUJO 3H', '5.00', '7.25', '7.25', 34, '', ''),
('4005401190141', 2, 'LAPIZ PARA DIBUJO 4H', '5.00', '7.25', '7.25', 34, '', ''),
('4005401190165', 2, 'LAPIZ PARA DIBUJO 6H', '5.00', '7.25', '7.25', 34, '', ''),
('4005401511212', 2, 'RAPIDOGRAFO FABER EN COLOR ROJO', '4.60', '6.75', '6.75', 34, '', ''),
('4005401511519', 2, 'RAPIDOGRAFO FABER DE COLOR AZUL', '4.60', '6.75', '6.75', 34, '', ''),
('4005401511991', 2, 'RAPIDOGRAFO FABER DE COLOR NEGRO', '4.60', '6.75', '6.75', 34, '', ''),
('4005401548072', 2, 'RESALTADOR FABER DE COLOR AMARILLO', '4.80', '7.00', '7.00', 34, '', ''),
('4005401548157', 2, 'RESALTADOR FABER DE COLOR ANARANJADO', '4.80', '7.00', '7.00', 34, '', ''),
('4005401548218', 2, 'RESALTADOR FABER DE COLOR ROJO', '4.80', '7.00', '7.00', 34, '', ''),
('4005401548515', 2, 'RESALTADOR FABER DE COLOR CELESTE', '4.80', '7.00', '7.00', 34, '', ''),
('4005401548638', 2, 'RESALTADOR FABER DE COLOR VERDE', '4.80', '7.00', '7.00', 34, '', ''),
('4005401858003', 2, 'BORRADOR PARA LAPICERO CON ESCOBITA', '7.25', '10.50', '10.50', 34, '', ''),
('4007817321492', 2, 'Marcador Permanente Staedtler Azul', '0.00', '5.50', '5.50', 78, '', ''),
('4007817321522', 2, 'Marcador Permanente Staedtler Magenta', '0.00', '5.50', '5.50', 78, '', ''),
('4007817321539', 2, 'Marcador Permanente Staedtler Color Marrón', '0.00', '5.50', '5.50', 78, '', ''),
('4007817322741', 2, 'Marcador Permanente Rojo', '0.00', '5.50', '5.50', 78, '', ''),
('4007817322758', 2, 'Marcador Permanente Azul', '0.00', '5.50', '5.50', 78, '', ''),
('4007817322789', 2, 'Marcador Permanente Morado', '0.00', '5.50', '5.50', 78, '', ''),
('4007817322796', 2, 'Marcador Permanente Staedtler Cafe', '0.00', '5.50', '5.50', 78, '', ''),
('4007817328934', 2, 'Estuche de Marcadores para Pizarra LumoColor 4 Unidades', '26.00', '38.50', '38.50', 78, '', ''),
('4010000000000', 2, 'Estuche marcador de pizarra', '0.00', '40.00', '40.00', 6, '', ''),
('4014732200382', 2, 'CUTER COMPASS', '24.10', '35.00', '35.00', 69, '', ''),
('40153780', 2, 'Hojas bond de 120 grs tama?o doble carta ', '0.00', '0.00', '0.00', 108, '', ''),
('40157764', 2, 'Codigo civil', '0.00', '25.00', '25.00', 120, '', ''),
('40188430', 2, 'Hoja fomy tama?o carta color gris', '0.00', '1.00', '1.00', 3, '', ''),
('4040000000000', 2, 'FOLDER PL?STICO TAMA?O CARTA CON BANDAS EL?STICAS', '0.00', '10.00', '10.00', 61, '', ''),
('4041485045632', 2, 'Zipper Pocket pequeña ', '1.55', '2.25', '2.25', 65, '', ''),
('4041485123415', 2, 'Folder Plastico Crystal ErichKrause Negro Transparente A4', '7.50', '11.00', '11.00', 65, '', ''),
('4041485283003', 2, 'PORTAMINAS  DRAFT 2.0MM', '3.80', '5.50', '5.50', 65, '', ''),
('4042448194664', 2, 'Caja de Tubos de Glitter Deco - Classic Colors', '14.50', '21.00', '21.00', 133, '', ''),
('4042448311122', 2, 'Caja de Tubos de Glitter Deco - Candy Colors', '14.50', '21.00', '21.00', 133, '', ''),
('4042448312907', 2, 'DECO TAPE DE COLORES TESA', '9.30', '13.50', '13.50', 133, '', ''),
('4042448391186', 2, 'DECO TAPE TESA CON DISEÑO', '9.30', '13.50', '13.50', 133, '', ''),
('4042448402615', 2, 'TESA EXTRA POWER NEON TAPE DE COLORES ', '20.15', '29.25', '29.25', 133, '', ''),
('40517971', 6, 'Archivador', '0.00', '0.00', '0.00', 0, '', ''),
('40551425', 2, 'pliego papel esmaltado color plateado', '0.00', '3.00', '3.00', 3, '', ''),
('40581279', 2, 'Hoja foamy acanalado tama?o carta color negro', '0.00', '2.00', '2.00', 3, '', ''),
('40592589', 7, 'Mesa para jardin con 2 mesas', '0.00', '650.00', '650.00', 69, '', ''),
('406000000000', 2, 'Hojas arcoiris tama?o carta de colores ', '0.00', '1.00', '1.00', 3, '', ''),
('40613802', 10, 'Pizarron 0.40 x 0.60m.', '55.00', '78.00', '78.00', 72, '', ''),
('41132371', 2, 'Paquete de 10 unidades de foamy con ondas tama?o carta color verde oscuro', '0.00', '25.00', '25.00', 3, '', ''),
('41267462', 4, 'Bolsa de regalo mini kraf ', '0.00', '3.00', '3.00', 0, '', ''),
('41271483', 1, 'Tinta para Impresora Generica Color Magenta', '9.00', '13.00', '13.00', 165, '', ''),
('41315583', 2, 'Hoja foamy con ondas tama?o carta color caf?', '0.00', '3.00', '3.00', 3, '', ''),
('41331576', 2, 'Hoja bond tama?o oficio color verde limon', '0.00', '0.00', '0.00', 74, '', ''),
('41375105', 2, 'Pliego de papel de regalo dise?o de piedra', '0.00', '2.00', '2.00', 3, '', ''),
('41437636', 2, 'MARCADOR DOBLE PUNTA MCKIE EXTRA FINE COLOR NEGRO', '10.00', '14.50', '14.50', 115, '', ''),
('41487433', 2, 'Pliegos de cartulina color celeste', '0.00', '2.00', '2.00', 3, '', ''),
('41540393016', 2, 'Caja de lapicero con borrador paper mate de colores ', '0.00', '84.00', '84.00', 42, '', ''),
('41540420309', 2, 'Corrector liquid paper 2 en 1', '0.00', '17.00', '17.00', 42, '', ''),
('41631751', 2, 'Paquete de 10 unidades de foamy con ondas tama?o carta color fusia', '0.00', '25.00', '25.00', 3, '', ''),
('41636398', 2, 'Hoja lino tama?o oficio color rosado ', '0.00', '1.00', '1.00', 3, '', ''),
('41764916', 2, 'Pliego de papel de regalo dise?o de vaca color rosado ', '1.35', '2.00', '2.00', 3, '', ''),
('41784716', 2, 'Paquete de foamy 10 unidade escarcahado tama?o carta color rosado', '0.00', '26.00', '26.00', 3, '', ''),
('41848142', 2, 'Cuadernillo para caligrafia Monza 3', '0.00', '11.00', '11.00', 0, '', ''),
('41917862', 2, 'pliego papel iris color lila', '0.00', '3.00', '3.00', 3, '', ''),
('4200', 11, 'Bolsa de Regalo Rayada Colores Varios ', '6.60', '9.50', '9.50', 69, '', ''),
('4201', 11, 'Bolsa de Regalo Color Blanco', '6.60', '9.50', '9.50', 69, '', ''),
('4203', 11, 'Bolsa de Regalo Flor y Mariposa', '4.20', '6.00', '6.00', 69, '', ''),
('42033813', 2, 'Libro de compras y ventas regimen de peque?os contribuyentes de 25 folios', '0.00', '16.00', '16.00', 32, '', ''),
('4204', 11, 'Bolsa para Regalo con Diseño de Moña Verde ', '6.20', '9.00', '9.00', 69, '', ''),
('4205', 11, 'Bolsa de Regalo Larga Diseño con Moña Color Rojo', '6.20', '9.00', '9.00', 69, '', ''),
('4206', 11, 'Bolsa de Regalo Color Cartón Mediana ', '3.50', '5.00', '5.00', 69, '', ''),
('4207', 11, 'Bolsa de Regalo Color Cartón Pequeña ', '2.50', '3.75', '3.75', 69, '', ''),
('42076254', 2, 'Tape glitter de colores', '9.30', '13.50', '13.50', 133, '', ''),
('4208', 11, 'Bolsa de Regalo Rayadas Colores Varios Mediana', '4.20', '6.00', '6.00', 69, '', ''),
('4209', 11, 'Bolsa de Regalo con Diseño de moña Colores Varios Mediana ', '4.20', '6.00', '6.00', 69, '', ''),
('4210', 11, 'Bolsa de Regalo Diseño Baby Shower Color Naranja ', '5.20', '7.50', '7.50', 69, '', ''),
('4211', 11, 'Bolsa de Regalo Diseño de Vaca ', '5.20', '7.50', '7.50', 69, '', ''),
('4212', 11, 'Bolsa de Regalo con Diseño de Auto ', '5.20', '7.50', '7.50', 69, '', ''),
('4213', 11, 'Bolsa de Regalo Diseño de Camión Cars', '5.20', '7.50', '7.50', 69, '', ''),
('4214', 11, 'Caja de Regalo Color Cartón Pequeña ', '2.00', '3.00', '3.00', 69, '', ''),
('4215', 11, 'Bolsas de Regalo Distintos Colores  Mediano', '3.10', '4.50', '4.50', 69, '', ''),
('4216', 11, 'Bolsa de Regalo con Franjas Pequeña ', '3.10', '4.50', '4.50', 69, '', ''),
('42212454', 2, 'Hoja foamy acanalado tama?o carta color anaranjado', '0.00', '2.00', '2.00', 3, '', ''),
('42227229', 2, 'Cuadernillo para caligrafia popol-vuh 2', '0.00', '7.00', '7.00', 0, '', ''),
('42229215032', 2, 'Marcadores jumbo changing markers 10 colores', '0.00', '38.00', '38.00', 16, '', ''),
('42291374', 2, 'Hoja brillante cascara de huevo tama?o carta 110 gm', '0.00', '2.00', '2.00', 3, '', ''),
('42390619', 6, 'Loquer de 4 gabetas', '500.00', '725.00', '725.00', 66, '', ''),
('42477389', 2, 'Paquete papel fotografico tama?o carta de 110 gm', '0.00', '21.00', '21.00', 95, '', ''),
('42760450', 2, 'pliego papel arcoiris color azul', '0.00', '5.00', '5.00', 3, '', ''),
('42768807', 10, 'Rompecabezas coleccionables LAS VOCALES caja naranja', '5.86', '8.50', '8.50', 22, '', ''),
('42968696', 2, 'pliego foamy brillante color azul claro', '0.00', '18.00', '18.00', 3, '', ''),
('4300', 11, 'Caja Armable Pequeña', '5.20', '7.50', '7.50', 69, '', ''),
('4301', 11, 'Caja pequeña Armable con Tapadera ', '5.20', '7.50', '7.50', 69, '', ''),
('4302', 11, 'Caja de Cartón con Tapadera Grande ', '7.60', '11.00', '11.00', 69, '', ''),
('4303', 11, 'Caja Grande Armabable', '7.60', '11.00', '11.00', 69, '', ''),
('4304', 11, 'Caja de Regalo Felicitaciones', '3.50', '5.00', '5.00', 69, '', ''),
('43048922', 4, 'Limpiapipa delgado brillante', '0.00', '1.00', '1.00', 1, '', ''),
('4305', 11, 'Caja de Regalo Color Blanco ', '2.75', '4.00', '2.75', 69, '', ''),
('4306', 11, 'Caja de Cartón para Regalo Grande con Listón Rojo', '10.50', '15.00', '15.00', 69, '', ''),
('4307', 11, 'Caja de Cartón para Regalo Pequeño con Listón Verde ', '5.20', '7.50', '7.50', 69, '', ''),
('4308', 11, 'Caja de Cartón para Regalo con Listón Azul', '5.50', '8.00', '8.00', 69, '', ''),
('4309', 11, 'Caja de Cartón Mediana Listón Color Azul Oscuro', '6.90', '10.00', '6.90', 69, '', ''),
('4312', 11, 'Bolsas de Regalo de Tela Diseños Varios', '1.90', '2.75', '2.75', 69, '', ''),
('4313', 11, 'Globo para Cumpleaños No. 9 Dorado y Plateado', '6.20', '9.00', '9.00', 69, '', ''),
('4314', 11, 'Globo para Cumpleaños No. 5 Dorado y Plateado', '6.20', '9.00', '9.00', 69, '', ''),
('4315', 11, 'Globo para Cumpleaños No. 7 Dorado y Plateado', '6.20', '9.00', '9.00', 69, '', ''),
('4316', 11, 'Globo para Cumpleaños No. 4 Dorado y Plateado', '6.20', '9.00', '9.00', 69, '', ''),
('4317', 11, 'Globo para Cumpleaños No. 5 Dorado y Plateado', '6.20', '9.00', '9.00', 69, '', ''),
('4318', 11, 'Globo para Cumpleaños No. 6 Dorado y Plateado', '6.20', '9.00', '9.00', 69, '', ''),
('4320', 11, 'Globo para Cumpleaños No. 3 Dorado y Plateado', '6.20', '9.00', '9.00', 69, '', ''),
('4321', 11, 'Globo para Cumpleaños No. 0 Dorado y Plateado', '6.20', '9.00', '9.00', 69, '', ''),
('4322', 11, 'Globo para Cumpleaños No. 2 Dorado y Plateado', '6.20', '9.00', '9.00', 69, '', ''),
('4323', 11, 'Globo para Cumpleaños No. 8 Dorado y Plateado', '6.20', '9.00', '9.00', 69, '', ''),
('4324', 11, 'Globos Carita Feliz Inflables ', '6.90', '10.00', '10.00', 69, '', ''),
('4325', 11, 'Globo para Cumpleaños No. 1 Dorado y Plateado', '6.90', '10.00', '10.00', 69, '', ''),
('4326', 11, 'Globo para Cumpleaños No. 1 Dorado y Plateado Grande ', '15.20', '22.00', '22.00', 69, '', ''),
('43260812', 2, 'Hoja de foamy escarchado tama?o carta color morado', '0.00', '3.00', '3.00', 3, '', ''),
('4327', 11, 'Globo para Cumpleaños No. 9 Dorado Grande ', '15.20', '22.00', '22.00', 69, '', ''),
('4328', 11, 'Globo para Cumpleaños No. 7  Dorado Grande ', '15.20', '22.00', '22.00', 69, '', ''),
('4329', 11, 'Globo para Cumpleaños No. 2 Dorado Grande ', '15.20', '22.00', '22.00', 69, '', ''),
('4330', 11, 'Barras de Silicona Color Rojo', '1.40', '2.00', '2.00', 69, '', ''),
('4331', 2, 'Ojos de calcomania ', '0.10', '0.07', '0.07', 69, '', ''),
('4332', 2, 'Polvo para Flores/Añelina', '0.70', '1.00', '1.00', 69, '', ''),
('43329304', 4, 'Bote de brillantina color azul', '0.00', '4.00', '4.00', 1, '', ''),
('4333', 11, 'Alas de Mariposa/Ángel ', '24.20', '35.00', '35.00', 69, '', ''),
('4334', 2, 'Lana Color Verde Oscuro ', '2.40', '3.50', '3.50', 235, '', ''),
('4335', 2, 'Lana Color Negro', '2.40', '3.50', '3.50', 235, '', ''),
('4336', 2, 'Lana Color Café', '2.40', '3.50', '3.50', 235, '', ''),
('4337', 2, 'Lana Color Fusia ', '2.40', '3.50', '3.50', 235, '', ''),
('4339', 2, 'Lana Color Rojo', '2.40', '3.50', '3.50', 235, '', ''),
('4340', 2, 'Lana Color Celeste Pálido ', '2.40', '3.50', '3.50', 235, '', ''),
('4341', 2, 'Lana Color Verde Limón', '2.40', '3.50', '3.50', 235, '', ''),
('43486359', 2, 'Hoja corwain tama?o carta color corinto de 230 gm', '0.00', '2.00', '2.00', 3, '', ''),
('43655656', 2, 'Hojas acanaladas grandes color normal de colores', '0.00', '3.00', '3.00', 3, '', ''),
('43657933', 2, 'Marcador punta vicelada ', '0.00', '6.00', '6.00', 6, '', ''),
('43707935', 2, 'Marcador punta vicelada ', '0.00', '4.00', '4.00', 23, '', ''),
('43747429', 2, 'Pliegos de cartulina color rosado', '0.00', '2.00', '2.00', 3, '', ''),
('43755592', 2, 'Pliegos de cartulina color amarillo', '0.00', '2.00', '2.00', 3, '', ''),
('43806461', 2, 'pliego papel lustre color anaranjado', '0.00', '1.00', '1.00', 3, '', ''),
('43837144', 2, 'Pliego de cartoncillo de descote color blanco ', '0.00', '4.00', '4.00', 3, '', ''),
('44222697', 2, 'Pliegos de papel bond color celeste', '0.00', '3.00', '3.00', 3, '', ''),
('44273323', 2, 'Hojas bond 120 grs tama?o oficio ', '0.00', '0.00', '0.00', 32, '', ''),
('44289362', 2, 'Marcador punta vicelada ', '0.00', '4.00', '4.00', 19, '', ''),
('44367176', 2, 'Cuadernillo para caligrafia Monza 4', '0.00', '11.00', '11.00', 0, '', ''),
('44385477', 2, 'Folder doble color tama?o oficio ', '0.00', '2.00', '2.00', 104, '', ''),
('44400798', 4, 'Sistema solar en duropor ', '0.00', '10.00', '10.00', 112, '', ''),
('44476084034', 3, 'CONTROLES PARA TV', '0.00', '35.00', '35.00', 10, '', ''),
('4460', 2, 'Plumas Color Verde ', '1.70', '2.50', '2.50', 69, '', ''),
('4461', 2, 'Plumas Color Amarillo', '1.70', '2.50', '2.50', 69, '', ''),
('4462', 2, 'Plumas Color Azul', '1.70', '2.50', '2.50', 69, '', ''),
('4463', 2, 'Plumas Color Roja', '1.70', '2.50', '2.50', 69, '', ''),
('44679668', 2, 'Paquete de 10 unidades de foamy con lentejuelas azul', '0.00', '48.00', '48.00', 3, '', ''),
('44829902', 6, 'Cupitre para ni?os', '0.00', '180.00', '180.00', 69, '', ''),
('44952211', 2, 'Hoja bond tama?o oficio color rojo', '0.00', '0.00', '0.00', 74, '', ''),
('44990671', 2, 'pliego foamy brillante color rosado', '0.00', '18.00', '18.00', 3, '', ''),
('45047879', 2, 'Paquete de 25 unidades de hojas fomy tama?o color amarillo', '0.00', '23.00', '23.00', 3, '', ''),
('45076350', 2, 'Hoja de foamy con cuadros tama?o carta color anaranjado', '0.00', '2.00', '2.00', 3, '', ''),
('45305023', 2, 'Cuadernillo centro americano para caligrafia 2', '0.00', '7.00', '7.00', 0, '', ''),
('45387609', 2, 'Paquete de hojas bond 100 unidades tama?o carta color amarillo fluoresente', '0.00', '23.00', '23.00', 74, '', ''),
('45446481', 2, 'Hoja brillante con textura de 110 gm', '0.00', '2.00', '2.00', 3, '', ''),
('4549292034295', 3, 'CARTUCHO DE TINTA 44 BLACK PIXMA', '93.10', '135.00', '135.00', 4, '', ''),
('4549292034301', 3, 'CARTUCHO DE TINTA 54 COLOR PRIXMA', '93.10', '135.00', '135.00', 4, '', ''),
('4549292041828', 3, 'TINTA PIXMA DE COLOR CELESTE 190C ', '67.50', '98.00', '98.00', 4, '', ''),
('4549292041842', 3, 'TINTA PIXMA DE COLOR AMARILLO 190Y', '67.50', '98.00', '98.00', 4, '', ''),
('4549292041866', 3, 'TINTA PIXMA DE COLOR ROSADO 190M', '67.50', '98.00', '98.00', 4, '', ''),
('4549292055191', 3, 'Impresora Canon Pixma E402', '225.00', '325.00', '325.00', 4, 'Pixma', 'E402'),
('4549526602054', 1, 'Calculadora Casio Pequeño Azul', '20.00', '29.00', '29.00', 8, '', ''),
('4549526607219', 2, 'Calculadora Casio fx-82MS', '65.00', '90.00', '90.00', 8, '', ''),
('4550000000000', 3, 'CALCULADORA CIENTIFICA', '0.00', '90.00', '90.00', 8, '', 'FX-82MS'),
('45713781', 2, 'Paquete de foamy 10 unidades acanalados tama?o carta color gris', '0.00', '23.00', '23.00', 3, '', ''),
('45938467', 2, 'Hojas linea tama?o carta de 80 grs ', '0.00', '0.00', '0.00', 32, '', ''),
('46083463', 5, 'BILLETERA LARGA DE CABALLERO ', '0.00', '140.00', '140.00', 50, '', ''),
('46206916', 2, 'pliego foamy color amarillo', '0.00', '9.00', '9.00', 3, '', ''),
('46374028', 2, 'pliego papel brillante color rosado', '0.00', '11.00', '11.00', 3, '', ''),
('46452177', 2, 'pliego papel delgado con dise?o color amarillo', '0.00', '6.00', '6.00', 3, '', ''),
('46509741', 2, 'Cuadernillo para caligrafia jaime sanchez 9', '0.00', '7.00', '7.00', 0, '', ''),
('46625045', 2, 'Paquete de de hoja lino tama?o carta color verde 100 unidades', '0.00', '80.00', '80.00', 3, '', ''),
('46699558', 6, 'Silla Ejecutiva sin llantas ', '700.00', '1050.00', '1050.00', 69, '', ''),
('46776211', 2, 'Paquete de hojas bond 100 unidades tama?o carta color fusia', '0.00', '23.00', '23.00', 74, '', ''),
('46933409', 2, 'Codgio tributario ', '0.00', '12.00', '12.00', 120, '', ''),
('46964403', 1, 'Grapas Industriales 23/13 mm Fast 1000 Unidades', '6.25', '9.00', '9.00', 3, '', ''),
('47073012', 2, 'Paquete de foamy 10 unidades acanalados tama?o carta color verde limon', '0.00', '23.00', '23.00', 3, '', ''),
('47083479', 2, 'Paquete de foamy tohalla de 10 unidades tama?o carta color rosado', '0.00', '23.00', '23.00', 3, '', ''),
('471000000000', 2, 'Tijera escolar de 5 pulgadas  ', '0.00', '3.00', '3.00', 3, '', ''),
('4710000000000', 3, 'USB 16 GB', '0.00', '72.00', '72.00', 6, '', 'V236W'),
('4710581356439', 2, 'Sobre con Zipper Color Verde', '7.00', '10.00', '10.00', 62, '', ''),
('4710581356446', 2, 'Sobres Plásticos con Zipper Color Blanco', '7.00', '10.00', '10.00', 62, '', ''),
('4710581356453', 2, 'Sobre con Zipper Color Negro ', '7.00', '10.00', '10.00', 62, '', ''),
('4710581387525', 2, 'Beautone Folder Plastico de Color Azul Duro Solido', '10.00', '15.00', '15.00', 60, '', ''),
('4710609170313', 2, 'Marcadores 24 Colores Water Color Pen Simbalion', '19.00', '28.00', '28.00', 76, '', ''),
('4710609172379', 2, 'Estuche de 36 Colores de Marcadores Kung Fu Duck', '55.00', '80.00', '80.00', 80, '', ''),
('4710609172577', 2, 'Marcadores Kung Fu Duck de 12 Colores', '142.40', '18.00', '18.00', 80, '', ''),
('4710609400366', 2, 'Crayones Pastel Kung Fu Duck 24 Colores', '19.30', '28.00', '28.00', 80, '', ''),
('4710609403305', 2, 'Crayones Soft Pastel SimbaLion 12 Colores', '24.85', '36.00', '36.00', 76, '', ''),
('4710609876833', 2, 'Marcador Metálico de color dorado', '3.10', '4.50', '4.50', 76, '', ''),
('4710609876840', 2, 'Marcador Metálico de color gris', '3.10', '4.50', '4.50', 76, '', ''),
('4710609876857', 2, 'MARCADOR METALICO DE COLOR AZUL', '3.10', '4.50', '4.50', 76, '', ''),
('4710609876864', 2, 'MARCADOR METALICO DE COLOR ROSADO', '3.10', '4.50', '4.50', 76, '', ''),
('4710609877007', 2, 'MARCADORES METALICOS DE COLOR VERDE', '3.10', '4.50', '4.50', 76, '', ''),
('4710728125263', 3, 'CAMARA WEB REDONDA', '82.00', '125.00', '125.00', 69, '', ''),
('4710728125355', 3, 'CAMARA WEB CUADRADA MEGA', '86.00', '125.00', '125.00', 69, '', ''),
('4710850362017', 1, 'Sello de RECIBIDO Shiny', '26.00', '39.00', '39.00', 31, '', ''),
('4710887400133', 2, 'Pincel de Madera #1', '1.25', '2.00', '2.00', 3, '', ''),
('4710887400140', 2, 'Pincel de Madera #2', '1.25', '2.00', '2.00', 3, '', ''),
('4710887400157', 2, 'Pincel de Madera #3', '1.50', '2.25', '2.25', 3, '', ''),
('4710887400164', 2, 'Pincel #4', '1.75', '2.75', '2.75', 3, '', ''),
('4710887400171', 2, 'Pincel #5', '2.00', '3.00', '3.00', 3, '', ''),
('4710887400195', 2, 'Pincel #7', '3.25', '4.75', '4.75', 3, '', ''),
('4710887400201', 2, 'Pincel #8', '4.25', '6.25', '6.25', 3, '', ''),
('4710887400218', 2, 'Pincel #9', '4.75', '7.00', '7.00', 3, '', ''),
('4710887400225', 2, 'Pincel #10', '5.00', '7.75', '7.75', 3, '', ''),
('4710887400232', 2, 'Pincel #11', '6.50', '9.50', '9.50', 3, '', ''),
('4710887400249', 2, 'Pincel #12', '7.25', '10.75', '10.75', 3, '', ''),
('4710887400744', NULL, 'REGLA PLASTICA 30 CM', '0.00', '1.00', '0.00', NULL, '', ''),
('4710887400942', 2, 'REGLA DE METAL DE 30 CM.', '4.80', '7.00', '7.00', 3, '', ''),
('4710887400980', 1, 'Perforador de un agujero Fast', '6.25', '9.00', '9.00', 3, '', ''),
('4710887402595', 2, 'Tijera Fast de 7 pulgadas', '6.50', '9.50', '9.50', 3, '', ''),
('4710887402748', 2, 'Cartuchera Celeste con Costura de Colores la abuela Fome', '15.25', '22.00', '22.00', 165, '', ''),
('4710887403516', 1, 'CARTAPACIO AZUL CON FUNDA', '16.75', '25.00', '25.00', 3, '', ''),
('4710887405374', 2, 'PORTAMINAS 0.5 MM FAST', '2.00', '3.00', '3.00', 3, '', ''),
('4710887405510', 2, 'Regla T de Madera Grande de 40 CM', '10.00', '14.50', '14.50', 3, '', ''),
('4710887406487', 1, 'Sacagrapas SF-05 Fast', '3.00', '4.50', '4.50', 3, '', ''),
('4710887408054', 2, 'Escuadra de Madera Fast Grande de 34 CM', '24.00', '35.00', '35.00', 3, '', ''),
('4710887409327', 2, 'Caja de Crayones Jumbo Triangular de 12 Colores', '6.50', '9.50', '9.50', 3, '', ''),
('4710887409334', 2, 'Crayones de Cera Jumbo de 24 Colores Triangular Fast', '13.25', '19.50', '19.50', 3, '', ''),
('4710887409617', 2, 'Set de Escuadras Profesionales Acrilicas', '8.00', '13.00', '13.00', 3, '', ''),
('4710887409648', 2, 'Set de Escuadras Biseladas Profesionales Grandes', '22.00', '33.00', '33.00', 3, '', ''),
('4710887411153', 2, 'COMPASS DE METAL MARCA FAST', '3.75', '5.50', '5.50', 3, '', ''),
('4710887411184', 2, 'Tijera pequeña sin punta Fast', '2.00', '3.00', '3.00', 3, '', ''),
('4710887411290', 2, 'Crayones de Cera Super Jumbo Fast de 12 Colores', '10.00', '15.00', '15.00', 3, '', ''),
('4710887411306', 2, 'Crayones de Cera Super Jumbo de 24 Colores Fast', '20.00', '29.00', '29.00', 3, '', ''),
('4710887419777', 2, 'Sacapuntas dible agujero de colores', '0.00', '2.25', '2.25', 3, '', ''),
('4710887419784', 2, 'Tijera Pequeña sin Punta Fast', '3.75', '5.50', '5.50', 3, '', ''),
('4711678054528', NULL, 'Sacaounta de avion mino v-plus', '0.00', '7.50', '0.00', NULL, '', ''),
('4711678070009', 2, 'Sacapuntas SHIEDL', '0.00', '0.00', '0.00', 33, '', ''),
('4711678070023', NULL, 'Sacapunta doble agujero Y-PLUS+ ASTRO', '0.00', '5.50', '0.00', NULL, '', ''),
('4711678072126', 2, 'Sacapunta de pinguino ', '0.00', '0.00', '0.00', 33, '', ''),
('4711678072331', 2, 'Sacapunta de Tompo doble agujero', '0.00', '0.00', '0.00', 33, '', ''),
('4711678072577', 2, 'BORRADOR PLANO CON ESTUCHE', '0.00', '3.00', '3.00', 33, '', ''),
('4711678072621', 2, 'SACAPUNTAS REDONDO DE UN AGUJERO', '0.00', '1.50', '1.50', 33, '', ''),
('4711678072683', 2, 'REGLA PLASTICA RULER DE 30 CM.', '3.75', '5.50', '5.50', 33, '', ''),
('4711678072720', 2, 'REGLA PLASTICA DE 15 C,. RULER', '3.45', '5.00', '5.00', 33, '', ''),
('4711678073970', 2, 'Sacapuntas metalico de colores bat', '0.00', '3.50', '3.50', 33, '', ''),
('4711678074410', 2, 'Sacapuntas de Buho doble agujero', '0.00', '6.50', '6.50', 33, '', ''),
('4711678074472', 2, 'BORRADOR BLANCO CON CARITA ENOJADA', '1.25', '2.00', '2.00', 33, '', ''),
('4712302210976', 1, 'Chinches', '6.00', '9.00', '9.00', 3, '', ''),
('4712302217692', 2, 'BORRADOR BF-01', '0.00', '1.00', '1.00', 3, '', ''),
('4712302217708', 2, 'BORRADOR BF-02', '0.00', '1.50', '1.50', 3, '', ''),
('4712302218002', 1, 'CARTAPACIO NEGRO CON FUNDA ', '16.75', '25.00', '25.00', 3, '', ''),
('4712302218019', 1, 'CARTAPACIO BLANCO CON FUNDA', '16.75', '25.00', '25.00', 3, '', ''),
('4712302224829', 2, 'PISTOLA DE SILICON', '21.00', '31.00', '31.00', 3, '', ''),
('4712477110705', 3, 'USB 2.0 HP flash drive 16 GB', '45.00', '65.00', '65.00', 6, '', ''),
('4712477110712', 3, 'USB 2.0 HP Flash Drive de 32GB', '60.00', '80.00', '80.00', 6, '', ''),
('4712477114826', 3, 'USB 2.0 HP Flash Drive V178b/v178p de 32GB ', '55.00', '80.00', '80.00', 6, '', ''),
('4712477114864', 3, 'USB 2.0 Flash Drive V178b/v178p de 32GB', '55.00', '80.00', '80.00', 6, '', ''),
('4712477117322', 3, 'USB 2.0 Flash Drive V210w Plateada de 16GB', '50.00', '72.00', '72.00', 6, '', ''),
('4712759211335', 1, 'POST-IT STICKN AMARILLO NEON NOTES', '4.50', '6.50', '6.50', 131, '', ''),
('4712759211601', 1, 'POST-IT ANARANJADO STICKN PEQUEÑO', '3.50', '5.00', '5.00', 131, '', ''),
('4712759211632', 1, 'POST-IT STICKN VERDE PEQUEÑO NEON NOTES', '4.50', '6.50', '6.50', 131, '', ''),
('4712759211649', 1, 'POST-IT STICKN ANARANJADO', '4.50', '6.50', '6.50', 131, '', ''),
('4712759211656', 1, 'POST-IT STICKN ROSADO NEON NOTES', '4.50', '6.50', '6.50', 131, '', ''),
('4712759211670', 1, 'POST-IT STICKN VERDE', '4.50', '6.50', '6.50', 131, '', ''),
('4712759211694', 1, 'POST-IT STICKN ROSADO GRANDE NOEN NOTES', '8.10', '11.75', '11.75', 131, '', ''),
('4712759211700', 1, 'POST-IT STICKN CORAL NEON NOTES', '8.10', '11.75', '11.75', 131, '', ''),
('4712759212073', 1, 'POSTI STICKN  AZUL PEQUEÑO NEON NOTES', '3.50', '5.00', '5.00', 131, '', ''),
('4712759212103', 1, 'POST-IT STICKN MORADO NEON NOTES ', '4.50', '6.50', '6.50', 131, '', ''),
('4712759213568', 1, 'POST-IT STICKN DE CORAZON DE COLORES DIE-CUT CUBE', '11.50', '16.50', '16.50', 131, '', ''),
('4712759213575', 1, 'POST-IT STICKN FLORES DE COLORES ', '11.50', '16.50', '16.50', 131, '', ''),
('4712759213742', 1, 'BANDERITA NEON COLOR', '5.50', '8.00', '8.00', 129, '', ''),
('4712759213780', 1, 'BANDERITA DE POST-IT FILM INDEX', '5.50', '8.00', '8.00', 129, '', ''),
('4712759214220', 1, 'POST-IT STICKN DE NUVE DE COLOR VERDE Y MORADO', '7.25', '10.50', '10.25', 131, '', ''),
('4712847091566', 3, 'USB 2.0 HP Flash Drive V150w', '50.00', '73.00', '73.00', 6, '', ''),
('4712914141699', 2, 'Mochila Fast Kinder Mariposa', '96.00', '126.00', '126.00', 3, '', ''),
('4712914141712', 2, 'Mochila Fast Kinder Jirafa', '95.00', '125.00', '125.00', 3, '', ''),
('4712914141736', 2, 'Mochila Fast Kinder Leon', '95.00', '125.00', '125.00', 3, '', ''),
('4712914142955', 2, 'Estuche de 12 Marcadores Colorful Doble Punta', '0.00', '18.00', '18.00', 3, '', ''),
('4712914143167', 2, 'Gabachas Escolares Multicolor', '15.20', '22.00', '22.00', 3, '', ''),
('4712914143310', 1, 'Engrapadora Supra 5556 Fast Pequeña', '19.00', '28.00', '28.00', 3, '', ''),
('4712914143327', 2, 'Engrapadora Supra 5756 Fast Grande', '24.00', '35.00', '35.00', 3, '', ''),
('4712914143501', 2, 'Stickers Plásticos Insectos', '2.75', '4.00', '4.00', 3, '', ''),
('4712914143518', 2, 'Stickers Plásticos Animales Marinos ', '2.75', '4.00', '4.00', 3, '', ''),
('4712914146571', NULL, 'Cuchilla de colores mediana', '0.00', '7.00', '0.00', NULL, '', ''),
('4712914146588', NULL, 'Cuchilla pequeña de colores', '0.00', '5.50', '0.00', NULL, '', ''),
('4712914147554', 11, 'Bolsa de Cartón Con brillantina Roja', '6.80', '10.00', '10.00', 69, '', ''),
('4712914147585', 11, 'Bolsa de Regalo Cartón Con circulos de brillantina', '6.80', '10.00', '10.00', 69, '', ''),
('4712914147615', 11, 'Bolsa de cartón con brillantina Gris', '6.80', '10.00', '10.00', 69, '', ''),
('4712914147790', 11, 'Bolsa de Regalo cartón  Color Dorado', '7.25', '10.50', '10.50', 69, '', ''),
('4712914148032', 11, 'Bolsa de Cartón Regalo Color Café Zapote', '7.25', '10.50', '10.50', 69, '', ''),
('4712914148155', 11, 'Bolsa de Regalo Color Café Grande', '5.20', '7.50', '7.50', 69, '', ''),
('4712914148278', 11, 'Bolsa de Regalo Color Café Grande Diseño Mosaico', '5.20', '7.50', '7.50', 69, '', ''),
('4712914157591', 1, 'Engrapadora Supra 5767 Fast Antideslizante', '37.00', '55.00', '55.00', 3, '', ''),
('4712914157973', 11, 'Bolsa Baby Girl Color Rosa', '7.60', '11.00', '11.00', 69, '', ''),
('4712914159663', 2, 'Estuche Plastico de Marcadores Gruesos de 12 Colores Colorful Jumbo', '0.00', '31.00', '31.00', 3, '', ''),
('47129147129141579284', 11, 'Bolsa Baby Love Color Celeste ', '7.60', '11.00', '11.00', 69, '', ''),
('4713294970077', 2, 'Etiquetas Adhsesivas de Deportes ', '1.60', '2.25', '2.25', 3, '', ''),
('4713294970084', 2, 'Etiquetas Adhesivas Mascotas ', '1.60', '2.25', '2.25', 3, '', ''),
('4713294970152', 2, 'Etiquetas Adhesivas Diseño Monster ', '1.60', '2.25', '2.25', 3, '', ''),
('4713294970916', 2, 'Set Colorful Crayones Gel de 12 Colores', '28.50', '42.00', '42.00', 3, '', ''),
('4713294971999', 2, 'Cartuchera color Naranja Neon Transparente', '10.35', '15.00', '15.00', 165, '', ''),
('4713621945723', 3, 'MOUSE USB OPTICAL', '31.00', '45.00', '45.00', 69, '', ''),
('4714219305127', 2, 'COMPASS  EN ESTUCHE PLASTICO D-500', '10.15', '14.75', '14.75', 18, '', ''),
('4714219306063', 2, 'COMPASS STEALTH D-603', '6.50', '9.50', '9.50', 18, '', ''),
('4714219308005', 2, 'COMPAS DE ESTUCHE PLASTICO D-800', '9.65', '14.00', '14.00', 18, '', ''),
('4714219319612', 2, 'COMPASS ELITE', '17.50', '25.50', '25.50', 18, '', ''),
('4714219400778', 2, 'PLANTILLA DE FORMAS', '5.85', '8.50', '8.50', 18, '', ''),
('4714219400990', 2, 'PLANTILLA DE FORMAS GRANDE', '7.25', '10.50', '10.50', 18, '', ''),
('4714219419008', 2, 'Plantillas de letras Cox P/1900', '67.58', '98.00', '98.00', 18, '', ''),
('4714219430300', 2, 'PLANTILLA DE LETRAS ', '10.00', '14.50', '14.50', 18, '', ''),
('4717480690404', 1, 'CARTAPACIO VERDE CON FUNDA', '16.75', '25.00', '25.00', 3, '', ''),
('4717480690411', 1, 'CARTAPACIO FUCSIA CON FUNDA', '16.75', '25.00', '25.00', 3, '', ''),
('4717480690428', 1, 'CARTAPACIO MORADO CON FUNDA', '16.75', '25.00', '25.00', 3, '', ''),
('4717480690473', 2, 'Porta Gafete con Pestaña de Color T-087 Vertical', '1.75', '2.50', '2.50', 3, '', ''),
('4717480690510', 2, 'Porta Gafete con Pestaña de Color T-088 Vertical', '2.50', '3.50', '3.50', 3, '', ''),
('4717480690541', 2, 'Porta Gafete Rigido T-032 Horizontal', '2.50', '3.50', '3.50', 3, '', ''),
('4717480690558', 2, 'Porta Gafete Rigido T-032 Vertical', '2.50', '3.50', '3.50', 3, '', ''),
('4717480693252', 2, 'Plastico adhesivo plateado estrellas', '12.00', '17.50', '17.50', 3, '', ''),
('4717480693290', 2, 'Plastico Adhesivo azul estrellas', '12.00', '17.50', '17.50', 3, '', ''),
('4717480693306', 2, 'Plastico Adhesivo plateado destello', '12.00', '17.50', '17.50', 3, '', ''),
('4717480693313', 2, 'Plastico adhesivo dorado destello', '12.00', '17.50', '17.50', 3, '', ''),
('4717480693320', 2, 'Plastico Adhesivo rojo destello', '12.00', '17.50', '17.50', 3, '', ''),
('4717480693337', 2, 'Plastico adhesivo verde destello', '12.00', '17.50', '17.50', 3, '', ''),
('4717480698974', 2, 'Cartuchera Gris Costura de Blusa Noventera Kawaii', '15.20', '15.20', '22.00', 165, '', ''),
('4717480702404', 1, 'Engrapadora EasyPress 5002 Fast', '22.00', '32.00', '32.00', 3, '', ''),
('4717480703081', 2, 'Estuche de Marcadores Colorful 12 Colores', '0.00', '10.00', '10.00', 3, '', ''),
('4717480703098', 2, 'Estuche de Marcadores Colorful Jumbo', '0.00', '20.00', '20.00', 3, '', ''),
('4717480703432', 2, 'Tijera Fast Mango con Grip 7 pulgadas', '7.50', '11.00', '11.00', 3, '', ''),
('4717480703722', NULL, 'Cuchilla con estuche grande', '0.00', '16.00', '0.00', NULL, '', ''),
('4717480703739', 1, 'Cuchilla con estuche pequeña', '8.00', '11.50', '11.50', 3, '', ''),
('4717480704019', 2, 'Caja de Marcadores Colorful Punta Fina', '0.00', '23.00', '23.00', 3, '', ''),
('4717480705719', 2, 'Tijera Crocky Fast', '8.25', '12.00', '12.00', 3, '', ''),
('4717480706815', 2, 'Ojos Movibles ', '5.50', '8.00', '8.00', 3, '', ''),
('4717480708246', 2, 'Paquete de paletas natural', '4.80', '7.00', '7.00', 3, '', ''),
('4717480709762', 2, 'Tijera Fast Mango con Grip 7 Pulgadas', '7.50', '11.00', '11.00', 3, '', ''),
('4717480709779', 2, 'Tijera Fast Mango con Grip 8 Pulgadas', '9.60', '14.00', '14.00', 3, '', ''),
('4718759550009', 2, 'Goma con diamantina color plateado', '3.45', '5.00', '5.00', 3, '', ''),
('4718759550115', 2, 'Goma con brillantina color dorado', '3.45', '5.00', '5.00', 3, '', ''),
('4720000000000', 1, 'ENGRAPADORA EASYPRESS MEDIANA ', '0.00', '32.00', '32.00', 3, '', ''),
('47231931', 2, 'Hoja bond tama?o oficio color fusia', '0.00', '0.00', '0.00', 74, '', ''),
('47268180', 2, 'Bola de duropor NO.8 ', '0.00', '4.00', '4.00', 0, '', ''),
('47342217', 2, 'Hojas milimetradas tama?o carta ', '0.00', '0.00', '0.00', 32, '', ''),
('47408272', 2, 'Hoja bond tama?o carta color amarillo  ', '0.00', '0.00', '0.00', 74, '', '');
INSERT INTO `producto` (`idproducto`, `idCategoria`, `nombre`, `preciocosto`, `precioSugerido`, `precioTop`, `marca`, `serie`, `modelo`) VALUES
('47416802', 2, 'pliego papel lustre color caf?', '0.00', '1.00', '1.00', 3, '', ''),
('47493551', 2, 'Hoja foamy tohalla tama?o carta color morado', '0.00', '2.00', '2.00', 3, '', ''),
('47562301', 2, 'Hoja tama?o carta cascara de huevo brillante', '0.00', '3.00', '3.00', 3, '', ''),
('47570177', 2, 'PAPEL PARA REGALO CON DISEÑO DE GRADUACION', '1.35', '2.00', '2.00', 3, '', ''),
('47615861', 5, 'PAPEL DE REGALO DE BILLETES', '1.35', '2.00', '2.00', 3, '', ''),
('47812758', 2, 'Hoja brillante con ondas tama?o carta', '0.00', '3.00', '3.00', 3, '', ''),
('47813250', 2, 'Paquete de 10 unidades de foamy con lentejuelas rosado', '0.00', '48.00', '48.00', 3, '', ''),
('47844216', 5, 'FUNDA DE TABLETA', '51.70', '75.00', '75.00', 69, '', ''),
('47920699', 2, 'Talionario de facturas grandes de 5o unidades ', '0.00', '4.00', '4.00', 32, '', ''),
('47979673', 2, 'Paquete de hojas bond de 100 unidades tama?o oficio color caf? claro ', '0.00', '33.00', '33.00', 74, '', ''),
('48050104', 2, 'DVD SIN ESTUCHE', '2.40', '3.50', '3.50', 69, '', ''),
('48201490', 3, 'Equipo de Sonido 5.1 Teatro en Casa MY ', '655.00', '950.00', '950.00', 11, '', ''),
('48272612', 5, 'LLAVEROS ', '29.00', '39.00', '39.00', 69, '', ''),
('48414456', 2, 'PAPEL FOTOGRAFICO 210 GRAMOS', '0.85', '1.25', '1.25', 69, '', ''),
('48627290', 2, 'Formatos tama?o oficio de 120 grs ', '0.00', '1.00', '1.00', 3, '', ''),
('48634472', 2, 'Hojas metalicas tama?o carta de colores ', '0.00', '4.00', '4.00', 3, '', ''),
('48650557', 2, 'COMPASS PLASTICO W-141P', '2.40', '3.50', '3.50', 3, '', ''),
('48678353', 2, 'Hoja lino tama?o carta color celeste', '0.00', '1.00', '1.00', 3, '', ''),
('48693127', 2, 'Paquete de foamy 10 unidades acanalados tama?o carta color blanco', '0.00', '23.00', '23.00', 3, '', ''),
('48859912', 1, 'GRAPAS INDUSTRIALES 23/13MM', '0.00', '9.00', '9.00', 3, '', ''),
('48866736', 2, 'Paquete de de hoja lino tama?o oficio color rosado 100 unidades', '0.00', '100.00', '100.00', 3, '', ''),
('48904148', 2, 'Folder de real madrid ', '0.00', '4.00', '4.00', 0, '', ''),
('4894138316968', 5, 'Reloj Para caballero negro y bordes rojos', '145.00', '210.00', '210.00', 218, '', ''),
('4894138318481', 5, 'Reloj Lorus Blanco De mujer Resistente al Agua', '114.00', '165.00', '165.00', 218, '', ''),
('4894138318498', 5, 'Reloj Mujer Color Morado Resistente al Agua Lorus', '114.00', '165.00', '165.00', 218, '', ''),
('4894138321849', 5, 'Reloj Lorus Negro con Dorado Elegante Casanova', '231.00', '335.00', '335.00', 218, '', ''),
('4894138322570', 5, 'Reloj Lorus Naranja y Blanco Resistente al Agua', '148.30', '215.00', '215.00', 218, '', ''),
('4900000000000', 3, 'Repuestos para marcador de pizarra color azul ', '0.00', '7.00', '7.00', 20, '', ''),
('4901681133536', 2, 'LAPICERO SARASA DE COLOR VERDE', '7.25', '10.50', '10.50', 115, '', ''),
('4901681134120', 2, 'LAPICERO SARASA DE COLOR AZUL', '7.25', '10.50', '10.50', 115, '', ''),
('4901681136964', 2, 'LAPICERO SARASA COLOR CAFE', '7.25', '10.75', '10.75', 115, '', ''),
('4901681136971', 2, 'LAPICERO SARASA DE COLOR PLATA', '7.25', '10.50', '10.50', 115, '', ''),
('4901681144181', 2, 'LAPICERO SARASA DE COLOR MORADO', '7.25', '10.75', '10.75', 115, '', ''),
('4901681241712', 2, 'LAPICERO Z-1 COLOR NEGRO', '3.75', '5.50', '5.50', 115, '', ''),
('4901681448425', 2, 'LAPICERO PEQUEÑO DE COLOR AZUL Z-GRIP', '2.75', '4.00', '4.00', 115, '', ''),
('4901681448432', 2, 'LAPICERO PEQUELO DE COLOR ROJO Z-GRIP', '2.75', '4.00', '4.00', 115, '', ''),
('4901681448456', 2, 'LAPICERO PEQUEÑO DE COLOR CELESTE Z-GRIP', '2.75', '4.00', '4.00', 115, '', ''),
('4901681448470', 2, 'LAPICERO PEQUEÑO COLOR FUCSIA Z-GRIP', '2.75', '4.00', '4.00', 115, '', ''),
('4901681448487', 2, 'LAPICERO PEQUELO DE COLOR MORADO Z-GRIP', '2.75', '4.00', '4.00', 115, '', ''),
('4901681471713', 2, 'PORTAMINAS ZEBRA Z GRIP 0.5MM / 4901681471720 / 4901681471751 / 4901681471768', '2.75', '4.00', '4.00', 115, '', ''),
('4901681610624', 2, 'PORTAMINAS ZEBRA MP 0.5 MM', '3.50', '5.00', '5.00', 115, '', ''),
('4902505042676', 2, 'MARCADOR DE PIZARRA PILOT TRADICIONAL ROJO', '0.00', '14.25', '14.25', 1, '', ''),
('4902505084560', 2, 'LAPICERO PUNTO FINO PILOT DE COLOR NEGRO', '4.10', '6.00', '6.00', 1, '', ''),
('4902505084577', 2, 'LAPICERO PUNTO FINO PILOT DE COLOR ROJO', '4.10', '6.00', '6.00', 1, '', ''),
('4902505084584', 2, 'LAPICERO PUNTO FINO PILOT DE COLOR AZUL', '4.10', '6.00', '6.00', 1, '', ''),
('4902505084591', 1, 'LAPICERO PUNTO FINO PILOT DE COLOR VERDE', '4.10', '6.00', '6.00', 1, '', ''),
('4902505088643', 2, 'Marcador de Pizarra Color Negro Pilot Tradicional', '0.00', '14.25', '14.25', 1, '', ''),
('4902505088650', 2, 'MARCADOR DE PIZARRA PILOT TRADICIONAL COLOR ROJO', '9.80', '14.25', '14.25', 1, '', ''),
('4902505088667', 2, 'MARCADOR DE PIZARRA PILOT TRADICIONAL DE COLOR AZUL', '9.80', '14.25', '14.25', 1, '', ''),
('4902505088674', 2, 'MARCADOR DE PIZARRA PILOT TRADICIONAL DE COLOR VERDE', '9.80', '14.25', '14.25', 1, '', ''),
('4902505089152', 2, 'Tinta para Marcador Negro Pilot', '0.00', '24.00', '24.00', 1, '', ''),
('4902505089169', 2, 'Tinta para Marcador Pilot Roja', '0.00', '24.00', '24.00', 1, '', ''),
('4902505089176', 2, 'Tinta para Marcador Pilot', '0.00', '24.00', '24.00', 1, '', ''),
('4902505089183', 2, 'Tinta para Marcador Verde Pilot', '0.00', '24.00', '24.00', 1, '', ''),
('4902505130205', 2, 'LAPICERO G-1 0.5 PILOT DE COLOR NEGRO', '8.25', '12.00', '12.00', 1, '', ''),
('4902505130243', 2, 'LAPICERO G-1 0.7 PILOT DE COLOR AZUL', '8.25', '12.00', '12.00', 1, '', ''),
('4902505134630', 2, 'LAPICERO PUNTO FINO PILOT DE COLOR MORADO', '4.10', '6.00', '6.00', 1, '', ''),
('4902505134647', 2, 'LAPICERO PUNTO FINO PILOT DE COLOR ROSADO ', '4.10', '6.00', '6.00', 1, '', ''),
('4902505139314', 2, 'Lapicero Pilot  G-TEC-C4', '13.10', '19.00', '19.00', 1, '', ''),
('4902505215346', 2, 'PORTAMINAS 2020 SUPER GRIP 0.5 MM', '16.55', '24.00', '24.00', 1, '', ''),
('4902505274718', 2, 'PORTAMINAS REXGRIP 0.5 MM PILOT', '8.75', '12.75', '12.75', 1, '', ''),
('4902505322709', 2, 'LAPICERO DE COLOR NEGRO CON BORRADOR DE FRIXION ', '11.00', '16.00', '16.00', 1, '', ''),
('4902505322716', 2, 'LAPICERO CON BORRADOR DE FRIXION ', '11.00', '16.00', '16.00', 1, '', ''),
('4902505322723', 2, 'LAPICERO DE COLOR AZUL CON BORRADOR DE FRIXION BALL', '11.00', '16.00', '16.00', 1, '', ''),
('4902505343599', 2, 'Repuesto Color Negro para Marcador Pilot ', '0.00', '6.50', '6.50', 1, '', ''),
('4902505343605', 2, 'Repuesto Color Rojo para Marcador Pilot ', '0.00', '6.50', '6.50', 1, '', ''),
('4902505343612', 2, 'Repuesto Color Azul para Marcador Pilot ', '0.00', '6.50', '6.50', 1, '', ''),
('4902505355769', 2, 'MARCADOR CON RESPUESTO DE COLOR NEGRO', '9.30', '13.50', '13.50', 1, '', ''),
('4902505355776', 2, 'MARCADOR PERMANENTE CON REPUESTO DE COLOR ROJO', '9.30', '13.50', '13.50', 1, '', ''),
('4902505368882', NULL, 'MARCADOR CON REPUESTO AZUL', '0.00', '13.75', '0.00', NULL, '', ''),
('4902505375118', 2, 'MARCADOR RESALTADOR CON BORRADOR DE FLIXION DE COLOR ROSADO PILOT', '5.85', '8.50', '8.50', 1, '', ''),
('4902505375125', 2, 'MARCADOR RESALTADOR CON BORRADOR DE FLIXION DE COLOR ANARANJADO PILOT', '5.50', '8.00', '8.00', 1, '', ''),
('4902505375132', 2, 'MARCADOR RESALTADOR CON BORRADOR DE FLIXION DE COLOR AMARILLO PILOT', '5.50', '8.00', '8.00', 1, '', ''),
('4902505375149', 2, 'MARCADOR RESALTADOR CON BORRADO DE FRIXION COLOR VERDE PILOT', '5.50', '8.00', '8.00', 1, '', ''),
('4902505375156', 2, 'MARCADOR RESALTADOR CON BORRADOR DE FLIXION COLOR CELESTE PILOT', '5.50', '8.00', '8.00', 1, '', ''),
('4902505375163', 2, 'MARCADOR RESALTADOR CON BORRADOR DE FRIXION DE COLOR MORADO PILOT', '5.50', '8.00', '8.00', 1, '', ''),
('49131277', 2, 'Hoja de foamy con cuadros tama?o carta color azul', '0.00', '2.00', '2.00', 3, '', ''),
('49381887', 2, 'Bloc bond 1/8 de carta ', '0.00', '1.00', '1.00', 108, '', ''),
('4954628014092', 5, 'Reloj Seiko Plateado de Agujas sin Bateria de Cuerda', '469.00', '680.00', '680.00', 218, '', ''),
('4957812018401', 2, 'Flauta Yamaha YRS-23 Soprano G', '44.00', '65.00', '65.00', 209, '', ''),
('4960999973708', 3, 'CARTUCHO DE TINTA 210 BLACK PIXMA ', '113.00', '165.00', '165.00', 4, '', ''),
('4960999974408', 3, 'CARTUCHO DE TINTA 145 BLACK PIXMA ', '113.00', '165.00', '165.00', 4, '', ''),
('4960999974446', 3, 'CARTUCHO DE TINTA 146 COLOR PIXMA ', '135.00', '197.00', '197.00', 4, '', ''),
('4960999990484', 3, 'Canon Pixma IP2810', '169.00', '245.00', '245.00', 4, 'IP', '2810'),
('4970000000000', 3, 'CALCULADORA CIENTIFICA', '0.00', '98.00', '98.00', 8, '', 'FX-350MS'),
('4971850032137', 2, 'Calculadora casio fx-350MS', '68.00', '98.00', '98.00', 8, '', ''),
('4971850176039', 1, 'Calculadora Casio ColorFull Naranja', '40.00', '58.00', '58.00', 8, '', ''),
('4977979', 2, 'blosa amarilla con ziper ziplock', '1.40', '2.00', '2.00', 69, '', ''),
('49787887', 2, 'Hojas arcoiris tama?o oficio de colores ', '0.00', '2.00', '2.00', 3, '', ''),
('49928907', 2, 'Hoja bond tama?o oficio color caf? claro', '0.00', '0.00', '0.00', 74, '', ''),
('5001', 2, 'Hojas Brillantes tamaño Oficio  color Anaranjado', '3.35', '4.85', '4.85', 69, '', ''),
('5002', 2, 'Hojas brillantes tamaño oficio color Dorado', '3.35', '4.85', '4.85', 69, '', ''),
('5003', 2, 'Hojas Brillantes tamaño oficio color Plateado', '3.35', '4.85', '4.85', 69, '', ''),
('5004', 2, 'Hojas lino tamaño oficio color celeste', '0.85', '1.25', '1.00', 3, '', ''),
('5005', 2, 'Hojas Brillantes color verde tamaño oficio', '3.35', '4.85', '4.85', 69, '', ''),
('5006', 2, 'Hojas Arcoiris color Morado tamaño Oficio', '1.40', '2.00', '2.00', 69, '', ''),
('5007', 2, 'Hoja Lino Tamaño Oficio Color Rosado', '0.85', '1.25', '1.00', 69, '', ''),
('5008', 2, 'Hoja Lino Tamaño oficio color celeste', '0.85', '1.25', '1.00', 69, '', ''),
('5009', 2, 'Hoja Lino tamaño Oficio color Verde', '0.85', '1.25', '1.00', 69, '', ''),
('5010', 2, 'Hojas Lino tamaño oficio color amarillas', '0.85', '1.25', '1.00', 69, '', ''),
('50100', 2, 'Colección de Texturas', '4.65', '6.75', '6.75', 238, '', ''),
('501000000000', 1, 'Almohadia para sellos color azul', '0.00', '9.00', '9.00', 50, '', ''),
('50101', 2, 'Figuras de plástico para maqueta variado', '0.40', '0.60', '0.60', 69, '', ''),
('50102', 2, 'Reloj de Foamy ', '3.70', '5.40', '5.40', 69, '', ''),
('50103', 2, 'Carteritas de Foamy', '6.40', '9.25', '9.25', 69, '', ''),
('50104', 2, 'Juego de numeros y vocales de foamy', '4.50', '6.50', '6.50', 69, '', ''),
('50105', 2, 'Paquete de 50 Hojas tamaño oficio de cuadros', '3.25', '4.75', '4.75', 69, '', ''),
('50106', 2, 'Paquete de 100 Hojas tamaño oficio con líneas', '6.50', '9.75', '9.75', 69, '', ''),
('50107', 2, 'Paquete de 50 hojas tamaño oficio con líneas', '3.25', '4.75', '4.75', 69, '', ''),
('50108', 2, 'Paquete de 100 hojas tamaño carta con líneas', '6.20', '9.00', '9.00', 69, '', ''),
('50109', 2, 'Paquete de 50 hojas tamaño carta con líneas', '3.10', '4.50', '4.50', 69, '', ''),
('5011', 2, 'Hojas Lino tamaño oficio color Fucsia', '0.85', '1.25', '1.00', 69, '', ''),
('50110', 2, 'Paquete de 50 hojas de 120 grs tamaño oficio Blancas ', '6.00', '8.75', '8.75', 69, '', ''),
('50111', 2, 'Paquete de 100 hojas de 120 gms tamaño carta blancas', '12.00', '17.50', '17.50', 69, '', ''),
('50112', 2, 'Paquete de 50 hojas de 120 gms tamaño carta blancas', '6.00', '8.75', '8.75', 69, '', ''),
('50113', 2, 'Poster 5D  Room Decor', '12.75', '18.50', '18.50', 69, '', ''),
('50114', 2, 'Bola de duropord No. 8', '2.70', '3.90', '3.90', 69, '', ''),
('50115', 2, 'Bola de duropord No. 9', '3.80', '5.50', '5.50', 69, '', ''),
('50116', 2, 'Bolas de duropord No 10', '6.15', '8.90', '8.90', 69, '', ''),
('50117', 2, 'Bola de duropord No. 7', '1.90', '2.75', '2.75', 69, '', ''),
('5012', 2, 'Hojas Lino tamaño Oficio color Rojo', '85.00', '1.25', '1.00', 69, '', ''),
('5013', 2, 'Hojas Lino tamaño oficio Color Verde Oscuro', '0.85', '1.25', '1.00', 69, '', ''),
('5014', 2, 'Hojas Lino tamaño oficio Color Anaranjada', '0.85', '1.25', '1.00', 69, '', ''),
('5015', 2, 'Hojas de 90 gramos tamaño oficio color gris', '0.68', '1.00', '1.00', 69, '', ''),
('5016', 2, 'Hoja acanalada tamaño oficio color verde ', '1.37', '2.00', '2.00', 69, '', ''),
('5017', 2, 'Hojas Bond con diseño  tamaño carta', '0.69', '1.00', '1.00', 69, '', ''),
('5018', 2, 'Hojas Safari tamaño carta', '0.96', '1.40', '1.40', 69, '', ''),
('5019', 2, 'Hojas esmaltadas tamaño carta', '1.21', '1.75', '1.75', 69, '', ''),
('5020', 2, 'Hojas Lino tamaño carta color anaranjado', '0.69', '1.00', '0.80', 69, '', ''),
('5021', 2, 'Hojas Lino tamaño carta color rosado', '0.69', '1.00', '1.00', 69, '', ''),
('5022', 2, 'Hojas Lino tamaño carta color verde', '0.69', '1.00', '1.00', 69, '', ''),
('50221356', 2, 'TRANSPORTADOR PEQUEÑO CON BORDES DE 180 GRADOS', '0.40', '0.60', '0.60', 225, '', ''),
('5023', 2, 'Hojas Lino tamaño carta color celeste', '0.69', '1.00', '1.00', 69, '', ''),
('50233915', 2, 'Aritmetica teoria practica A. Baldor', '55.00', '80.00', '80.00', 171, '', ''),
('5024', 2, 'Hojas Lino tamaño carta color morado', '0.69', '1.00', '1.00', 69, '', ''),
('5025', 2, 'Hojas Lino tamaño carta color negro', '0.69', '1.00', '1.00', 69, '', ''),
('5026', 2, 'Hojas Lino tamaño carta color amarillas', '0.69', '1.00', '1.00', 69, '', ''),
('5027', 2, 'Hojas Lino tamaño carta color verde oscuro', '0.69', '1.00', '1.00', 69, '', ''),
('5028', 2, 'Hojas Lino tamaño carta color verde claro', '0.69', '1.00', '1.00', 69, '', ''),
('5029', 2, 'Hoja Bond tamaño carta color rojo', '0.17', '0.25', '0.23', 69, '', ''),
('5030', 2, 'Hoja Bond tamaño carta color morado', '0.17', '0.25', '0.23', 69, '', ''),
('5031', 2, 'Hojas bond tamaño carta color rosadas', '0.17', '0.25', '0.23', 69, '', ''),
('5032', 2, 'Hoja bond tamaño carta color anaranjado', '0.17', '0.25', '0.23', 69, '', ''),
('5033', 2, 'Hoja bond tamaño carta color fucsia', '0.17', '0.25', '0.23', 69, '', ''),
('50331017', 3, 'Ventilador para pered ', '0.00', '525.00', '525.00', 124, '', ''),
('5034', 2, 'Hoja bond tamaño carta color Anaranjando fluorecente', '0.17', '0.25', '0.23', 69, '', ''),
('5035', 2, 'Hoja bond tamaño carta color rojo oscuro', '0.17', '0.25', '0.23', 69, '', ''),
('5036', 2, 'Hoja bond tamaño carta color amarillo', '0.17', '0.25', '0.23', 69, '', ''),
('5037', 2, 'Hoja bond tamaño carta color morada', '0.17', '0.25', '0.23', 69, '', ''),
('5038', 2, 'Hoja bond tamaño carta color amarillo fluorecente', '0.17', '0.25', '0.23', 69, '', ''),
('5039', 2, 'Hojas bond tamaño carta color celeste', '0.17', '0.25', '0.23', 69, '', ''),
('5040', 2, 'hoja bond tamaño carta color rosado fluorecente', '0.17', '0.25', '0.23', 69, '', ''),
('5041', 2, 'hoja bond tamaño carta color verde', '0.17', '0.25', '0.23', 69, '', ''),
('5042', 2, 'Hoja bond tamaño carta color azul', '0.17', '0.25', '0.23', 69, '', ''),
('50422258', 2, 'Libro mayor de 60 hojas ', '0.00', '11.00', '11.00', 32, '', ''),
('5043', 2, 'Hojas bond tamaño carta color aqua', '0.17', '0.25', '0.23', 69, '', ''),
('5044', 2, 'Hojas bond tamaño carta color verde limon', '0.17', '0.25', '0.23', 69, '', ''),
('5045', 2, 'Hojas bond tamaño carta color verde', '0.17', '0.25', '0.23', 69, '', ''),
('5046', 2, 'Hojas bond tamaño carta color negro', '0.17', '0.25', '0.23', 69, '', ''),
('5047', 2, 'hoja bond tamaño carta color cafe', '0.17', '0.25', '0.23', 69, '', ''),
('5048', 2, 'Hojas bond de reciclaje tamaño carta  de colores', '0.17', '0.25', '0.23', 69, '', ''),
('50489688', 1, 'Escritorio secretarial euro ', '927.00', '1350.00', '1250.00', 122, '', ''),
('5049', 2, 'Hoja Bond tamaño oficio color rojo', '0.24', '0.35', '0.33', 69, '', ''),
('5050', 2, 'Hoja bond tamaño oficio color anaranjado fluorecente', '0.24', '0.35', '0.33', 69, '', ''),
('5051', 2, 'Hoja Bond Tamaño Oficio color amarillo', '0.24', '0.35', '0.33', 69, '', ''),
('5052', 2, 'Hoja Bond Tamaño Oficio Color Anaranjado', '0.24', '0.35', '0.33', 69, '', ''),
('50522941', 2, 'pliego papel brillante con dise?o color dorado', '0.00', '11.00', '11.00', 3, '', ''),
('5053', 2, 'Hoja bond tamaño oficio color rosado', '0.24', '0.35', '0.33', 69, '', ''),
('5054', 2, 'Hoja bond tamaño oficio color fucsia', '0.24', '0.35', '0.33', 69, '', ''),
('5055', 2, 'Hojas bond tamaño oficio color moradas', '0.24', '0.35', '0.33', 69, '', ''),
('5056', 2, 'Hojas bond tamaño oficio color Lila', '0.24', '0.35', '0.33', 69, '', ''),
('5057', 2, 'Hojas bond tamaño oficio color celeste', '0.24', '0.35', '0.33', 69, '', ''),
('5058', 2, 'Hojas bond tamaño oficio color verde', '0.24', '0.35', '0.33', 69, '', ''),
('5059', 2, 'Hojas bond tamaño oficio color verde limón', '0.24', '0.35', '0.33', 69, '', ''),
('5060', 2, 'Hojas bond tamaño oficio color lima', '0.24', '0.35', '0.33', 69, '', ''),
('5061', 2, 'Hojas bond tamaño oficio color azul marino', '0.24', '0.35', '0.33', 69, '', ''),
('5062', 2, 'Hojas bond tamaño oficio color anaranjado', '0.24', '0.35', '0.33', 69, '', ''),
('5063', 2, 'Hoja bond tamaño oficio color melon', '0.24', '0.35', '0.33', 69, '', ''),
('50734511', 2, 'pliego papel arcoiris color caf?', '0.00', '5.00', '5.00', 3, '', ''),
('50747092', 2, 'Block anial print carta', '9.65', '14.00', '14.00', 69, '', ''),
('5080', 2, 'Esqueleto Humano en Foamy', '4.15', '6.00', '6.00', 69, '', ''),
('5081', 2, 'Maqueta de Minerales de Guatemala', '8.10', '11.75', '11.75', 238, '', ''),
('5082', 2, 'Maqueta Maderas Chapinas', '5.52', '8.00', '8.00', 238, '', ''),
('50830510', 2, 'Hoja de foamy escarchado tama?o carta color dorado escuro', '0.00', '3.00', '3.00', 3, '', ''),
('50979288', 6, 'Escritorio de informaci?n ', '580.00', '875.00', '800.00', 66, '', ''),
('51120191', 2, 'Pliego de papel de regalo dise?o de caritas', '0.00', '2.00', '2.00', 3, '', ''),
('51131912083', 2, 'Goma en barra de 20g ', '0.00', '14.00', '14.00', 69, '', ''),
('51131962385', 1, 'Bloc de notas en forma de corazon 2 colores', '0.00', '19.00', '19.00', 57, '', ''),
('51131970731', 1, 'Base de carton con post-it', '0.00', '46.00', '46.00', 57, '', ''),
('51141902340', 1, 'Super sticky deposito ', '0.00', '31.00', '31.00', 57, '', ''),
('51141928326', 1, 'Dispensador de post-it', '0.00', '108.00', '108.00', 57, '', ''),
('5114193353', 2, 'Tijera escolar emblister de 5 pulgadas ', '0.00', '14.00', '14.00', 69, '', ''),
('51141946382', 1, 'DISPENSADOR DE TAPE ', '0.00', '115.00', '115.00', 30, '', ''),
('51146955', 2, 'pliego papel brillante color piel', '0.00', '11.00', '11.00', 3, '', ''),
('51273446', 2, 'Paquete de hojas bond 100 unidades tama?o carta color rosado ', '0.00', '23.00', '23.00', 74, '', ''),
('51282141', 2, 'Hoja foamy tohalla tama?o carta color piel', '0.00', '2.00', '2.00', 3, '', ''),
('51446178', 2, 'pliego papel iris color negro', '0.00', '3.00', '3.00', 3, '', ''),
('51540470', 2, 'Paquete de 25 unidades de hojas fomy tama?o color rojo', '0.00', '23.00', '23.00', 3, '', ''),
('51547851', 1, 'AFILAMINAS DE TAMBOR ', '0.00', '52.00', '52.00', 16, '', ''),
('51651633', 4, 'Bote de brillantina color dorado ', '0.00', '5.00', '5.00', 1, '', ''),
('51749996', 2, 'Paquete de foamy 10 unidade escarcahado tama?o carta color dorado oscuro', '0.00', '26.00', '26.00', 3, '', ''),
('51781552', 2, 'pliego foamy color celeste', '0.00', '9.00', '9.00', 3, '', ''),
('51857752', 2, 'pliego papel brillante color lila', '0.00', '11.00', '11.00', 3, '', ''),
('52040528', 6, 'Archivo de 3 gabetas', '790.00', '1150.00', '1100.00', 66, '', ''),
('5206313504418', 2, 'ALMOADILLA PARA SELLOS TRAXX', '9.00', '13.00', '13.00', 123, '', ''),
('5206313504432', 1, 'ALMOADILLA PARA SELLOS VERDE', '10.35', '15.00', '15.00', 123, '', ''),
('5206313508027', 1, 'Fechador Traxx', '14.50', '21.00', '21.00', 123, '', ''),
('5206313514547', 1, 'TINTA PARA ALMOHOADILLA DE COLOR VERDE', '3.45', '5.00', '5.00', 123, '', ''),
('5210000000000', 1, 'Almohadia para sellos color rojo', '0.00', '15.00', '15.00', 51, '', ''),
('521010503', 3, 'BOCINAS ', '0.00', '0.00', '0.00', 11, '', ''),
('52115783', 2, 'Paquete de foamy 10 unidades acanalados tama?o carta color anaranjado', '0.00', '23.00', '23.00', 3, '', ''),
('52207921', 2, 'pliego papel brillante color celeste', '0.00', '11.00', '11.00', 3, '', ''),
('52266263', 2, 'pliego papel esmaltado color morado', '0.00', '3.00', '3.00', 3, '', ''),
('52267550', 2, 'Cuadernillo para caligrafia jaime sanchez 10', '0.00', '7.00', '7.00', 0, '', ''),
('52278419', 2, 'Paquete de de hoja lino tama?o oficio color celeste 100 unidades', '0.00', '100.00', '100.00', 3, '', ''),
('52413933', 2, 'Paquete de hojas de cuadros tama?o oficio 50 unidades ', '0.00', '5.00', '5.00', 32, '', ''),
('52650185', 2, 'MARCADOR DOBLE PUNTA PERMANENTE SHARPIE DE COLOR ROJO', '11.00', '16.00', '16.00', 116, '', ''),
('52772368', 2, 'Bloc de formatos tama?o oficio de 120 grs de 50 hojas', '0.00', '73.00', '28.00', 3, '', ''),
('52812972', 2, 'Hoja foamy tohalla tama?o carta color morado lila', '0.00', '2.00', '2.00', 3, '', ''),
('52947803', 5, 'Reloj Casio G-Shock traisel Omnitrix', '649.00', '940.00', '940.00', 8, '', ''),
('52964817', 10, 'Pizarron 0.30 x 0.40 m.', '30.00', '43.50', '43.50', 72, '', ''),
('53209931', 2, 'Libro de ventas de 25 hojas 50 folios', '0.00', '14.00', '14.00', 32, '', ''),
('53230164', 2, 'pliego papel delgado con dise?o color verde', '0.00', '6.00', '6.00', 3, '', ''),
('53291295', 2, 'Bolsa de manila de 5 libras ', '0.00', '1.00', '1.00', 0, '', ''),
('53373977', 2, 'pliego papel lustre color plateado', '0.00', '1.00', '1.00', 3, '', ''),
('53621511', 2, 'Bloc arcoiris con textura tama?o carta ', '0.00', '14.00', '14.00', 93, '', ''),
('53831118', 2, 'Hoja de foamy tama?o carta con lentejuela azul', '0.00', '5.00', '5.00', 3, '', ''),
('5400000000000', 2, 'Marcador punta delgada permanente color dorado ', '0.00', '13.00', '13.00', 44, '', ''),
('54000612', 2, 'Hoja lino tama?o oficio color verde limon', '0.00', '1.00', '1.00', 3, '', ''),
('5401170414317', 2, 'LAPICERO PAPER MATE DE COLOR AZUL', '1.35', '2.00', '2.00', 114, '', ''),
('5401170414331', 2, 'LAPICERO PAPER MATE DE COLOR ROJO', '1.35', '2.00', '2.00', 114, '', ''),
('5401178608749', 2, 'MARCADOR PERMANENTE SHARPIE DE COLOR DORADO', '8.25', '12.00', '12.00', 116, '', ''),
('54023147', 2, 'Hoja papel esmaltado color caf?', '0.00', '2.00', '2.00', 3, '', ''),
('54157033', 2, 'Paquete de foamy 10 unidades con cuadros tama?o carta color negro', '0.00', '23.00', '23.00', 3, '', ''),
('54186095', 1, 'Silla secretarial con brazo color negro ', '355.00', '520.00', '520.00', 123, '', ''),
('54214538', 2, 'Diaco y su reglamento ', '0.00', '7.00', '7.00', 119, '', ''),
('54390959', 5, 'BILLETERA DE BROCHE PARA MUJER ', '0.00', '80.00', '80.00', 48, '', ''),
('54469174', 2, 'Hoja lino tama?o carta color morado ', '0.00', '1.00', '1.00', 3, '', ''),
('54541672', 2, 'Regla plastica \"T\"', '0.00', '7.00', '7.00', 3, '', ''),
('54562363', 2, 'Pliego de papel de regalo dise?o ceramico ', '0.00', '2.00', '2.00', 3, '', ''),
('54567757', 2, 'Libro punta roja de inventario de 80 hojas', '0.00', '13.00', '13.00', 32, '', ''),
('54576001', 6, 'Escritiro para computadora', '0.00', '425.00', '425.00', 68, '', ''),
('54823181', 2, 'PORTAMINAS MEXSRIVA 0.5MM', '1.90', '2.75', '2.75', 175, '', ''),
('54864108', 2, 'Hoja bond tama?o oficio color negro ', '0.00', '0.00', '0.00', 74, '', ''),
('55204408', 5, 'BILLETERA CELESTE PARA MUJER ', '0.00', '130.00', '130.00', 45, '', ''),
('55231404', 2, 'Hojas metalicas de 240 gms de colores tama?o carta ', '0.00', '1.00', '1.00', 117, '', ''),
('55468794', 2, 'Cuadernillo centro americano para caligrafia 3', '0.00', '7.00', '7.00', 0, '', ''),
('55593519', 2, 'Paquete de hojas bond 100 unidades tama?o carta color caf?', '0.00', '23.00', '23.00', 74, '', ''),
('55685306', 2, 'Talionario de vales de 50 unidades ', '0.00', '4.00', '4.00', 32, '', ''),
('55869805', 2, 'Hojas de cuadros tama?o oficio de 80 grs', '0.00', '0.00', '0.00', 32, '', ''),
('56354072', 2, 'Pliegos de papel bond color rosado ', '0.00', '3.00', '3.00', 3, '', ''),
('56357813', 2, 'Hoja opalina tama?o carta color blanco 230 gm', '0.00', '2.00', '2.00', 3, '', ''),
('56451375', 2, 'Pliego de papel de Craft varios diseños', '1.35', '2.00', '2.00', 3, '', ''),
('56484793', 2, 'Hoja fomy tama?o carta color blanco', '0.00', '1.00', '1.00', 3, '', ''),
('5650000000000', 4, 'Globos en numero dorado ', '0.00', '19.00', '19.00', 3, '', ''),
('5650475040084', 11, 'No. para Fiestas 0 a 9 Inflables Dorados ', '15.20', '22.00', '22.00', 69, '', ''),
('5650475040091', 11, 'No. para Fiestas 0 a 9 Inflables Plateados ', '15.20', '22.00', '22.00', 69, '', ''),
('56519754', 2, 'Lustrina color Verde', '1.40', '2.00', '2.00', 69, '', ''),
('56828825', 3, 'TINTA  Y', '0.00', '13.00', '13.00', 0, '', ''),
('56935547', 2, 'pliego papel lustre color rosado palido', '0.00', '1.00', '1.00', 3, '', ''),
('57020846', 4, 'Globo metalico de carita ', '0.00', '9.00', '9.00', 3, '', ''),
('57182728', 2, 'Paquete de 10 unidades de foamy con lentejuelas celeste', '0.00', '48.00', '48.00', 3, '', ''),
('57291789', 2, 'Bola de duropor NO.10', '0.00', '9.00', '9.00', 0, '', ''),
('57352138', 2, 'Hoja papel esmaltado color rojo', '0.00', '2.00', '2.00', 3, '', ''),
('57363165', 5, ' MONEDERO ESTILO LLAVERO ', '0.00', '49.00', '49.00', 49, '', ''),
('57378657', 2, 'Paquete de 10 unidades de foamy con lentejuelas negro', '0.00', '48.00', '48.00', 3, '', ''),
('5740000000000', 2, 'Cuaderno para solfa peque?o ', '0.00', '3.00', '3.00', 32, '', ''),
('5741960000000', 2, 'Cuaderno de asistencia pequeño', '1.70', '2.50', '2.50', 180, '', ''),
('5741980000004', 2, 'Cuaderno para Solfeo', '1.70', '2.50', '2.50', 104, '', ''),
('5750000000000', 2, 'Cuaderno para solfa grande ', '0.00', '4.00', '4.00', 32, '', ''),
('5752400000009', 2, 'Cuaderno para solfa grande', '2.75', '4.00', '4.00', 104, '', ''),
('57532905', 2, 'pliego foamy brillante color verde', '0.00', '18.00', '18.00', 3, '', ''),
('57749549', 2, 'Paquete de hojas bond de 100 unidades tama?o oficio color amarillo', '0.00', '33.00', '33.00', 74, '', ''),
('57943831', 2, 'Hoja foamy acanalado tama?o carta color fusia', '0.00', '2.00', '2.00', 3, '', ''),
('57992990', 2, 'Pliego de papel de regalo de cumplea?os', '0.00', '2.00', '2.00', 3, '', ''),
('58113271', 2, 'LAPICERO PUNTA FINA DE UNICORNIO', '6.00', '8.75', '8.75', 69, '', ''),
('58115657', 2, 'pliego papel arcoiris color amarillo', '0.00', '5.00', '5.00', 3, '', ''),
('58369869', 2, 'Hoja lino tama?o carta color verde limon', '0.00', '1.00', '1.00', 3, '', ''),
('58475614', 2, 'pliego papel arcoiris color corinto', '0.00', '5.00', '5.00', 3, '', ''),
('58482384', 2, 'Hoja bond tama?o carta color verde limon', '0.00', '0.00', '0.00', 74, '', ''),
('58488980', 2, 'Hoja foamy tohalla tama?o carta color amarillo palido', '0.00', '2.00', '2.00', 3, '', ''),
('58716618', 6, 'Pizarron de 1.20x2.40m.', '420.00', '610.00', '610.00', 72, '', ''),
('58906194', 5, 'Reloj Dama Totto Color Celeste Mujer Deportiva Empoderada', '290.00', '420.00', '420.00', 45, '', ''),
('58931790', 2, 'pliego foamy color anaranjado', '0.00', '9.00', '9.00', 3, '', ''),
('58948927', 2, 'Hoja fomy tama?o carta color rojo', '0.00', '1.00', '1.00', 3, '', ''),
('59032366', 2, 'Hoja lino tama?o carta color verde  ', '0.00', '1.00', '1.00', 3, '', ''),
('59550570', 10, 'Rompecabezas Coleccionables Abecedario Caja Celeste', '5.80', '8.50', '8.50', 22, '', ''),
('59606000', 2, 'PAPEL FOTOGRAFICO', '1.35', '2.00', '2.00', 69, '', ''),
('59671213', 2, 'Hoja bond tama?o carta color verde oscuro ', '0.00', '0.00', '0.00', 74, '', ''),
('59709336', 2, 'Cuadernillo para caligrafia jaime sanchez 8', '0.00', '7.00', '7.00', 0, '', ''),
('59735595', 2, 'Paquete de de hoja lino tama?o carta color naranja  100 unidades', '0.00', '80.00', '80.00', 3, '', ''),
('59771104', 2, 'pliego papel corrugado color verde ', '0.00', '7.00', '7.00', 3, '', ''),
('59854500', 2, 'Rollo de masking tape en color verde de 1 pulgada ', '0.00', '8.00', '8.00', 85, '', ''),
('59928003', 2, 'Hoja foamy con ondas tama?o carta color fusia ', '0.00', '3.00', '3.00', 3, '', ''),
('59940814', 2, 'Pliegos de fieltro color naranja', '0.00', '14.00', '14.00', 3, '', ''),
('6001', 2, 'Hoja de Bolitas Carta', '0.55', '1.00', '1.00', 69, '', ''),
('6002', 2, 'Hoja Grueson con Diseño', '1.00', '1.50', '1.50', 69, '', ''),
('6003', 2, 'Hoja con Diseño Carta', '1.00', '1.40', '1.40', 69, '', ''),
('6004', 2, 'Hoja Verde para Encuadernar Carta', '1.35', '2.00', '2.00', 69, '', ''),
('6005', 2, 'Hoja Gris Carta para Encuadernar', '1.20', '1.75', '1.75', 69, '', ''),
('6006', 2, 'Hoja Iris Verde', '0.50', '0.75', '0.75', 69, '', ''),
('6007', 2, 'Hoja Iris Carta Violeta', '0.50', '0.75', '0.75', 69, '', ''),
('6008', 2, 'Hoja Iris Carta color Naranja', '0.50', '0.75', '0.75', 69, '', ''),
('6009', 2, 'Hojas Calco tamaño carta', '0.50', '0.70', '0.70', 69, '', ''),
('6010', 2, 'Hojas Calco Tamaño Carta', '0.55', '1.00', '1.00', 69, '', ''),
('6011', 2, 'Hoja Lino Beige Carta', '0.55', '1.00', '1.00', 69, '', ''),
('6012', 2, 'Hoja Lino Gris Carta', '0.55', '1.00', '1.00', 69, '', ''),
('6013', 2, 'Hoja con Textura Carta Color Verde', '1.00', '1.50', '1.50', 69, '', ''),
('6014', 2, 'Hojas con Textura Carta Color Violeta', '1.00', '1.50', '1.50', 69, '', ''),
('6015', 2, 'Hojas con Textura Carta Color Cafe Suave', '1.00', '1.50', '1.50', 69, '', ''),
('60153333', 2, 'Pliego de papel de regalo de servidores publicos', '0.00', '2.00', '2.00', 3, '', ''),
('60159625', 2, 'Bloc de hojas animal print tama?o carta', '0.00', '14.00', '14.00', 93, '', ''),
('6016', 2, 'Hoja Lisa de Colores tamaño Oficio', '0.55', '1.00', '1.00', 69, '', ''),
('60169495', 2, 'Cuadernillo para caligrafia jaime sanchez 6', '0.00', '7.00', '7.00', 0, '', ''),
('6017', 2, 'Hoja con Textura 250 gms', '1.40', '2.00', '2.00', 69, '', ''),
('6018', 2, 'Hoja Brillante Carta', '1.90', '2.80', '2.80', 69, '', ''),
('6019', 2, 'Hoja Manchada color Rosa Suave', '0.75', '1.25', '1.25', 69, '', ''),
('60190499', 2, 'pliego papel arcoiris color celeste', '0.00', '5.00', '5.00', 3, '', ''),
('6020', 2, 'Hojas Manchadas color Verde Suave Tamaño Carta', '0.75', '1.25', '1.25', 69, '', ''),
('6021', 2, 'Hojas Manchadas color Gris', '0.75', '1.25', '1.25', 69, '', ''),
('6022', 2, 'Hojas tamaño Carta de Varios Colores', '0.55', '1.00', '1.00', 69, '', ''),
('6023', 2, 'Hojas Cartonsillo Esmaltado Plateado Tamaño Carta', '1.00', '1.50', '1.50', 69, '', ''),
('6024', 2, 'Hojas Cartonsillo Esmaltados color Rosa', '1.00', '1.50', '1.50', 69, '', ''),
('6025', 2, 'Hojas doble color Carta', '0.55', '1.00', '1.00', 69, '', ''),
('6026', 2, 'Hojas Acanaladas de Varios Colores', '0.00', '1.50', '1.50', 69, '', ''),
('6027', 2, 'Hojas de Varios Colores Tamaño Oficio', '0.85', '1.25', '1.25', 69, '', ''),
('6028', 2, 'Hojas Iris color Gris Tamaño Oficio', '0.55', '1.00', '1.00', 69, '', ''),
('6029', 2, 'Hoja Cartonsillo Esmaltado color Celeste', '1.00', '1.50', '1.50', 69, '', ''),
('6030', 2, 'Hoja Cartonsillo Esmaltada color Violeta', '1.00', '1.50', '1.50', 69, '', ''),
('6031', 2, 'Hoja Cartonsillo Esmaltados color Verde Menta', '1.00', '1.50', '1.50', 69, '', ''),
('60313591', 2, 'Hoja bond tama?o carta color rosado palido', '0.00', '0.00', '0.00', 74, '', ''),
('6032', 2, 'Hojas Lisa Brillante Tamaño Carta color Rosa', '1.00', '1.50', '1.50', 69, '', ''),
('6033', 2, 'Hoja Delgada de Mariposa tamaño Carta', '1.00', '1.50', '1.50', 69, '', ''),
('6034', 2, 'Hoja Verde Brillante Tamaño Carta', '1.50', '2.25', '2.25', 69, '', ''),
('6035', 2, 'Hojas Iris Color Cafe Tamaño Carta', '0.50', '0.75', '0.75', 69, '', ''),
('6036', 2, 'Hoja Iris color Negro Tamaño Carta', '0.50', '0.75', '0.75', 69, '', ''),
('6037', 2, 'Hoja Lino Color Negro Tamaño Carta', '0.55', '1.00', '1.00', 69, '', ''),
('6038', 2, 'Hoja Brillante color Gris con Textura', '1.65', '2.40', '240.00', 69, '', ''),
('6039', 2, 'Hoja Cartonsillo Brillante color Zapote', '1.20', '1.75', '1.75', 69, '', ''),
('6040', 2, 'Hoja con Textura Tamaño Carta Naranja', '0.55', '1.00', '1.00', 69, '', ''),
('6041', 2, 'Hoja con Textura Tamaño Carta Color Hueso', '0.55', '1.00', '1.00', 69, '', ''),
('6042', 2, 'Hoja con Textura Tamaño Carta color Zapote', '0.55', '1.00', '1.00', 69, '', ''),
('6043', 2, 'Hoja con Textura Tamaño Carta color Rosa', '0.55', '1.00', '1.00', 69, '', ''),
('6044', 2, 'Hoja con Textura Tamaño Carta color Violeta', '0.55', '1.00', '1.00', 69, '', ''),
('6045', 2, 'Hoja con Textura Tamaño Carta color Amarillo', '0.55', '1.00', '1.00', 69, '', ''),
('60450296', 2, 'Cuadernillo para caligrafia popol-vuh 6', '0.00', '7.00', '7.00', 0, '', ''),
('60450500', 6, 'Linbrera de 3 entrepa?os puerta de vidrio', '900.00', '1305.00', '1160.00', 66, '', ''),
('6048', 2, 'Hojas con Textura Tamaño Carta color Escarlata', '0.55', '1.00', '1.00', 69, '', ''),
('6049', 2, 'Hojas con Textura Tamaño Carta Color Verde', '0.55', '1.00', '1.00', 69, '', ''),
('6050', 2, 'Hoja con Textura Tamaño Carta Color Naranja Claro', '0.55', '1.00', '1.00', 69, '', ''),
('6051', 2, 'Hoja Arcoiris tamaño Carta color Marron', '0.85', '1.25', '1.25', 69, '', ''),
('6052', 2, 'Hoja Arcoiris tamaño Carta color Celeste', '0.85', '1.25', '1.25', 69, '', ''),
('6053', 2, 'Hoja Arcoiris Tamaño Carta color Verde Oscuro', '0.85', '1.25', '1.25', 69, '', ''),
('6054', 2, 'Hoja Arcoiris Tamaño Carta Color Verde', '0.85', '1.25', '1.25', 69, '', ''),
('6055', 2, 'Hoja Arcoiris Tamaño Carta Color Naranja', '0.85', '1.25', '1.25', 69, '', ''),
('6056', 2, 'Hojas Arcoiris Tamaño Carta Color Violeta', '0.85', '1.25', '1.25', 69, '', ''),
('6057', 2, 'Hojas Brillantes de Colores Tamaño Carta', '0.85', '1.25', '1.25', 69, '', ''),
('60576828', 2, 'pliego papel corrugado color anaranjado', '0.00', '7.00', '7.00', 3, '', ''),
('6058', 2, 'Hoja Brillante Carta Color Verde', '2.50', '3.50', '3.50', 69, '', ''),
('6059', 2, 'Hoja Brillante Carta Color Mostaza', '2.50', '3.50', '3.50', 69, '', ''),
('6060', 2, 'Hoja Brillante Carta Color Hueso', '2.50', '3.50', '3.50', 69, '', ''),
('6061', 2, 'Hoja Brillante Carta Color Naranja', '2.50', '3.50', '3.50', 69, '', ''),
('6062', 2, 'Hoja Brillante Carta Gruesa Color Gris', '1.65', '2.40', '2.40', 69, '', ''),
('60625014', 2, 'Hoja con textura briilante tama?o carta ', '0.00', '3.00', '3.00', 3, '', ''),
('6063', 2, 'Hoja Brillante Carta Gruesa Color Beige', '1.65', '2.40', '2.40', 69, '', ''),
('60634030', 4, 'Bote de brillantina color celeste', '0.00', '5.00', '5.00', 1, '', ''),
('6064', 2, 'Hoja Brillante Carta Gruesa Color Cartón', '1.65', '2.40', '2.40', 69, '', ''),
('6065', 2, 'Hoja Brillante Carta Gruesa color Hueso', '1.65', '2.40', '2.40', 69, '', ''),
('6066', 2, 'Hoja Brillante Gruesa Carta Corinto', '1.65', '2.40', '2.40', 69, '', ''),
('6067', 2, 'Hoja Brillante Carta Gruesa color Piel', '1.65', '2.40', '2.40', 69, '', ''),
('6068', 2, 'Hoja Brillante Carta Gruesa Color Naranja', '1.65', '2.40', '2.40', 69, '', ''),
('60682567', 2, 'Paquete de 10 unidades de foamy con ondas tama?o carta color negro', '0.00', '25.00', '25.00', 3, '', ''),
('6069', 2, 'Hoja Brillantte Carta Gruesa Color Amarillo Claro', '1.65', '2.40', '2.40', 69, '', ''),
('606982085198', 11, 'Arreglo Peluches color Blanco - B & B Toymaker', '81.50', '110.00', '110.00', 224, '', ''),
('6070', 2, 'Hoja Brillante Carta Gruesa Color Gris Oscuro', '1.65', '2.40', '2.40', 69, '', ''),
('607000000000', 4, 'PAREJA DE OSITOS', '0.00', '150.00', '150.00', 37, '', ''),
('6071', 2, 'Hoja Brillante Carta Gruesa Color Verde Oscuro', '1.65', '2.40', '2.40', 69, '', ''),
('6072', 2, 'Hoja Brillante Carta Gruesa Colorr Gris', '1.65', '2.40', '2.40', 69, '', ''),
('6073', 2, 'Hoja Brillante Carta Gruesa con Diseño Color Celeste', '1.00', '1.50', '1.50', 69, '', ''),
('6074', 2, 'Hoja Brillante Carta con Diseño Color Violeta Claro', '1.00', '1.50', '1.50', 69, '', ''),
('6075', 2, 'Hoja Brillante Carta Con Diseño Color Musgo', '1.00', '1.50', '1.50', 69, '', ''),
('6076', 2, 'Hoja Brillante Carta con Diseño Color Plateado', '1.00', '1.50', '1.50', 69, '', ''),
('6077', 2, 'Hoja Brillante Carta con Diseño Dorado', '1.00', '1.50', '1.50', 69, '', ''),
('60776518', 2, 'Paquete de hojas bond de 75 grs tama?o carta 50 unidades ', '0.00', '5.00', '5.00', 109, '', ''),
('6078', 2, 'Hoja Brillante Carta Con Diseño Color Rosa', '1.00', '1.50', '1.50', 69, '', ''),
('60828866', 2, 'Pliegos de cartulina color blanco', '0.00', '2.00', '2.00', 3, '', ''),
('61209725', 2, 'pliego papel arcoiris color negro', '0.00', '5.00', '5.00', 3, '', ''),
('61238725', 2, 'Hoja de foamy con dese?o', '0.00', '4.00', '4.00', 3, '', ''),
('61300019', 1, 'Escritorio en \"L\" peninsular de 1.50*1.50', '0.00', '1650.00', '1590.00', 122, '', ''),
('61370630', 2, 'Hojas corrugadas de colores tama?o carta', '0.00', '2.00', '2.00', 0, '', ''),
('61561441', 2, 'Paquete de hojas bond de 100 unidades tama?o oficio color morado lila', '0.00', '33.00', '33.00', 74, '', ''),
('61690066', 2, 'Ley del registro nacional de las personas ', '0.00', '9.00', '9.00', 120, '', ''),
('61878044', 2, 'Paquete de hojas de cuadros tama?o carta 100 unidades ', '0.00', '9.00', '9.00', 32, '', ''),
('62013710', 2, 'Transportador ', '0.00', '1.00', '1.00', 3, '', ''),
('62018890', 2, 'Paquete de 25 unidades de hojas fomy tama?o color verde oscuro', '0.00', '23.00', '23.00', 3, '', ''),
('62090445', 1, 'SELLO DORADO PEQUEÑO DE LA REPUBLICA DE GUATEMALA', '1.75', '2.50', '2.50', 69, '', ''),
('62134934', 2, 'Rollo de masking tape peque?o ', '0.00', '2.00', '2.00', 85, '', ''),
('62217118', 2, 'Hoja bond tama?o oficio color rosado ', '0.00', '0.00', '0.00', 74, '', ''),
('62232586', 2, 'Hoja de foamy escarchado tama?o carta color rosado', '0.00', '3.00', '3.00', 3, '', ''),
('62445375', 2, 'Paquete de foamy tohalla de 10 unidades tama?o carta color amarillo palido', '0.00', '23.00', '23.00', 3, '', ''),
('62445948', 2, 'Paquete de foamy 10 unidades con cuadros tama?o carta color caf?', '0.00', '23.00', '23.00', 3, '', ''),
('62560139', 2, 'Hoja foamy tohalla tama?o carta color negro', '0.00', '2.00', '2.00', 3, '', ''),
('62584975', 2, 'Resma de hojas bond de 75 grs tama?o carta de 500 unidades ', '0.00', '35.00', '35.00', 109, '', ''),
('62602143', 2, 'Paquete de foamy 10 unidade escarcahado tama?o carta color', '0.00', '3.00', '3.00', 3, '', ''),
('62710695', 2, 'Hoja blanca aperlada tama?o carta de 110 gm', '0.00', '1.00', '1.00', 3, '', ''),
('62726573', 2, 'Paquete de foamy 10 unidade escarcahado tama?o carta color azul', '0.00', '26.00', '26.00', 3, '', ''),
('62866996', 2, 'Pliegos de papel bond color color piel', '0.00', '3.00', '3.00', 3, '', ''),
('63148237', 2, 'Paquete de hojas bond 100 unidades tama?o carta color verde oscuro ', '0.00', '23.00', '23.00', 74, '', ''),
('63276619', 2, 'Pliegos de papel bond color amarillo ', '0.00', '3.00', '3.00', 3, '', ''),
('63282559', 6, 'Archivo de 4 gabetas', '930.00', '1350.00', '1300.00', 66, '', ''),
('63413717', 2, 'Pliego de papel crepe con dise?o ', '0.00', '6.00', '6.00', 3, '', ''),
('63454536', 2, 'Hoja de foamy escarchado tama?o carta color plateado', '0.00', '3.00', '3.00', 3, '', ''),
('63462869', 2, 'Hoja opalina tama?o carta color beige de 230 gm', '0.00', '2.00', '2.00', 3, '', ''),
('63539455', 2, 'pliego papel lustre color morado', '0.00', '1.00', '1.00', 3, '', ''),
('63731866', 2, 'Hoja bond con dise?o color azul ', '0.00', '1.00', '1.00', 3, '', ''),
('63804461', 2, 'Ley de amparo exhibicion personal y de constitucionalidad ', '0.00', '10.00', '10.00', 119, '', ''),
('63810257', 2, 'PORTAMINAS ZEBRA NU SPIRA', '26.20', '38.00', '38.00', 115, '', ''),
('638713272553', 11, 'Peluche de Buho color Rosado - Floralicious', '100.00', '134.00', '134.00', 223, '', ''),
('639000000000', 4, 'PELUCHE DE CUELLO PARA NI?A ', '0.00', '134.00', '134.00', 40, '', ''),
('64017686', 2, 'Paquete de 25 unidades de hojas fomy tama?o color celeste', '0.00', '23.00', '23.00', 3, '', ''),
('64089034', 2, 'Hojas bond de 120 grs tama?o doble oficio ', '0.00', '1.00', '1.00', 108, '', ''),
('64153261', 2, 'Paquete de foamy 10 unidade escarcahado tama?o carta color celeste', '0.00', '26.00', '26.00', 3, '', ''),
('64215501', 2, 'Hoja cascara de huevo color beige tama?o carta de 110 gm', '0.00', '1.00', '1.00', 3, '', ''),
('64272757', 2, 'Hoja fomy tama?o carta color naranja ', '0.00', '1.00', '1.00', 3, '', ''),
('64337371', 2, 'pliego papel corrugado color azul', '0.00', '7.00', '7.00', 3, '', ''),
('64389981', 2, 'Pliego de pepel de regalo dise?o de mariposa ', '1.35', '2.00', '2.00', 3, '', ''),
('64390079', 2, 'Hoja foamy tohalla tama?o carta color anaranjado ', '0.00', '2.00', '2.00', 3, '', ''),
('64467252', 4, 'Porta globos ', '0.00', '1.00', '1.00', 3, '', ''),
('64596914', 2, 'Paquete de hojas bond 100 unidades tama?o carta color morado ', '0.00', '23.00', '23.00', 74, '', ''),
('64611303', 2, 'pliego papel corrugado brillante color verde oscuro ', '0.00', '9.00', '9.00', 3, '', ''),
('64635927', 2, 'Hojas de cuadros tama?o carta de 80 grs ', '0.00', '0.00', '0.00', 32, '', ''),
('64638577', 2, 'LAPIZ HEXAGONAL PAPER MATE CLASIC HB 2', '0.65', '1.00', '1.00', 114, '', ''),
('64649603', 2, 'Paquete de foamy tohalla de 10 unidades tama?o carta color celeste', '0.00', '23.00', '23.00', 3, '', ''),
('64654638', 2, 'Pliego de laminas educativas ', '0.00', '15.00', '15.00', 3, '', ''),
('64761855', 6, 'Escritorio en L turin', '1135.00', '1650.00', '1550.00', 67, '', ''),
('64871547', 2, 'pliego foamy color amarillo palido', '0.00', '9.00', '9.00', 3, '', ''),
('65282564', 2, 'Paquete de hojas de lineas tama?o carta 100 unidades', '0.00', '9.00', '9.00', 32, '', ''),
('65301739', 2, 'Paquete de foamy 10 unidade escarcahado tama?o carta color verde oscuro', '0.00', '26.00', '26.00', 3, '', ''),
('65617342', 2, 'pliego papel lustre color rosado claro', '0.00', '1.00', '1.00', 3, '', ''),
('65755723', 2, 'Hoja lino tama?o oficio color celeste', '0.00', '1.00', '1.00', 3, '', ''),
('65793787', 2, 'Estuche para Lapices Pequeño Jocar', '9.65', '14.00', '14.00', 32, '', ''),
('65924020', 2, 'Paquete de de hoja lino tama?o carta color rosado 100 unidades ', '0.00', '80.00', '80.00', 3, '', ''),
('66070832', 4, 'Caja cuadrada de regalo (extra grande )', '0.00', '26.00', '26.00', 3, '', ''),
('66161226', 6, 'Escritorio Estudiantil', '385.00', '575.00', '540.00', 66, '', ''),
('66213116', 2, 'pliego papel lustre color celeste claro', '0.00', '1.00', '1.00', 3, '', ''),
('66238690', 2, 'Paquete de 25 unidades de hojas fomy tama?o color morado', '0.00', '23.00', '23.00', 3, '', ''),
('66362357', 2, 'Hoja bond tama?o carta color anaranjado palido ', '0.00', '0.00', '0.00', 74, '', ''),
('66389347', 2, 'Paquete de papel fotografico tama?o carta 120 gm', '0.00', '21.00', '21.00', 0, '', ''),
('66406754', 2, 'Paquete de hojas de lineas tama?o oficio 100 unidades ', '0.00', '10.00', '10.00', 32, '', ''),
('66445685', 2, 'Diccionario mini lengua espa?ola ', '0.00', '8.00', '8.00', 0, '', ''),
('66543824', 2, 'Hoja foamy con ondas tama?o carta color blanco', '0.00', '3.00', '3.00', 3, '', ''),
('66673422', 2, 'Pliego de papel de regalo de caballos ', '1.35', '2.00', '2.00', 3, '', ''),
('66803478', 2, 'Paquete de foamy 10 unidade escarcahado tama?o carta color dorado claro ', '0.00', '26.00', '26.00', 3, '', ''),
('67006335', 2, 'Pliegos de papel construccion de colores ', '0.00', '2.00', '2.00', 3, '', ''),
('67006922', 2, 'Paquete de foamy 10 unidade escarcahado tama?o carta color morado', '0.00', '26.00', '26.00', 3, '', ''),
('67111282', 2, 'pliego foamy brillante color rosado claro', '0.00', '18.00', '18.00', 3, '', ''),
('67129034', 2, 'Paquete de hojas bond de 100 unidades tama?o oficio color verde limon fluoresente', '0.00', '33.00', '33.00', 74, '', ''),
('67197521', 2, 'Hoja de foamy escarchado tama?o carta color fusia', '0.00', '3.00', '3.00', 3, '', ''),
('67277506', 2, 'Bote Pinguino con numero del 1 al 10 de juguete', '24.00', '35.00', '35.00', 188, '', ''),
('67283989', 2, 'Pliego de papel de regalo de boda', '1.35', '2.00', '2.00', 3, '', ''),
('67798773', 2, 'Hoja lino tama?o carta color rosado ', '0.00', '1.00', '1.00', 3, '', ''),
('67891290', 2, 'pliego foamy brillante color negro', '0.00', '18.00', '18.00', 3, '', ''),
('67975044', 2, 'pliego papel kraft', '0.00', '1.00', '1.00', 3, '', ''),
('67993666', 4, 'Bote de brillantina grande color verde ', '0.00', '29.00', '29.00', 0, '', ''),
('68015237', 2, 'Hoja bond tama?o carta color rosado ', '0.00', '0.00', '0.00', 74, '', ''),
('68087678', 2, 'Cuadernillo para caligrafia popol-vuh 5', '0.00', '7.00', '7.00', 0, '', ''),
('68170431', 2, 'Cuadernillo centro americano para caligrafia 6', '0.00', '7.00', '7.00', 0, '', ''),
('68290672', 2, 'Marcador punta vicelada ', '0.00', '5.00', '5.00', 22, '', ''),
('68449384', 2, 'Pliego de cartulina fluoresente color naranjado ', '0.00', '3.00', '3.00', 3, '', ''),
('68616014', 2, 'pliego papel iris color rosado palido', '0.00', '3.00', '3.00', 3, '', ''),
('68788858', 2, 'pliego papel brillante color plateado', '0.00', '11.00', '11.00', 3, '', ''),
('68927479', 2, 'pliego papel esmaltado color azul', '0.00', '3.00', '3.00', 3, '', ''),
('68937591', 4, 'Alas de mariposa de colores', '0.00', '28.00', '28.00', 3, '', ''),
('68985899', 2, 'BARRA DE SILICON ', '0.65', '1.00', '1.00', 69, '', ''),
('6900000000000', 4, 'CARRRITO DE BLOCKS', '0.00', '21.00', '0.00', 15, '', ''),
('6900000010921', 4, 'Tubo de juguetes de delfines Animal World', '9.65', '14.00', '14.00', 20, '', ''),
('6900000019320', 4, 'Carro de jueguetes Lego', '14.50', '21.00', '21.00', 22, '', ''),
('6900000020319', 2, 'Helicoptero de Trocitos Legos Blocks Play and Learn Puzzle', '90.00', '132.00', '132.00', 15, '', ''),
('6902008052309', 3, 'Pistola para colocar precio', '114.00', '165.00', '165.00', 24, '', ''),
('69145933', 2, 'Talionario de facturas peque?a de 50 unidades ', '0.00', '2.00', '2.00', 32, '', ''),
('6920000000000', 2, 'Rollo de plastico adhesivo transparente de 45cmsX3mts', '0.00', '13.00', '13.00', 3, '', ''),
('6921843901030', 2, 'Plastico Adhesivo Imitación de madera', '14.50', '21.00', '21.00', 3, '', ''),
('6921843906035', 2, 'Plastico adhesivo T-3 Transparente', '8.62', '12.50', '12.50', 3, '', ''),
('6921843906202', 2, 'Plastico Adhesivo Transparente - Rollo Grande', '3.10', '4.50', '4.00', 3, '', ''),
('6925409940402', 2, 'teip', '2.60', '3.75', '3.75', 69, '', ''),
('6925409940419', 2, 'teip multiusos de 1/2\"', '2.90', '4.25', '4.25', 69, '', ''),
('6925513020755', 2, 'Cubeta de Plastilina China de Dragon y Conejito', '3.00', '4.50', '4.50', 20, '', ''),
('6928242086818', 2, 'Sellos de Figuras y Caritas', '2.00', '3.00', '3.00', 210, '', ''),
('6930000000000', 4, 'PELOTA COLORIDA', '0.00', '20.00', '20.00', 19, '', ''),
('69301766', 4, 'Bote de brillantina color palo rosa ', '0.00', '5.00', '5.00', 1, '', ''),
('6930208358082', 10, 'Primer Clase de Matematica Abaco y Letras', '37.00', '54.00', '54.00', 64, '', ''),
('6931100503143', 2, 'CORRECTOR EN LAPIZ FAST', '4.50', '6.50', '6.50', 3, '', ''),
('6932717100626', 2, 'Caja para Documentos Color Celeste ', '21.00', '31.00', '31.00', 60, '', ''),
('6932717100657', 2, 'Caja para documentos color morado', '21.00', '31.00', '31.00', 60, '', ''),
('6932717101319', 2, 'TopTeam Folder Plastico Blanco con Bandas Moradas', '16.00', '23.00', '23.00', 60, '', ''),
('6932717101326', 2, 'Folder TopTeam Color Blanco con Bandas de color Rosa A4 Duro', '11.00', '23.00', '23.00', 60, '', ''),
('6932717101333', 2, 'Folder TopTeam Color Blanco con Bandas color Gris', '16.00', '23.00', '23.00', 60, '', ''),
('6932717101340', 2, 'Folder TopTeam Color Blanco con Bandas color Celeste', '16.00', '23.00', '23.00', 60, '', ''),
('6932717101517', 2, 'Folder Plastico TopTeam Suave Blando de Color Blanco Detalles Morado Uva', '11.00', '17.00', '17.00', 60, '', ''),
('6932717101531', 2, 'Folder TopTeam Plastico Blanco Detalles Grises', '11.00', '17.00', '17.00', 60, '', ''),
('6932717101548', 2, 'Folder Plastico TopTeam Suave Blando de Color Blanco Detalles Azul Marino', '11.00', '17.00', '17.00', 60, '', ''),
('6932717101593', 2, 'Folder Plastico de Color Rosa con Diseño Duro', '11.75', '17.00', '17.00', 60, '', ''),
('6932717101609', 2, 'Folder Plastico Color Naranja Duro con Diseño', '11.75', '17.00', '17.00', 60, '', ''),
('6932717101616', 2, 'Folder Color Amarillo con Diseño Duro', '11.75', '17.00', '17.00', 60, '', ''),
('6932717101685', 2, 'Folder Plastico Color Naranja con Diseño Blando', '5.00', '7.00', '7.00', 60, '', ''),
('6932717101692', 2, 'Folder Plastico de Color Amarillo Blando Suave con Diseño', '5.00', '7.00', '7.00', 60, '', ''),
('6932717101708', 2, 'Folder Plastico de Color Verde Blando con Diseño', '5.00', '7.00', '7.00', 60, '', ''),
('6932717102064', 2, 'Folder Plastico Anillo Organizador Color Naranja TopTeam', '20.00', '29.00', '29.00', 60, '', ''),
('6932717102071', 2, 'Folder Plastico Anillo Organizador Color Amarillo TopTeam', '20.00', '29.00', '29.00', 60, '', ''),
('6932717102088', 2, 'Folder Plastico Anillo Organizador Color Amarillo TopTeam', '20.00', '29.00', '29.00', 60, '', ''),
('6932717120105', 2, 'Plastico adhesivo brillante celeste', '10.35', '15.00', '14.33', 60, '', ''),
('6932717120587', 2, 'Plastico adhesivo brillante dorado', '10.35', '15.00', '14.33', 60, '', ''),
('6932717120594', 2, 'Plastico Adhesivo brillante plateado', '10.35', '15.00', '14.33', 60, '', ''),
('6933312714706', 4, 'Bolsa de juguetes Animal World', '10.35', '15.00', '15.00', 22, '', ''),
('6933315277666', 4, 'Bolsa de juguetes Wild Animal', '11.75', '17.00', '17.00', 22, '', ''),
('6933315277680', 4, 'Bolsa de jueguetes Farm Animal', '11.75', '17.00', '17.00', 22, '', ''),
('6933796880027', 11, 'Arreglo de Oso de Peluche Pequeño Beige y Violeta - Skiss', '38.50', '52.00', '52.00', 37, '', ''),
('6933796880041', 11, 'Arreglo de Oso de Peluche Pequeño Beige- Skiss', '35.50', '48.00', '48.00', 37, '', ''),
('6935242500282', 4, 'Liquid Silicone Pacifier Baby', '4.83', '7.00', '7.00', 239, '', ''),
('6935590411025', 2, 'Foamy Moldeable bolsa 12 unidades ', '8.00', '11.50', '11.50', 69, '', ''),
('6938711107623', 2, 'Folder Plastico Tamaño Carta Diseño Verde', '11.75', '17.00', '17.00', 60, '', ''),
('6939540595261', 2, 'Acuarelas Faber Max 12 Colores', '13.25', '19.50', '19.50', 84, '', ''),
('6940000000000', 2, 'SOBRE CON BANDA EL?STICA CARTA VERDE Y BLANCO', '0.00', '17.00', '17.00', 60, '', ''),
('69422362', 2, 'Paquete de 25 unidades de hojas fomy tama?o color negro', '0.00', '23.00', '23.00', 3, '', ''),
('69429033', 2, 'Paquete de foamy 10 unidades acanalados tama?o carta color negro', '0.00', '23.00', '23.00', 3, '', '');
INSERT INTO `producto` (`idproducto`, `idCategoria`, `nombre`, `preciocosto`, `precioSugerido`, `precioTop`, `marca`, `serie`, `modelo`) VALUES
('69453564', 6, 'Escritorio en penisular de 1.80x1.80', '1235.00', '1790.00', '1730.00', 67, '', ''),
('6949856100127', 2, 'AUDIFONOS DE OREJERA WIRELESS', '100.00', '145.00', '145.00', 12, '', ''),
('6950000000000', 3, 'AUDIFONOS', '0.00', '145.00', '145.00', 12, '', 'FE-012'),
('69517006', 2, 'Libro punta roja de balance de 80 hojas ', '0.00', '13.00', '13.00', 32, '', ''),
('6952938334549', 2, 'Globos en Bolsa', '4.80', '7.00', '7.00', 69, '', ''),
('6952938334556', 2, 'Globos  en Bolsa', '4.80', '7.00', '7.00', 69, '', ''),
('69559396', 2, 'Ley organica del presupuesto y su reglamento ', '0.00', '9.00', '9.00', 119, '', ''),
('69599613', 2, 'LAPICERO BIC DE COLOR NEGRO', '1.00', '1.50', '1.33', 172, '', ''),
('696626100622', 2, 'Pintura textil color amarillo fuerte', '5.50', '8.00', '8.00', 241, '', ''),
('696626100646', 2, 'Pintura textil color verde suave', '5.50', '8.00', '8.00', 241, '', ''),
('696626100677', 2, 'Pintura textil color azul fuerte', '5.50', '8.00', '8.00', 241, '', ''),
('696626100691', 2, 'Pintura textil color naranja', '5.50', '8.00', '8.00', 241, '', ''),
('696626100707', 2, 'Pintura textil color rojo', '5.50', '8.00', '8.00', 241, '', ''),
('696626100714', 2, 'Pintura textil color morado', '5.50', '8.00', '8.00', 241, '', ''),
('696626100721', 2, 'Pintura textil color cafe', '5.50', '8.00', '8.00', 241, '', ''),
('696626100738', 2, 'Pintura textil color negro', '5.50', '8.00', '8.00', 241, '', ''),
('696626100745', 2, 'Pintura textil color blanco', '5.50', '8.00', '8.00', 241, '', ''),
('696626137949', 2, 'Bote de Tempera Fast de Color Amarillo', '8.30', '12.00', '12.00', 3, '', ''),
('696626137956', 2, 'Bote de Tempera Fast Color Naranja', '8.30', '12.00', '12.00', 73, '', ''),
('696626137963', 2, 'Bote de Tempera color Rojo Fast', '8.30', '12.00', '12.00', 3, '', ''),
('696626137994', 2, 'Bote de Tempera de Color Verde Claro Fast', '8.30', '12.00', '12.00', 3, '', ''),
('696626138007', 2, 'Bote de Tempera de Color Verde', '8.30', '12.00', '12.00', 3, '', ''),
('696626138014', 2, 'Bote de Tempera de Color Morado Fast', '8.30', '12.00', '12.00', 3, '', ''),
('696626138021', 2, 'Bote de Tempera de Color Azul Fast', '8.30', '12.00', '12.00', 3, '', ''),
('696626172568', 2, 'Bote de Color Cafe Claro Fast', '8.30', '12.00', '12.00', 3, '', ''),
('69673658', 2, 'Hoja bond tama?o carta color rojo ', '0.00', '0.00', '0.00', 74, '', ''),
('69773341', 2, 'pliego foamy color negro', '0.00', '9.00', '9.00', 3, '', ''),
('69820373', 4, 'Caja cuadrada de reagalo 21*21 cm (mediana)', '0.00', '11.00', '11.00', 3, '', ''),
('69980190', 5, 'BOLSA DE COLGAR PARA HOMBRE ', '0.00', '488.00', '488.00', 47, '', ''),
('7001', 2, 'Hoja Foami Brillante Color Gris', '1.90', '2.75', '2.50', 69, '', ''),
('7002', 2, 'Hoja Foami Brillante Color Blanco', '1.90', '2.75', '2.50', 69, '', ''),
('70029840', 1, 'almohadilla para sellos de color azul', '6.00', '9.00', '9.00', 122, '', ''),
('7003', 2, 'Hoja Foami Brillante Color Dorado', '1.90', '2.75', '2.50', 69, '', ''),
('7004', 2, 'Hoja Foami Brillante Color Celeste', '1.90', '2.75', '2.50', 69, '', ''),
('7005', 2, 'Hoja Foami Brillante Color Rojo', '1.90', '2.75', '2.50', 69, '', ''),
('7006', 2, 'Hoja Foami Brillante Color Fuscia', '1.90', '2.75', '2.50', 69, '', ''),
('7007', 2, 'Hoja Foami Brillante Color Rosado', '1.90', '2.75', '2.50', 69, '', ''),
('7008', 2, 'Hoja Foami Brillante Color Morado', '1.90', '2.75', '2.50', 69, '', ''),
('7009', 2, 'Hoja Foami Brillante Color Verde Limón', '1.90', '2.75', '2.50', 69, '', ''),
('7010', 2, 'Hoja Foami Brillante Color Anaranjado', '1.90', '2.75', '2.50', 69, '', ''),
('7011', 2, 'Hoja Foami Brillante Color Azul', '1.90', '2.75', '2.50', 69, '', ''),
('7012', 2, 'Hoja Foami Brillante Color Café', '1.90', '2.75', '2.50', 69, '', ''),
('7013', 2, 'Hoja Foami Brillante Color Negro', '1.90', '2.75', '2.00', 69, '', ''),
('7014', 2, 'Hoja Foami Brillante Color Café Oscuro', '1.90', '2.75', '2.50', 69, '', ''),
('7015', 2, 'Hoja Foami Brillante Color Verde Oscuro', '1.90', '2.75', '2.50', 69, '', ''),
('7016', 2, 'Hoja Foami Toalla Color Blanco', '1.65', '2.40', '2.20', 69, '', ''),
('7017', 2, 'Hoja Foami Toalla Color Café', '1.65', '2.40', '2.20', 69, '', ''),
('7018', 2, 'Hoja Foami Toalla Color Verde Limón', '1.65', '2.40', '2.20', 69, '', ''),
('7019', 2, 'Hoja Foami Toalla Color Verde', '1.65', '2.40', '2.20', 69, '', ''),
('7020', 2, 'Hoja Foami Toalla Color Rojo', '1.65', '2.40', '2.20', 69, '', ''),
('702000000000', 4, 'ALMOHADA DE GORILA COLOR NEGRO', '0.00', '320.00', '320.00', 39, '', ''),
('7021', 2, 'Hoja Foami Toalla Color Amarillo Palido', '1.65', '2.40', '2.20', 69, '', ''),
('70215526', 2, 'Libro empastado de caja de 50 hojas 100 folios ', '0.00', '19.00', '19.00', 108, '', ''),
('7022', 2, 'Hoja Foami Toalla Color Coral', '1.65', '2.40', '2.20', 69, '', ''),
('7023', 2, 'Hoja Foami Toalla Color Anaranjado', '1.65', '2.40', '2.20', 69, '', ''),
('7024', 2, 'Hoja Foami Toalla Color Celeste', '1.65', '2.40', '2.20', 69, '', ''),
('7025 ', 2, 'Hoja Foami Toalla Color Morado', '1.65', '2.40', '2.20', 69, '', ''),
('7026', 2, 'Hoja Foami Toalla Color Rosado', '1.65', '2.40', '2.20', 69, '', ''),
('7027', 2, 'Hoja Foami Toalla Color Fuscia', '1.65', '2.00', '2.20', 69, '', ''),
('7028', 2, 'Hoja Foami Toalla Color Amarillo', '1.65', '2.40', '2.20', 69, '', ''),
('7029', 2, 'Hoja Foami Toalla Color Lila', '1.65', '2.40', '2.20', 69, '', ''),
('7030', 2, 'Hoja Foami Toalla Color Azul', '1.65', '2.40', '2.20', 69, '', ''),
('7031', 2, 'Hoja Foami Toalla Color Celeste', '1.65', '2.40', '2.20', 69, '', ''),
('7032', 2, 'Hoja Foami Toalla Color Negro', '1.65', '2.40', '2.20', 69, '', ''),
('7033', 2, 'Hoja Foami Acanalado Color Verde Limón', '1.65', '2.40', '2.20', 69, '', ''),
('70330179165', 2, 'Caja de lapicero bic intenso fashon color negro', '0.00', '22.00', '22.00', 100, '', ''),
('70330179172', 2, 'Caja de lapicero bic intenso fashon color azul', '0.00', '22.00', '22.00', 100, '', ''),
('70330189119', 2, 'Caja de lapicero bic intenso fashon color rosado ', '0.00', '22.00', '22.00', 100, '', ''),
('70330189126', 2, 'Caja de lapicero bic intenso fashon color morado ', '0.00', '22.00', '22.00', 100, '', ''),
('70330189140', 2, 'Caja de lapicero bic intenso fashon color rojo', '0.00', '22.00', '22.00', 100, '', ''),
('70330194083', 2, 'Caja de lapicero bic intenso fashon color celeste', '0.00', '22.00', '22.00', 100, '', ''),
('7034', 2, 'Hoja Foami Acanalado Vertical Color Amarillo', '1.65', '2.40', '2.20', 69, '', ''),
('7035', 2, 'Hoja Foami Acanalado Color Amarillo', '1.65', '2.40', '2.20', 69, '', ''),
('7036', 2, 'Hoja Foami Acanalado Color Verde Oscuro', '1.65', '2.40', '2.20', 69, '', ''),
('7037', 2, 'Hoja Foami Acanalado Color Rojo', '1.65', '2.40', '2.20', 69, '', ''),
('70371659', 4, 'Bolas de lana de colores ', '0.00', '4.00', '4.00', 0, '', ''),
('7038', 2, 'Hoja Foami Acanalado Color Gris', '1.65', '2.40', '2.20', 69, '', ''),
('7039', 2, 'Hoja Foami Acanalado Color Azul', '1.65', '2.40', '2.20', 69, '', ''),
('7040', 2, 'Hoja Foami Acanalado Color Celeste', '1.65', '2.40', '2.20', 69, '', ''),
('7041', 2, 'Hoja Foami Acanalada Vertical Color Negro ', '1.65', '2.40', '2.20', 69, '', ''),
('7042', 2, 'Hoja Foami Acanalada Color Anaranjado', '1.65', '2.40', '2.20', 69, '', ''),
('70421828', 2, '100 hojas delgada briilande con ondas tama?o carta', '0.00', '133.00', '133.00', 3, '', ''),
('7043', 2, 'Hoja Foami Acanalada Color Blanco', '1.65', '2.40', '2.20', 69, '', ''),
('7044', 2, 'Hoja Foami Acanalado Color Rosado Palido', '1.65', '2.40', '2.20', 69, '', ''),
('7045', 2, 'Hoja Foami Acanalada Color Rosado', '1.65', '2.40', '2.20', 69, '', ''),
('7046', 2, 'Hoja Foami Acanalada Color Morado', '1.65', '2.40', '2.20', 69, '', ''),
('7047', 2, 'Hoja Foami Cuadros Color Celste', '1.65', '2.40', '2.20', 69, '', ''),
('7048', 2, 'Hoja Foami Cuadros Color Rosado', '1.65', '2.40', '2.20', 69, '', ''),
('7049', 2, 'Hoja Foami Cuadros Color Rojo', '1.65', '2.40', '2.20', 69, '', ''),
('705', 2, 'Mochila rodos pequeña estilo mariposas kawaii', '390.00', '525.00', '525.00', 45, '', ''),
('7050', 2, 'Hoja Foami Cuadros Color Fuscia', '1.65', '2.40', '2.20', 69, '', ''),
('7051', 2, 'Hoja Foami Cuadros Color Anaranjado', '1.65', '2.40', '2.20', 69, '', ''),
('7052', 2, 'Hoja Foami Cuadros Color Morado', '1.65', '2.40', '2.20', 69, '', ''),
('70523317', 2, 'Goma en Barra 40g Pega Fast', '10.00', '14.50', '14.50', 140, '', ''),
('7053', 2, 'Hoja Foami Cuadros Color Negro', '1.65', '2.40', '2.20', 69, '', ''),
('70530121322', 2, 'Caja de lapiz paper mate', '0.00', '1.00', '1.00', 42, '', ''),
('7054', 2, 'Hoja Foami Cuadros Color Café', '1.65', '2.40', '2.20', 69, '', ''),
('7055', 2, 'Hoja Foami Cuadros Color Blanco', '1.65', '2.40', '2.20', 69, '', ''),
('705579350715', 2, 'Frases Que Inspiran', '24.15', '35.00', '35.00', 155, '', ''),
('7056', 2, 'Hoja Foami Cuiadros Color Verde Oscuro', '1.65', '2.40', '2.20', 69, '', ''),
('7057', 2, 'Hoja Foami Cuadros Color Rosado Palido', '1.65', '2.40', '2.20', 69, '', ''),
('7058', 2, 'Hoja Foami Cuadros Color Verde Limón', '1.65', '2.40', '2.20', 69, '', ''),
('7059', 2, 'Hoja Foami Cuadros Color Azul', '1.65', '2.40', '2.20', 69, '', ''),
('7060', 2, 'Hoja Foami Cuadros Color Piel', '1.65', '2.40', '2.20', 69, '', ''),
('706000000000', 1, 'Porta maus para pc', '0.00', '33.00', '33.00', 83, '', ''),
('7061', 2, 'Hoja Papel Corrugado Color Mostaza', '1.00', '1.50', '1.50', 69, '', ''),
('7062', 2, 'Hoja Papel Corrugado Brillante Color Morado', '1.55', '2.25', '2.25', 69, '', ''),
('70621297', 2, 'pliego papel iris color anaranjado', '0.00', '3.00', '3.00', 3, '', ''),
('7063', 2, 'Hoja Foami Con Ondas Color Negro', '1.86', '2.70', '2.50', 69, '', ''),
('7064', 2, 'Hoja Foami Con Ondas Color Anaranjado', '1.86', '2.70', '2.50', 69, '', ''),
('7065', 2, 'Hoja Foami Con Ondas Color Rojo', '1.86', '2.70', '2.50', 69, '', ''),
('7066', 2, 'Hoja Foami Con Ondas Color Rosado', '1.86', '2.70', '2.50', 69, '', ''),
('70661330', 2, 'Pliego de papel de regalo dise?o de bambu ', '0.00', '2.00', '2.00', 3, '', ''),
('70662139', 2, '100 hojas brillante cascara de huevo tama?o carta 110 gm ', '0.00', '130.00', '130.00', 3, '', ''),
('70664157', 2, 'Hoja bond con diese?o de flores color rosado ', '0.00', '1.00', '1.00', 3, '', ''),
('70667400', 2, 'Cuadernillo de 2 columnas tama?o oficio ', '0.00', '1.00', '1.00', 0, '', ''),
('7067', 2, 'Hoja Foami Con Ondas Color Verde Limón', '1.86', '2.70', '2.50', 69, '', ''),
('7068', 2, 'Hoja Foami Con Ondas Color Blanco', '1.86', '2.70', '2.50', 69, '', ''),
('7069', 2, 'Hoja Foami Con Ondas Color Café', '1.86', '2.70', '2.50', 69, '', ''),
('7070', 2, 'Hoja Foami Con Ondas Color Amarillo', '1.86', '2.70', '2.50', 69, '', ''),
('7071', 2, 'Hoja Foami Con Ondas Color Verde', '1.86', '2.70', '2.50', 69, '', ''),
('7072', 2, 'Hoja Foami Con Ondas Color Verde Oscuro', '1.86', '2.70', '2.50', 69, '', ''),
('7073', 2, 'Hoja Foami Con Ondas Color Morado', '1.86', '2.70', '2.50', 69, '', ''),
('7074', 2, 'Hoja Foami Con Ondas Color Celeste', '1.86', '2.70', '2.50', 69, '', ''),
('7075', 2, 'Hoja Foami Con Ondas Color Azul', '1.86', '2.70', '2.50', 69, '', ''),
('7076', 2, 'Hoja Foami Con Lentejuelas Color Celeste', '3.37', '4.90', '4.90', 69, '', ''),
('7077', 2, 'Hoja Foami Con Lentejuelas Color Amarillo ', '3.37', '4.90', '4.90', 69, '', ''),
('7078', 2, 'Hoja Foami Con Lentejuelas Color Rojo', '3.37', '4.90', '4.90', 69, '', ''),
('7079', 2, 'Hoja Foami Con Lentejuelas Color Anaranjado', '3.37', '4.90', '4.90', 69, '', ''),
('7080', 2, 'Hoja Foami Con Lentejuelas Color Verde', '3.37', '4.90', '4.90', 69, '', ''),
('7081', 2, 'Hoja Foami Con Lentejuelas Color Rosado', '3.37', '4.90', '4.90', 69, '', ''),
('7082', 2, 'Hoja Foami Con Lentejuelas Color Azul', '3.37', '4.90', '4.90', 69, '', ''),
('70861792', 2, 'Cuadernillo para caligrafia Monza 2', '0.00', '11.00', '11.00', 0, '', ''),
('70866551', 2, 'Hoja de foamy con cuadros tama?o carta color caf?', '0.00', '2.00', '2.00', 3, '', ''),
('70883985', 2, 'Paquete de 10 unidades de foamy con ondas tama?o carta color morado ', '0.00', '25.00', '25.00', 3, '', ''),
('70962123', 2, 'pliego foamy color piel', '0.00', '9.00', '9.00', 3, '', ''),
('7109697453045', 2, 'Trocitos de Letras ABC 123', '16.55', '24.00', '24.00', 15, '', ''),
('7110000000000', 4, 'ABECEDARIO ', '0.00', '24.00', '24.00', 19, '', ''),
('71149943', 5, 'Billetera femenina diseño de mariposas ', '90.00', '130.00', '130.00', 45, '', ''),
('71352268', 2, 'Paquete de foamy 10 unidades  con cuadros tama?o carta color blanco', '0.00', '23.00', '23.00', 3, '', ''),
('71618135', 2, 'Block artcover', '15.15', '22.00', '22.00', 69, '', ''),
('71641031951', 1, 'Repuesto para lapicero parker color azul', '0.00', '36.00', '36.00', 52, '', ''),
('71641031968', 1, 'Repuesto para lapicero parker color negro ', '0.00', '36.00', '36.00', 52, '', ''),
('71641063204', 2, 'Caja de marcador permanente sharpie color metalico ', '0.00', '75.00', '75.00', 44, '', ''),
('71641103030', 2, 'Caja de lapicero paper mate kilometrico color negro', '0.00', '21.00', '21.00', 42, '', ''),
('71641300514', 2, 'Marcador puntra delgada permanente color negro ', '0.00', '8.00', '8.00', 44, '', ''),
('71641300521', 2, 'Marcador punta delgada permanente color rojo', '0.00', '8.00', '8.00', 44, '', ''),
('71641300637', 2, 'Marcador punta delgada permanente color azul', '0.00', '8.00', '8.00', 44, '', ''),
('71641320017', 2, 'Caja de marcador sharpie de doble punta de colores+', '0.00', '186.00', '186.00', 44, '', ''),
('71641830783', 2, 'Marcadores Expo permanentes', '0.00', '33.00', '33.00', 5, '', ''),
('71695860', 4, 'Bote de brillantina color dorado ', '0.00', '4.00', '4.00', 1, '', ''),
('71736297', 2, 'Maderas Chapinas ', '0.00', '8.00', '8.00', 93, '', ''),
('71789972', 2, 'Hoja de foamy escarchado tama?o carta color celeste', '0.00', '3.00', '3.00', 3, '', ''),
('71968131', 2, 'pliego papel arcoiris color rosado palido', '0.00', '5.00', '5.00', 3, '', ''),
('720', 2, 'Folder de Cartón con Diseño  de Barcelona Visca Barca', '2.40', '3.50', '3.50', 69, '', ''),
('72046449', 2, 'Hoja bond tama?o oficio color anaranjado  ', '0.00', '0.00', '0.00', 74, '', ''),
('721', 2, 'Folder de Cartón con Diseño Real Madrid Hala Madrid!', '2.40', '3.50', '3.50', 69, '', ''),
('72153178', 2, 'Bola de duropor NO.7', '0.00', '3.00', '3.00', 0, '', ''),
('721672016037', 2, 'cinta adhesiva de 1/2\" hyStik', '3.05', '4.50', '4.50', 157, '', ''),
('721672020799', 2, 'Cinta adhesiva doble cara de montaje para interiores', '23.45', '34.00', '34.00', 157, '', ''),
('721672025541', 1, 'Rollo de sellador de 2\"', '9.30', '13.50', '1.50', 157, '', ''),
('721672034383', 2, 'Rollo de sellador P880 2X33T', '4.65', '6.75', '6.75', 157, '', ''),
('721672034413', 2, 'Cinta adhesiva de 1\" hyStik', '5.35', '7.75', '7.75', 157, '', ''),
('721672034437', 2, 'Cinta adhesiva de 2\" hyStik', '10.70', '15.50', '15.50', 157, '', ''),
('722', 2, 'Folder de Cartón Diseño de niño', '2.40', '3.50', '3.50', 69, '', ''),
('722000000000', 2, 'Rollo tape de 1 pulgada ', '0.00', '5.00', '5.00', 85, '', ''),
('72304730', 2, 'Hoja bond tama?o oficio color morado ', '0.00', '0.00', '0.00', 74, '', ''),
('72364567', 2, 'Pliego de papel de regalo de globos ', '1.35', '2.00', '2.00', 3, '', ''),
('72472101', 6, 'Reloj para oficina', '0.00', '141.00', '141.00', 69, '', ''),
('72505540', 2, 'pliego papel arcoiris color anaranjado', '0.00', '5.00', '5.00', 3, '', ''),
('72534304', 2, 'MARCADOR EBERHARD FABER PERMANENTE AZUL', '0.00', '3.00', '3.00', 34, '', ''),
('72618356', 2, 'Paquete de foamy 10 unidades acanalados tama?o carta color morado', '0.00', '23.00', '23.00', 3, '', ''),
('72632635', 2, 'Libro empastado  de cuentas corrientes de 50 hojas 100 folios', '0.00', '19.00', '19.00', 108, '', ''),
('72652688', 2, '100 hoja jade constelacion tama?o carta de 230 gm', '0.00', '230.00', '230.00', 3, '', ''),
('72672211', 2, 'Pliego de papel de regalo dise?o de rayas de colores', '0.00', '2.00', '2.00', 3, '', ''),
('72782156', 2, 'Lapiz para Dibujo Faber-Castell Regent 250 2B', '5.00', '7.25', '7.25', 34, '', ''),
('72804438', 6, 'Base para extinguidor ', '310.00', '450.00', '450.00', 69, '', ''),
('72820162', 2, 'Hoja arcoiris tama?o oficio color morado ', '0.00', '2.00', '2.00', 3, '', ''),
('73001072', 2, '100 hojas con textura brullante tama?o carta ', '0.00', '230.00', '230.00', 3, '', ''),
('73013426', 2, '100 hojas calco brillante tama?o carta', '0.00', '230.00', '230.00', 3, '', ''),
('731000000000', 4, 'PELUCHE DE EMOJI', '0.00', '74.00', '74.00', 40, '', ''),
('7310000000000', 1, 'GRAPAS DE 14MM', '0.00', '12.00', '12.00', 27, '', ''),
('731015240043', 11, 'Emoticon Character Pillow', '54.80', '74.00', '74.00', 69, '', ''),
('731015240456', 11, 'Emoticon Tube Pillow', '38.50', '52.00', '52.00', 69, '', ''),
('7313466823001', 2, 'Grapas Rapid Soon 26/6 2000 pcs', '8.30', '12.00', '12.00', 27, '', ''),
('7313468695002', 1, 'Grapas Rapid Standard 23/14', '8.00', '11.75', '11.75', 27, '', ''),
('73327066', 2, 'Hoja de foamy escarchado tama?o carta color verde limon', '0.00', '3.00', '3.00', 3, '', ''),
('73394648', 2, 'Pliegos de papel bond color verde limon', '0.00', '3.00', '3.00', 3, '', ''),
('73619918', 2, 'Hoja bond tama?o carta color amarillo fluoresente', '0.00', '0.00', '0.00', 74, '', ''),
('73627128', 2, 'Pliegos de fieltro color morado lila ', '0.00', '14.00', '14.00', 3, '', ''),
('73638940', 2, 'Paquete de hojas bond de 100 unidades tama?o oficio color rosado ', '0.00', '33.00', '33.00', 74, '', ''),
('73716228', 6, 'Pizarr?n Peque?o ', '0.00', '80.00', '80.00', 72, '', ''),
('73721932', 2, 'Hoja fomy tama?o carta color caf?', '0.00', '1.00', '1.00', 3, '', ''),
('73790631', 2, 'Paquete de hojas bond de 100 unidades tama?o oficio color fusia', '0.00', '33.00', '33.00', 74, '', ''),
('73833352', 4, 'Caja cuadrada de regalo 26*26 cm (grande)', '0.00', '15.00', '15.00', 3, '', ''),
('7400000000000', 2, 'YESOS JUMBO ', '0.00', '19.00', '19.00', 5, '', ''),
('7400015302848', 2, 'Cuaderno para Solfa', '1.70', '2.50', '2.50', 3, '', ''),
('7400015302862', 2, 'Cuaderno de asistencia grande', '2.75', '4.00', '4.00', 3, '', ''),
('7401001460825', 1, 'Cinta de empaque económica', '18.60', '27.00', '27.00', 133, '', ''),
('7401007600010', 2, 'Temperas Tucan de 6 Colores', '13.25', '19.50', '19.50', 73, '', ''),
('7401007600027', 2, 'Crayones de Cera Tucan Jumbo 12 unidades', '0.00', '12.00', '12.00', 73, '', ''),
('7401007600034', 2, 'Caja de Temperas de 12 Colores Tucan', '27.50', '40.00', '40.00', 73, '', ''),
('7401007600171', 2, 'Plastilina Tucan 10 Colores', '0.00', '4.50', '4.50', 73, '', ''),
('7401007600386', 2, 'Caja de Crayones de Cera de 24 Colores Jumbo Tucan', '15.00', '22.00', '22.00', 73, '', ''),
('7401007600416', 2, 'Goma Escolar Tucan 4 Onzas', '3.45', '5.00', '5.00', 73, '', ''),
('7401007600423', 2, 'Goma Escolar 8 onzas Tucan', '6.25', '9.00', '9.00', 73, '', ''),
('7401007600645', 2, 'Yesos en barra de color blanco', '0.35', '0.50', '0.50', 73, '', ''),
('7401007600669', 2, 'Yesos en Barra de colores', '0.35', '0.50', '0.50', 73, '', ''),
('7401007600720', 2, 'Plasticina Tucan Blanco Barra Bloque', '0.00', '3.50', '3.50', 73, '', ''),
('7401007600782', 2, 'Ecco Tucan 12 Colores Hexagonal', '6.00', '9.00', '9.00', 73, '', ''),
('7401007600942', 2, 'Tempera Color Negro Tucan', '3.75', '2.59', '2.59', 73, '', ''),
('7401007600959', 2, 'Tempera Blanca Tucan', '2.59', '3.75', '3.75', 73, '', ''),
('7401007600966', 2, 'Tempera Verde', '2.59', '3.75', '3.75', 73, '', ''),
('7401007601741', 2, 'Sistema Solar Kreativa Arts & Craft ', '30.00', '44.00', '44.00', 73, '', ''),
('7401007601840', 2, 'Crayones Pastel Tucan de 24 Colores ', '12.90', '18.75', '18.75', 73, '', ''),
('7401007602366', 2, 'Crayones Pastel Tucan de 12 Colores', '15.20', '22.00', '22.00', 73, '', ''),
('7401007603172', 2, 'Cubeta Yesos Jumbo 15 Unidades Colores Surtidos ', '13.00', '19.00', '19.00', 73, '', ''),
('7401007604094', 2, 'Separador de Hojas Figuras de Animalitos ', '8.60', '12.50', '12.50', 73, '', ''),
('7401007604216', 2, 'Goma Escolar 500 Gramos Tucan', '11.00', '16.00', '16.00', 73, '', ''),
('7401007608849', 2, 'Paleta de colores ', '0.06', '0.09', '0.09', 73, '', ''),
('7401007608856', 2, 'Paletas naturales gruesas', '8.90', '13.00', '13.00', 73, '', ''),
('7401007608863', 2, 'Paquete de colores gruesa ', '9.65', '14.00', '14.00', 73, '', ''),
('7401007609303', 2, 'Tijeras Scissors Kreativa', '8.25', '12.00', '12.00', 73, '', ''),
('7401007611306', 2, 'Manualidades de Flores ', '12.00', '17.50', '17.50', 73, '', ''),
('7401007611320', 2, 'Ganchos de Madera', '7.60', '11.00', '11.00', 73, '', ''),
('7401007611337', 2, 'Ganchos de Madera de Colores ', '8.00', '11.50', '11.50', 73, '', ''),
('7401007612082', 10, 'Maya de Tela Para Manualidades', '7.75', '11.25', '11.25', 73, '', ''),
('7401007612167', 2, 'Bolsa De Pelo Para Manualidades Kreativa ', '9.65', '14.00', '14.00', 73, '', ''),
('7401007612174', 2, 'Plumas Grandes Para Manualidades ', '8.30', '12.00', '12.00', 73, '', ''),
('7401007612181', 2, 'Plumas Pequeñas  Para Decoración', '8.30', '12.00', '12.00', 73, '', ''),
('7401007612969', 2, 'Tempera Color Azul Celeste', '2.60', '3.75', '3.75', 73, '', ''),
('7401007613256', 2, 'Tempera con Dispensador Color Celeste', '20.00', '29.00', '29.00', 73, '', ''),
('7401007615113', 2, 'Cerca De Madera Kreativa', '8.45', '12.25', '12.25', 73, '', ''),
('7401007615137', 2, 'Abecedario De Madera Kreativa', '9.50', '13.75', '13.75', 73, '', ''),
('7401007615359', 2, 'Castillo Del Oeste De Madera Kreativa', '10.70', '15.50', '15.50', 73, '', ''),
('7401007618015', 2, 'Cara y Cuerpo Crayones Tucan', '5.00', '8.00', '8.00', 73, '', ''),
('7401007630185', 2, 'Tempera con Dispensador Color Cafe', '20.00', '29.00', '29.00', 73, '', ''),
('7401007630529', 2, 'Tempera con Dispensador Tucan Negra', '20.00', '29.00', '29.00', 73, '', ''),
('7401007632066', 2, 'Tempera con Dispensador Color Verde', '20.00', '29.00', '29.00', 73, '', ''),
('7401007633278', 2, 'Mallas Plasticas para Manualidades', '5.25', '7.50', '7.50', 69, '', ''),
('7401007660151', 2, 'TINTA PARA ALMOHADILLA SINA FINA COLOR AZUL', '3.45', '5.00', '5.00', 121, '', ''),
('7401007660175', 2, 'TINTA PARA ALMOHADILLA SINA FINA', '3.45', '5.00', '5.00', 121, '', ''),
('7401007699007', 2, 'Crayones de Cera de 12 Colores Jumbo Tucan', '8.00', '12.00', '12.00', 73, '', ''),
('7401007699052', 2, 'Títere', '15.15', '22.00', '22.00', 73, '', ''),
('7401043900747', 2, 'Libreta de Apuntes Amarilla', '3.10', '4.50', '4.50', 106, '', ''),
('7401065614295', 2, 'Libro Mega Actividades Español-Ingles Mis Pasitos', '0.00', '17.00', '17.00', 101, '', ''),
('7401091900317', 2, 'Block de Paperboxtoys Transportes ', '7.90', '11.50', '11.50', 69, '', ''),
('7401091901727', 2, 'Block ArielCover', '9.65', '14.00', '14.00', 149, '', ''),
('7401121300100', 3, 'Limpiador de pantallas 250ml', '29.00', '42.00', '42.00', 216, '', ''),
('7401133302352', 5, 'Toner NKT CB435A', '176.55', '256.00', '256.00', 26, '', ''),
('7401147300771', 2, 'Block Arcoiris con textura carta', '9.30', '13.50', '13.50', 164, '', ''),
('7401147300849', 2, 'Block construccion ', '6.70', '9.75', '9.75', 164, '', ''),
('74023615', 2, 'Hoja de foamy escarchado tama?o carta color caf? claro', '0.00', '3.00', '3.00', 3, '', ''),
('7406027003049', 2, 'Sobre Oficio Blanco', '0.21', '0.25', '0.25', 3, '', ''),
('7406027003056', 2, 'Sobre Postal Blanco Fast', '0.19', '0.25', '0.25', 3, '', ''),
('7406027003063', 2, 'Sobre Cuadrado Blanco Fast', '0.18', '0.25', '0.25', 3, '', ''),
('7406027007566', 2, 'CUENTA FACIL', '3.25', '4.75', '4.75', 3, '', ''),
('7406027009591', 2, 'Tinta para almohadilla Roll-on 2oz rojo', '5.50', '8.00', '8.00', 3, '', ''),
('7406027026901', 1, 'Cinta para Maquina de Escribir Doble Carrete Fast', '5.60', '8.25', '8.25', 3, '', ''),
('7406027029742', 2, 'Block cascara de huevo', '8.95', '13.00', '13.00', 3, '', ''),
('7406027029964', 2, 'Block astroBright', '11.00', '16.00', '16.00', 3, '', ''),
('7406027030878', 2, 'Block construccion ', '5.85', '8.50', '8.50', 3, '', ''),
('7406027030892', 2, 'Block animal print oficio ', '10.30', '15.00', '15.00', 3, '', ''),
('7406027034944', 2, 'Silicón Líquido PegaFast 250 ML', '9.65', '14.00', '14.00', 140, '', ''),
('7406027035712', 2, 'Pintura acrilica color amarillo 37 ml - Fast', '8.25', '12.00', '12.00', 3, '', ''),
('7406027035750', 2, 'Pintura acrilica color azul 37 ml - Fast', '8.25', '12.00', '12.00', 3, '', ''),
('7406027035767', 2, 'Pintura acrilica color blanco 37 ml - Fast', '8.25', '12.00', '12.00', 3, '', ''),
('7406027035781', 2, 'Pintura acrilica color morado 37 ml - Fast', '8.25', '12.00', '12.00', 3, '', ''),
('7406027035798', 2, 'Pintura acrilica color naranja 37 ml - Fast', '8.25', '12.00', '12.00', 3, '', ''),
('7406027035804', 2, 'Pintura acrilica color negra 37 ml - Fast', '8.25', '12.00', '12.00', 3, '', ''),
('7406027035811', 2, 'Pintura acrilica color rojo 37 ml - Fast', '8.25', '12.00', '12.00', 3, '', ''),
('7406027035835', 2, 'Pintura acrilica color rosado - Fast', '8.25', '12.00', '12.00', 3, '', ''),
('7406027035842', 2, 'Pintura acrilica color verde 37 ml - Fast', '8.25', '12.00', '12.00', 3, '', ''),
('7406027035873', 2, 'Pintura acrilica color Plata 37 ml - Fast', '8.25', '12.00', '12.00', 3, '', ''),
('7406027035880', 2, 'Pintura acrilica color oro 37 ml - Fast', '9.65', '14.00', '14.00', 3, '', ''),
('7406027037600', 2, 'Silicón Líquido Pega Fast 500ML', '17.25', '25.00', '25.00', 140, '', ''),
('7406027038928', 1, 'Base para cita adhesiva supra DF-30', '29.00', '42.00', '42.00', 3, '', ''),
('7406027040242', 2, 'Pintura acrilica color rojo intenso 37 ml - Fast', '8.25', '12.00', '12.00', 3, '', ''),
('7406027044752', 1, 'Almohadilla para Pizarron de Felpa Krea', '5.00', '7.00', '7.00', 17, '', ''),
('7406102010528', 2, 'Cuaderno de Cuadros de 100 Hojas LeBLANC', '2.75', '4.00', '4.00', 112, '', ''),
('7406102010566', 2, 'Cuaderno de cuadros de 40 Hojas LeBLANC', '1.25', '2.00', '2.00', 112, '', ''),
('7406102010573', 2, 'CUADERNO DE 4O HOJAS LeBLANC', '1.25', '2.00', '2.00', 112, '', ''),
('7406102010603', 2, 'Cuaderno de Cuadros de 80 Hojas LeBLANC', '2.56', '3.50', '3.50', 112, '', ''),
('7406102010610', 2, 'CUADERNO DE 80 HOJAS LeBLANC', '2.56', '3.50', '3.50', 112, '', ''),
('7406132000018', 11, 'Globos Surtidos STD', '4.50', '6.50', '6.50', 193, '', ''),
('7406132000025', 11, 'Globos Color Blanco STD', '0.25', '0.35', '0.26', 193, '', ''),
('7406132000032', 11, 'Globos Color Rojo STD', '0.25', '0.35', '0.26', 193, '', ''),
('7406132000049', 11, 'Globos Color Verde  STD', '0.25', '0.35', '0.26', 193, '', ''),
('7406132000056', 11, 'Globos Color Lima STD', '0.25', '0.35', '0.26', 193, '', ''),
('7406132000070', 11, 'Globos Color Azul STD', '0.25', '0.35', '0.26', 193, '', ''),
('7406132000087', 11, 'Globos Azul B.b', '0.25', '0.35', '0.26', 193, '', ''),
('7406132000094', 11, 'Globos Color Amarillo STD', '0.25', '0.35', '0.26', 193, '', ''),
('7406132000117', 11, 'Globos Color Rosa STD', '0.25', '0.35', '0.26', 193, '', ''),
('7406132000124', 11, 'Globos Color Fucsia STD', '0.25', '0.35', '0.26', 193, '', ''),
('7406132000131', 11, 'Globos Color Lavanda STD', '0.25', '0.35', '0.26', 193, '', ''),
('7406132000155', 11, 'Globos Surtidos Alargados STD', '6.90', '10.00', '10.00', 193, '', ''),
('7406132000179', 11, 'Globos Color Negro STD', '0.25', '0.35', '0.26', 193, '', ''),
('7406132000193', 11, 'Globos Color Oro Metalico', '0.32', '0.50', '0.35', 193, '', ''),
('7406132000209', 11, 'Globos Color Plata Metalico ', '0.32', '0.50', '0.35', 193, '', ''),
('7406132000216', 11, 'Globos Surtidos Neón ', '6.20', '9.00', '9.00', 193, '', ''),
('7406132000582', 11, 'Globos Surtido MTL Oro-Plata ', '6.90', '10.00', '10.00', 193, '', ''),
('7406132000735', 11, 'Globos Color Blanco Prl', '0.32', '0.50', '0.35', 193, '', ''),
('7406132000742', 11, 'Globos Color Rojo Prl', '0.32', '0.50', '0.35', 193, '', ''),
('7406132000766', 11, 'Globos Color Azul Zafiro', '0.32', '0.50', '0.35', 193, '', ''),
('7406132000773', 11, 'Globos Color Azul B,B Perla ', '0.32', '0.50', '0.35', 193, '', ''),
('7406132000780', 11, 'Globos Color Rosa B.B Prl ', '0.32', '0.50', '0.35', 193, '', ''),
('7406132000797', 11, 'Globos Color Fucsia Prl', '0.32', '0.50', '0.35', 193, '', ''),
('740617128147', 3, 'MicroSD Kingston de 8GB', '28.00', '40.00', '40.00', 7, '', ''),
('740617211726', 3, 'USB DataTraveler 100 de 64GB', '90.00', '135.00', '135.00', 7, '', ''),
('740617274646', 3, 'MicroSD 16GB Kifngston', '35.00', '50.00', '50.00', 7, '', ''),
('740617282290', 3, 'USB DataTraveler 64GB', '90.00', '135.00', '135.00', 7, '', ''),
('74062294', 2, 'Paquete de hojas bond de 100 unidades tama?o oficio color azul', '0.00', '33.00', '33.00', 74, '', ''),
('74067299', 2, 'Paquete de 25 unidades de hojas fomy tama?o color gris', '0.00', '23.00', '23.00', 3, '', ''),
('7408888817735', 2, 'Cartuchera Montague a Cuadros con Cara Transparente', '30.00', '44.00', '44.00', 54, '', ''),
('7408888833018', 2, 'Cartuchera Montague Diseño Animales', '45.00', '65.00', '65.00', 54, '', ''),
('7408888833025', 2, 'Cartuchera Montague Diseño Love Multicolor', '45.00', '65.00', '65.00', 54, '', ''),
('7408888833032', 2, 'Cartuchera Montague Gris con Rojo', '45.00', '65.00', '65.00', 54, '', ''),
('7408888833049', 2, 'Cartuchera Montague Diseño Paris', '45.00', '65.00', '65.00', 54, '', ''),
('7408888835012', 2, 'Cartuchera Montague Diseño Estrellas', '42.75', '62.00', '62.00', 54, '', ''),
('7408888835029', 2, 'Cartuchera Montague Diseño Azul con Anclas', '42.75', '62.00', '62.00', 54, '', ''),
('7408888836521', 2, 'Cartuchera Montague Lona Azul con Puntos', '44.00', '64.00', '64.00', 54, '', ''),
('7408888836545', 2, 'Cartuchera Montague color Beige con Diseños', '44.00', '64.00', '64.00', 54, '', ''),
('741000000000', 3, 'USB 64 GB', '0.00', '135.00', '135.00', 7, '', ''),
('7410000000000', 2, 'BORRADOR PARA PIZARRA ', '0.00', '7.00', '7.00', 17, '', ''),
('74100000000000', 1, 'Humedecedor de dedos Glicerina ', '0.00', '5.00', '5.00', 3, '', ''),
('7416500200032', 2, 'Cuaderno Espiral de Lineas de 100 Hojas', '6.25', '9.00', '9.00', 110, '', ''),
('7416500210130', 2, 'Cuaderno Espiral Pequeño de lineas 70 hojas', '3.60', '5.25', '5.25', 110, '', ''),
('7416500210154', 2, 'Cuaderno Espiral Pequeño de 70 hojas a cuadros', '3.60', '5.25', '5.25', 110, '', ''),
('7416500210994', 2, 'Cuaderno de Dibujo de 70 hojas', '4.80', '7.00', '7.00', 110, '', ''),
('7416500211571', 2, 'LIbreta para taquigrafia sin Espiral', '3.00', '4.50', '4.50', 207, '', ''),
('7416500226421', 2, 'Cuaderno Espiral de Dibujo de 100 Hojas', '6.25', '9.00', '9.00', 110, '', ''),
('7416500271230', 2, 'CUADERNO ESPIRAL DE CUADROS DE 100 HOJAS ', '6.00', '9.00', '9.00', 110, '', ''),
('7416500272275', 2, 'Cuaderno Espiral de Lineas de 70 Hojas', '4.75', '7.00', '7.00', 110, '', ''),
('7416500272299', 2, 'CUADERNO ESPIRAL DE 70 HOJAS DE CUADROS', '4.75', '7.00', '7.00', 110, '', ''),
('7416500272305', 2, 'Cuaderno Espiral de Cuadros de 5mm 70 Hojas', '4.85', '7.00', '7.00', 110, '', ''),
('7416500272312', 2, 'Cuaderno de Dibujo Espiral 70 hojas', '4.80', '7.00', '7.00', 110, '', ''),
('7416501930037', 2, 'Folder carta de color Naranja ', '0.85', '1.05', '1.25', 177, '', ''),
('7416501930044', 2, 'Folder carta de color Amarillo', '0.85', '1.25', '1.05', 177, '', ''),
('7416501930051', 2, 'Folder carta de color Rojo', '0.85', '1.25', '1.05', 177, '', ''),
('7416501930068', 2, 'Folder carta de color Azul', '0.85', '1.25', '1.05', 177, '', ''),
('7416501930075', 2, 'Folder carta de color Verde Oscuro', '0.85', '1.25', '1.05', 177, '', ''),
('7416501930099', 2, 'Folder carta de color Aqua', '0.85', '1.25', '1.05', 177, '', ''),
('7416501930198', 2, 'Folder carta de color Rosado', '0.85', '1.25', '1.05', 177, '', ''),
('7416501930204', 2, 'Folder carta de color Celeste', '0.85', '1.25', '1.05', 177, '', ''),
('7416501953500', 2, 'Folder carta de color Fucsia', '0.85', '1.25', '1.05', 177, '', ''),
('7416501953555', 2, 'Folder carta natural ', '0.69', '0.75', '0.75', 69, '', ''),
('7416601800001', 2, 'Diccionario español ingles', '11.00', '16.00', '16.00', 169, '', ''),
('7420000000000', 2, 'Cuaderno multimareria garage art de lineas 150 hojas ', '0.00', '42.00', '42.00', 24, '', ''),
('7421000603658', 1, 'Cuaderno Espiral Multimateria Sweetheart Pasta Dura', '40.00', '54.00', '54.00', 96, '', ''),
('7421000603788', 2, 'Cuaderno Espiral Multimateria Quick Pasta Dura', '40.00', '54.00', '54.00', 96, '', ''),
('7421000603795', 2, 'Cuaderno Multimateria Ladybug', '19.00', '42.00', '42.00', 96, '', ''),
('7421000603825', 2, 'Cuaderno Multimateria Garage Art 150 hojas', '19.00', '42.00', '42.00', 96, '', ''),
('7421000603832', 2, 'Cuaderno Multimateria Sweetheart', '19.00', '42.00', '42.00', 96, '', ''),
('7421000603924', 2, 'Cuaderno Espiral Multimateria No Limits Pasta Dura', '40.00', '54.00', '54.00', 96, '', ''),
('7421000603931', 2, 'Cuaderno No Limits Multimateria 150 hojas', '19.00', '42.00', '42.00', 96, '', ''),
('7421000604426', 2, 'Cuaderno Espiral Multimateria Quick Pasta Dura', '40.00', '54.00', '54.00', 96, '', ''),
('7421000604464', 2, 'CUADERNO PLANNER MULTIMATERIA 150 Hojas', '19.00', '42.00', '42.00', 96, '', ''),
('7421000604471', 2, 'Cuaderno Multimateria Quick 5 Materias', '19.00', '42.00', '42.00', 96, '', ''),
('7421000604570', 2, 'Cuaderno Espiral de Lineas Garage de 100 Hojas', '10.00', '14.50', '14.50', 96, '', ''),
('7421000604600', 2, 'Cuaderno Espiral de Lineas de 100 Hojas Sweetheart', '10.00', '14.50', '14.50', 96, '', ''),
('7421000605119', 2, 'Cuaderno Multimateria TizArt Quick', '19.00', '42.00', '42.00', 96, '', ''),
('7421000605331', 2, 'Cuaderno Espiral de Cuadros de 100 hojas Garage', '10.00', '14.50', '14.50', 96, '', ''),
('7421000605348', 2, 'Cuaderno Espiral de Cuadros Sweetheart', '10.00', '14.50', '14.50', 96, '', ''),
('7421000605355', 2, 'Cuaderno Espiral Multimateria Quick Raices Pasta Dura', '40.00', '54.00', '54.00', 96, '', ''),
('7421000605379', 2, 'Cuaderno Quick Multimateria Querido Dios', '19.00', '42.00', '42.00', 96, '', ''),
('7426500800125', 2, 'Libreta para taquigrafia color Gris con Espiral', '3.25', '4.75', '4.75', 206, '', ''),
('7426500801528', 2, 'Caja de Crayones de 12 Colores Vivo ', '6.50', '9.75', '9.75', 85, '', ''),
('7426500805571', 2, 'Cuaderno Multimateria Pequeño Studio', '7.00', '15.50', '15.50', 97, '', ''),
('7426500805601', 2, 'Cuaderno Espiral Pasta Dura de 100 hojas a Cuadros 2 materias', '13.50', '19.50', '19.50', 203, '', ''),
('7426500805724', 2, 'Cuaderno Empastado Pequeño de Cuadros de 100 hojas', '8.25', '12.00', '12.00', 203, '', ''),
('7426500810636', 2, 'Cuaderno Cosido Pequeño de Lineas Vivo', '4.75', '7.00', '7.00', 85, '', ''),
('7426500812319', 2, 'Cuaderno de Dibujo Pequeño Vivo', '4.75', '7.00', '7.00', 85, '', ''),
('7426500812333', 2, 'Cuaderno de Dibujo Grande Cosido Vivo', '5.50', '8.00', '8.00', 85, '', ''),
('7426500812340', 2, 'CUADERNO COCIDO GRANDE DE DOBLE LINEAS COLOR VIVO', '5.25', '8.00', '8.00', 85, '', ''),
('7426500812425', 2, 'Libreta de Apuntes Be Revolution Pepe', '1.25', '2.25', '2.25', 199, '', ''),
('7426500812715', 2, 'Cuaderno Cosido Pequeño de Cuadros Vivo 100 Hojas', '4.75', '7.00', '7.00', 85, '', ''),
('7426500812739', 2, 'CUADERNO COCIDO PEQUEÑO DE DOBLE LINEA COLOR VIVO', '4.75', '7.00', '7.00', 85, '', ''),
('7426500822226', 2, 'Cuaderno Cosido Grande de Lineas Vivo', '5.50', '8.00', '8.00', 85, '', ''),
('7426500822233', 2, 'Cuaderno Cosido Grande de Cuadros de 100 Hojas Vivo', '5.50', '8.00', '8.00', 85, '', ''),
('7426500845027', 2, 'Libreta de Taquigrafia Color Morado con Espiral', '3.25', '4.75', '4.75', 204, '', ''),
('7426500894155', 2, 'Cuaderno Vivo  Milimetrado de 100 Hojas Pacasa', '2.75', '4.00', '4.00', 85, '', ''),
('7430000000000', 2, 'Crayones de madera vivo 12 colores', '0.00', '10.00', '10.00', 13, '', ''),
('7440000000000', 2, 'TABLA TIPO SHANON CARTA ', '0.00', '14.00', '14.00', 63, '', ''),
('7441005200041', 2, 'Goma Blanca Resistol 2 Onzas', '2.58', '3.75', '3.75', 162, '', ''),
('7441005200218', 2, 'Caja de Pintura para Dedos de 6 Colores', '16.00', '24.00', '24.00', 74, '', ''),
('7441005210408', 2, 'GALON DE RESISTOL', '86.00', '125.00', '125.00', 162, '', ''),
('7441035388429', 2, 'Goma Blanca Pega Pronto Resistol 4 Onzas', '5.35', '7.75', '7.75', 162, '', ''),
('7441035388436', 2, 'Pegamento PegaPronto Resistol Goma Blanca', '8.80', '12.75', '12.75', 162, '', ''),
('7441046321507', 1, 'Tabla AMPO Shanon Tamaño Carta de Madera', '12.50', '18.00', '18.00', 63, '', ''),
('7441046359395', 1, 'LEITX', '10.90', '16.00', '16.00', 63, '', ''),
('7441046359418', 1, 'LEITX ARCHIVADOR T-835', '12.35', '18.00', '18.00', 63, '', ''),
('7441086950033', 2, 'Stickers Cristianos', '7.75', '11.25', '11.25', 69, '', ''),
('7441118627803', 11, 'Bolsa de Regalo Huevo Cartón ', '2.75', '4.00', '4.00', 69, '', ''),
('7445045022083', 6, 'Lampara Grande GERMAN TEK para Escritorio', '100.00', '145.00', '145.00', 55, 'LBLGQM011', 'E27 Max 40 W'),
('7445045023967', 6, 'Lampara para Escritorio GERMAN TEK Grande estilo Pixar', '67.60', '98.00', '98.00', 55, 'LE2429A', 'E27 MAX 40 W'),
('7445045024483', 1, 'BASURERO DE METAL 5L HOME', '54.50', '79.00', '79.00', 59, '', ''),
('7445045024490', 1, 'BASURERO DE METAL 20L HOME', '113.00', '165.00', '165.00', 59, '', ''),
('7445045027040', 6, 'Lampara para Escritorio GERMAN TEK Pequeña Blanca', '75.85', '110.00', '110.00', 55, 'LE1520', '5W 25 LEDS'),
('7445045027071', 6, 'Lampara Pequeña para Escritorio GERMAN TEK', '85.50', '124.00', '124.00', 55, 'LE1520C', '5 W 25 LEDS'),
('7445074000359', 2, 'Cuaderno Multimatera Fast Cars', '33.00', '48.00', '48.00', 208, '', ''),
('7450000000000', 4, 'ROMPECABEZAS EDUCATIVO DE MADERA ', '0.00', '33.00', '33.00', 21, '', ''),
('7450007498578', 2, 'Figuras Foamy Insectos 3D', '4.50', '6.50', '6.50', 21, '', ''),
('7450007609622', 2, 'Figuras Foamy Animales de la Granja ', '4.50', '6.50', '6.50', 21, '', ''),
('7450007736885', 2, 'Foamy Forma Pelota de Fútbol', '6.90', '10.00', '10.00', 21, '', ''),
('7450007736960', 2, 'Bolsa de estrellas de foamy escarchadas', '8.60', '12.50', '12.50', 21, '', ''),
('7450007888133', 2, 'Adhesivos de Mariposas ', '2.07', '3.00', '3.00', 21, '', ''),
('7450007888195', 2, 'Stickers Adhesivos Láser Animes', '2.10', '3.00', '3.00', 21, '', ''),
('7450007888201', 2, 'Stickers Mariposas ', '2.07', '3.00', '3.00', 21, '', ''),
('7450007888249', 2, 'Stickers Adhesivos Animales Marinos', '2.10', '3.00', '3.00', 21, '', ''),
('7450007888256', 2, 'Stickers Adhesivos Láser Corazones', '2.10', '3.00', '3.00', 21, '', ''),
('7450008117980', 10, 'Rompecabezas educativo de madera de figuras geométricas', '22.75', '33.00', '33.00', 21, '', ''),
('7450008117997', 10, 'Partes del Cuerpo Madera Juego Rompecabezas', '22.00', '33.00', '33.00', 21, '', ''),
('7450008118017', 10, 'Rompecabezas educativos de madera Números', '22.75', '33.00', '33.00', 21, '', ''),
('7450008459783', 1, 'Perforadora de 3 huecos  Merletto', '30.70', '44.50', '44.50', 21, '', ''),
('7450008487984', 2, 'Figuras Foamy Vehiculos ', '4.50', '6.50', '6.50', 21, '', ''),
('7450008487991', 2, 'Figuras Foamy Insectos ', '4.50', '6.50', '6.50', 21, '', ''),
('7450008488028', 2, 'Figuras Foamy Marinas', '4.50', '6.50', '6.50', 21, '', ''),
('7450008488035', 2, 'Figuras Foamy Animales de la Granja ', '5.50', '8.00', '8.00', 21, '', ''),
('7450008861197', 2, 'Stickers Abcedario y Números', '10.75', '14.00', '14.00', 21, '', ''),
('7450008861234', 2, 'Sticker Cool  Boy/Girl', '9.70', '14.00', '14.00', 21, '', ''),
('7450008861241', 2, 'Stickers Chico/Chica única/único', '9.70', '14.00', '14.00', 21, '', ''),
('7450008861258', 2, 'Stickers  Graduación y Estudios', '9.70', '14.00', '14.00', 21, '', ''),
('7450008861272', 2, 'Adhesivos de Alto Relieve Emoticones ', '9.70', '14.00', '14.00', 21, '', ''),
('7450008861289', 2, 'Adhesivos de Alto Relieve Vida Marina ', '9.70', '14.00', '14.00', 21, '', ''),
('7450008861296', 2, 'Adhesivos de Alto Relieve Perritos', '9.70', '14.00', '14.00', 21, '', ''),
('7450008861302', 2, 'Stickers Vehíchulos', '9.70', '14.00', '14.00', 21, '', ''),
('7450008861319', 2, 'Stickers Deporte', '9.70', '14.00', '14.00', 21, '', ''),
('7450008861791', 2, 'Bolsa de adhesivos de foamy escarchados', '9.65', '14.00', '14.00', 21, '', ''),
('7450011019622', 2, 'Encaje color Blanco 1 Yarda', '4.25', '6.20', '6.20', 215, '', ''),
('7450011037039', 2, 'Encaje Multicolor con Diseño 1 Yarda', '3.60', '5.25', '5.25', 215, '', ''),
('7450011037046', 2, 'Encaje Multicolor con Estrellas 1 Yarda', '3.00', '4.35', '4.35', 215, '', ''),
('7450011037060', 2, 'Encaje Multicolor con Flores 1 Yarda', '3.60', '5.25', '5.25', 215, '', ''),
('7450011037077', 2, 'Encaje Multicolor con Mariposas 1 Yarda', '5.25', '7.50', '7.50', 215, '', ''),
('7450011129437', 2, 'Aguja', '1.40', '2.00', '2.00', 69, '', ''),
('74518869', 5, 'BILLETERA ESTILO ARMANDO', '0.00', '135.00', '135.00', 47, '', ''),
('7453010040079', 2, 'Sistema Muscular En Foami', '4.15', '6.00', '6.00', 237, '', ''),
('7453015100631', 1, 'Cajita Magnetica Porta Clips de Oficina', '3.80', '5.50', '5.50', 28, '', ''),
('7453015101874', 1, 'Bolsa de bandas elásticas de 1/4 Lb.', '5.50', '8.00', '8.00', 28, '', ''),
('7453015101966', 1, 'Engrapadora metálica de Largo Alcance', '45.00', '63.00', '63.00', 28, '', ''),
('7453015102031', 2, 'Cinta adhesiva invisible ', '3.45', '5.00', '5.00', 28, '', ''),
('7453015102499', 2, 'Grapas Studmark 8mm 1000 pzs 23-8', '6.00', '8.75', '8.75', 28, '', ''),
('7453015102529', 1, 'Grapas Studmark 15 mm 1000 pzs 23/15', '8.50', '12.25', '12.25', 28, '', ''),
('7453015102543', 1, 'Grapas Studmark 20 mm 1000 pzs 23/20', '11.50', '16.50', '16.50', 28, '', ''),
('7453015104813', 1, 'Bolsa Plastica Verde Studmark para Documentos Vertical con Cuerda', '3.00', '5.50', '5.50', 28, '', ''),
('7453015104851', 2, 'Bolsas Estilo Ziplock', '2.75', '4.00', '4.00', 28, '', ''),
('7453015105209', 2, 'COMPAS EN BLISTER T-8001', '3.75', '5.50', '5.50', 81, '', ''),
('7453015106664', 2, 'Acordeon Glass A-4', '25.00', '37.00', '37.00', 28, '', ''),
('7453015106787', 2, 'Folder Glass Studmark Plastico con Clip Giratorio Oficio', '6.50', '9.50', '9.50', 28, '', ''),
('7453015108620', 2, 'Acordeon Super Liso Multicolor Neón', '26.00', '38.00', '38.00', 28, '', ''),
('7453015108941', 2, 'Crayones de Cera Tody de 12 Colores', '6.50', '10.00', '10.00', 81, '', ''),
('7453015108996', 2, 'Acordeon Studmark Neon Expandible 13 Divisiones Multicolor', '29.00', '42.00', '42.00', 28, '', ''),
('7453015109771', 2, 'Ganchos de Colores para Folder - Blinder Fastener', '2.50', '3.50', '3.50', 28, '', ''),
('7453015110494', 2, 'Acordeon Orion', '26.00', '38.00', '38.00', 28, '', ''),
('7453015110593', 2, 'Folder Studmark Orion Multicolor Tamaño Carta', '5.50', '8.00', '8.00', 28, '', ''),
('7453015110609', 2, 'Folder Orion Plastico de Colores Studmark Oficio Studmark', '7.00', '10.00', '10.00', 28, '', ''),
('7453015112382', 1, 'Tabla de Madera con Gancho PortaPapeles 9 x 14', '9.00', '13.00', '13.00', 28, '', ''),
('7453015112443', 6, 'Guillotina paper trimmer', '150.00', '230.00', '230.00', 28, '', ''),
('7453015113563', 2, 'Folder Cut Line Color Negro Transparente Bandas Elasticas A4', '6.75', '9.75', '9.75', 28, '', ''),
('7453015115260', 2, 'Acordeon Pequeño Studmark Multicolor 13 Divisiones', '12.75', '18.50', '18.50', 28, '', ''),
('7453015115338', 2, 'Studmark Folder Plastico Colores Transparente A4', '8.00', '11.00', '11.00', 28, '', ''),
('7453015121735', 2, 'Portacarnet - ID Card', '1.75', '2.50', '2.50', 69, '', ''),
('7453015121759', 2, 'Portacarnet - Tarjeta de Exhibicion', '1.75', '2.50', '2.50', 69, '', ''),
('7453015121803', 2, 'Laminas de Corcho Studmark', '3.00', '4.50', '4.50', 28, '', ''),
('7453015122022', 2, 'LAPICERO 0.7 MM DE COLOR NEGRO STUDMARK', '1.75', '2.75', '2.75', 28, '', ''),
('7453015122596', 1, 'Bolsa de bandas elásticas No.18 de colores de 1/4 de libra', '5.50', '8.00', '8.00', 28, '', ''),
('7453015122640', NULL, 'Cuchilla grande roja de bolsa', '0.00', '9.50', '0.00', NULL, '', ''),
('7453015124286', 6, 'Caja de metal para dinero 12 pulgadas', '117.00', '170.00', '170.00', 28, '', ''),
('7453015124378', 5, 'FUNDA PARA LAPTOP ', '67.50', '98.00', '98.00', 28, '', ''),
('7453015124866', 1, 'Engrapadora PWS 200 Studmark', '35.00', '52.00', '52.00', 28, '', ''),
('7453015125818', 2, 'etiqueetas fomi', '6.20', '9.00', '9.00', 81, '', ''),
('7453015132953', 2, 'Perforadora Craft Punch ', '46.90', '68.00', '68.00', 28, '', ''),
('7453015133202', 1, 'DESK ORGANIZER ORGANIZADOR DE ESCRITORIO', '26.20', '38.00', '38.00', 28, '', ''),
('7453015138696', 2, 'Acordeon Multicolores', '30.00', '20.00', '20.00', 28, '', ''),
('7453015139907', 2, 'Sacapuntas doble agujero de balon de futbol', '0.00', '5.90', '5.90', 28, '', ''),
('7453015148275', 2, 'Botones Magneticos ', '7.30', '10.50', '10.50', 28, '', ''),
('7453015148916', 6, 'Set para oficina', '62.00', '90.00', '90.00', 28, '', ''),
('7453015148930', 6, 'Revistero de pared', '62.00', '90.00', '90.00', 28, '', ''),
('7453038426978', 2, 'Abecedario  de Foamy', '10.35', '15.00', '15.00', 145, '', ''),
('7453078532899', 2, 'Juego de 12 Sellos con Tinta', '17.25', '25.00', '25.00', 145, '', ''),
('74711444019', 1, 'ENGRAPADORA GRANDE 444', '0.00', '65.00', '65.00', 29, '', ''),
('74749560', 2, 'Paquete de foamy tohalla de 10 unidades tama?o carta color verde limon', '0.00', '23.00', '23.00', 3, '', ''),
('74817740', 2, 'Paquete de foamy tohalla de 10 unidades tama?o carta color rojo', '0.00', '23.00', '23.00', 3, '', ''),
('74927890', 2, 'pliego papel lustre color morado lila', '0.00', '1.00', '1.00', 3, '', ''),
('74934904', 2, 'Hoja bond tama?o carta color negro ', '0.00', '0.00', '0.00', 74, '', ''),
('74937271', 2, 'Pizzarra Pequeña Estilo Rotafolio', '275.00', '375.00', '375.00', 72, '', ''),
('74950485', 2, 'Paquete de foamy tohalla de 10 unidades tama?o carta color morado lila', '0.00', '23.00', '23.00', 3, '', ''),
('74988570', 2, 'Pliego de papel de regalo de princesas ', '1.35', '2.00', '2.00', 3, '', ''),
('7500000000000', 1, 'CUCHILLA PEQUE?A ', '0.00', '2.00', '2.00', 32, '', ''),
('75006679', 2, 'Goma en barra de 22g Pritt', '0.00', '13.00', '13.00', 67, '', ''),
('7501015213421', 2, 'MARCATODO DE COLOR ROSADO', '4.50', '6.50', '6.50', 213, '', ''),
('7501015213445', 2, 'MARCATODO DE COLOR ROJO', '4.50', '6.50', '6.50', 213, '', ''),
('7501030611394', 2, 'Caja de Lapices de 12 Colores PrismaColor Punta Gruesa', '24.00', '35.00', '35.00', 82, '', ''),
('7501030611400', 2, 'Caja de Crayones de 24 Colores Punta Gruesa PrismaColor', '51.50', '75.00', '75.00', 82, '', ''),
('7501030611417', 2, 'Caja de Lapices de 36 Colores PrismaColor Punta Gruesa', '86.00', '105.00', '86.00', 82, '', ''),
('7501030682325', 2, 'ESTUCHE DE LAPICEROS DE 8 COLORES KILOMETRICO', '11.20', '16.25', '16.25', 114, '', ''),
('7501091808832', 2, 'Cartapasio tamaño carta con hojas para mujer', '54.00', '78.00', '78.00', 107, '', ''),
('7501091808856', 2, 'Cartapasio con hojas para hombre', '54.00', '78.00', '78.00', 107, '', ''),
('7501091815182', 11, 'Caja de Regalo Diseño Disney', '19.00', '27.00', '27.00', 69, '', ''),
('7501091825129', 11, 'Bolsa de Regalo Corazón Estilo Variado', '2.75', '4.00', '4.00', 69, '', ''),
('7501091899120', 2, 'Poster de Disney', '16.70', '24.50', '24.50', 69, '', ''),
('7501091899632', 11, 'Bolsa de Regalo Madre Amamantando', '3.80', '5.50', '5.50', 69, '', ''),
('7501137380025', 2, 'Goma Blanca Pega Fast 2.10 Onzas', '2.58', '3.75', '3.75', 140, '', ''),
('7501137380032', 2, 'Goma Blanca Pega Fast 4.38 Onzas', '3.79', '5.50', '5.50', 140, '', ''),
('7501137380049', 2, 'Goma Blanca Pega Fast 8.76 Onzas', '6.55', '9.50', '9.50', 140, '', ''),
('7501137380063', 2, 'Bote de goma PegaFast 1/8 de Galón', '10.35', '15.00', '15.00', 140, '', ''),
('7501199472485', 2, 'Goma en Barra 42g Pritt', '13.50', '19.50', '19.50', 139, '', ''),
('7501214902539', 2, 'Tijera de Costura', '33.00', '48.00', '48.00', 90, '', ''),
('7501214905042', 2, 'Pintura acrilica color azul cielo 37 ml - Barrilito', '8.25', '12.00', '12.00', 90, '', ''),
('7501214905073', 2, 'Pintura acrilica color azul ultramar 37 ml - Barrilito', '8.25', '12.00', '12.00', 90, '', ''),
('7501214906001', 2, 'Pintura acrilica color plata 37 ml - Barrilito', '9.65', '14.00', '14.00', 90, '', ''),
('7501214910329', 2, 'Paquete de palitos de madera de colores', '5.00', '7.25', '7.25', 90, '', ''),
('7501214918219', 2, 'Folder Plastico Tamaño Oficio ACME Multicolores', '3.80', '5.50', '5.50', 233, '', ''),
('7501214921028', 2, 'CALIMETRO ', '14.50', '21.00', '21.00', 90, '', ''),
('7501214921653', 2, 'Palitos De Maderas Natural', '5.00', '7.25', '7.25', 90, '', ''),
('7501214922223', 2, 'Crayones 8 Colores Barrilito', '12.00', '18.00', '18.00', 90, '', ''),
('7501214950035', 2, 'Tijera Patron de Corte Ondas Grekas', '8.25', '12.00', '12.00', 90, '', ''),
('7501214950042', 2, 'Tijera de Patron de Corte Zipper Grekas', '8.25', '12.00', '12.00', 90, '', ''),
('7501214950066', 2, 'Tijera Patron de Corte Greka 5', '8.25', '12.00', '12.00', 90, '', ''),
('7501214986447', 2, 'Foamy Barrilito Color Morado', '5.20', '7.50', '7.50', 90, '', ''),
('7501214986485', 2, 'Foamy Color Rojo ', '5.20', '7.50', '7.50', 90, '', ''),
('7501214986522', 2, 'Foamy Color verde ', '5.20', '7.50', '7.50', 90, '', ''),
('7501249820419', 2, 'Block de Papel Ecológico de colores de 250 hojas', '39.30', '54.00', '54.00', 69, '', ''),
('7501372120202', 6, 'ventilador de ', '320.00', '475.00', '450.00', 58, '', ''),
('7501428700778', 10, 'Limpia pizarrones 237ml', '17.25', '25.00', '25.00', 120, '', ''),
('7501434690100', 2, 'Estuche para Lapices Wacky Box', '22.00', '32.00', '32.00', 134, '', ''),
('7501434690148', 2, 'Estuche para Lapices Wacky Double', '22.00', '32.00', '32.00', 134, '', ''),
('7501434690407', 2, 'Botiquin Beauty Box', '68.00', '98.00', '98.00', 138, '', ''),
('7501449715003', 2, 'TINTA PARA SELLOS DE COLOR AZUL ', '5.15', '7.50', '7.50', 122, '', ''),
('7501449715010', 2, 'TINTA PARA SELLOS ROLON NEGRO', '5.15', '7.50', '7.50', 122, '', ''),
('7501449717380', 1, 'COJIN PARA SELLOS COLOR NEGRO', '6.20', '9.00', '9.00', 122, '', ''),
('7501555684620', 11, 'Bolsa de Regalo con Diseño de Barco Mediano', '5.90', '8.50', '8.50', 69, '', ''),
('7501832656326', 11, 'Bolsa de Regalo Mediana Diseño de Flores ', '6.20', '9.00', '9.00', 69, '', ''),
('7501832690344', 11, 'Bolsa para Regalos Pequeña Diseño de Rosa Blanca ', '5.20', '7.50', '7.50', 69, '', ''),
('7501875910522', 2, 'Sistema Solar', '7.25', '10.50', '10.50', 69, '', '');
INSERT INTO `producto` (`idproducto`, `idCategoria`, `nombre`, `preciocosto`, `precioSugerido`, `precioTop`, `marca`, `serie`, `modelo`) VALUES
('7502211250647', 11, 'Globos Color Naranja STD', '0.25', '0.35', '0.26', 193, '', ''),
('7502212170395', 2, 'Cinta invisible MAE de 18mm', '5.50', '8.00', '8.00', 36, '', ''),
('7502212174546', 2, 'Porta Gafete Transparente Vertical con Broche', '1.75', '2.50', '2.50', 36, '', ''),
('7502237301439', 2, 'BORRADOR TIPO MIGAJO', '1.50', '2.25', '2.25', 36, '', ''),
('7502270052541', 1, 'CARTAPACIO ANARANJADO CON FUNDA KYMA', '16.75', '25.00', '25.00', 200, '', ''),
('7502270052558', 1, 'CARTAPACIO VERDE CON FUNDA KYMA', '16.75', '25.00', '25.00', 200, '', ''),
('7502276743801', 10, 'Bata Escolar Completa', '22.00', '32.00', '32.00', 32, '', ''),
('7502276747076', 2, 'Goma en Barra 20g Pega Fast', '9.30', '13.50', '13.50', 140, '', ''),
('7502276747670', 2, 'Estuche de Marcadores Colorful Punta Biselada 12 Colores', '0.00', '26.00', '26.00', 3, '', ''),
('7503002920534', NULL, 'Cuchilla mediana amarilla de bolsa', '0.00', '3.25', '0.00', NULL, '', ''),
('7503002920541', NULL, 'Cuchilla pequeña amarilla', '0.00', '2.00', '0.00', NULL, '', ''),
('7503002923146', 2, 'Caja de Crayones Pequeños de 12 Colores Fast', '3.25', '4.75', '4.75', 3, '', ''),
('7503002923160', 2, 'Crayones de Madera 12 Colores Fast', '6.50', '9.75', '9.75', 3, '', ''),
('7503002923177', 2, 'Crayones de Madera de 24 Colores Fast', '12.50', '18.50', '18.50', 3, '', ''),
('7503002923191', NULL, 'JUEGO GEOMETRICO PEQUEÑO', '0.00', '5.50', '0.00', NULL, '', ''),
('7503002923207', NULL, 'JUEGO GEOMETRICO FAST', '0.00', '7.50', '0.00', NULL, '', ''),
('7503002926093', 2, 'Caja de Crayones Pastel de 36 Colores Fast', '17.25', '25.00', '25.00', 3, '', ''),
('7503002928639', 2, 'Pliego de papel crepe color fucsia', '1.72', '2.50', '2.25', 3, '', ''),
('7503002930748', 2, 'Pliego de papel crepe color rojo', '1.72', '2.50', '2.25', 3, '', ''),
('7503002930762', 2, 'Pliego de papel crepe color rosado', '1.72', '2.50', '2.25', 3, '', ''),
('7503002930779', 2, 'Pliego de papel crepe color azul', '1.72', '2.50', '2.25', 3, '', ''),
('7503002930786', 2, 'Pliego de papel crepe color celeste', '1.72', '2.50', '2.25', 3, '', ''),
('7503002930793', 2, 'Pliego de papel crepe color verde limon', '1.72', '2.50', '2.25', 3, '', ''),
('7503002930809', 2, 'Pliego de papel crepe color naranja', '1.72', '2.50', '2.25', 3, '', ''),
('7503002930823', 2, 'Pliego de papel crepe color negro', '1.72', '2.50', '2.25', 3, '', ''),
('7503002930830', 2, 'Pliego papel crepe color blanco', '1.72', '2.50', '2.25', 3, '', ''),
('7503002930854', 2, 'Pliego de papel crepe color morado', '1.72', '2.50', '2.25', 3, '', ''),
('7503002930861', 2, 'Pliego de papel crepe color cafe', '1.72', '2.50', '2.25', 3, '', ''),
('7503002930878', 2, 'Pliego de papel crepe color amarillo fuerte', '1.72', '2.50', '2.25', 3, '', ''),
('7503002930885', 2, 'Pliego de papel crepe color verde oscuro', '1.72', '2.50', '2.25', 3, '', ''),
('7503002942284', 2, 'Goma en Barra 8g Pega Fast', '2.50', '3.75', '3.75', 140, '', ''),
('7503003096412', 2, 'Rafia Decorativa', '6.25', '9.00', '9.00', 211, '', ''),
('75030407', 2, 'Hoja delgada brillande con ondas tama?o carta ', '0.00', '2.00', '2.00', 3, '', ''),
('7506129424763', 2, 'CUADERNO DE DIBUJO DE 80 HOJAS MEOW', '2.56', '3.50', '3.50', 111, '', ''),
('7506129424787', 2, 'Cuaderno de cuadros de 80 Hojas Scribe', '2.56', '3.50', '3.50', 111, '', ''),
('7506129424800', 2, 'CUADERNO DE DOBLE LINEA DE 80 HOJAS SCRIBE', '2.56', '3.50', '3.50', 111, '', ''),
('7506129424824', 2, 'CUADERNO DE LINEAS DE  100 HOJAS SCRIBE', '2.75', '4.00', '4.00', 111, '', ''),
('7506129424848', 2, 'Cuaderno de cuadros de 100 Hojas scribe', '2.75', '4.00', '4.00', 111, '', ''),
('7506129424862', 2, 'CUADERNO DE DIBUJO DE 100', '2.75', '4.00', '4.00', 111, '', ''),
('7506129424886', 2, 'CUADERNO DE DOBLE LINEA DE 100 HOJAS SCRIBE', '2.75', '4.00', '4.00', 111, '', ''),
('7506129428099', 2, 'Cuaderno Espiral de Lineas Minioms de 100 hojas', '22.00', '32.00', '32.00', 111, '', ''),
('7506129432324', 2, 'Cuaderno Espiral de Lineas de 90 hojas Marvel', '20.00', '29.00', '29.00', 111, '', ''),
('7510000000000', 2, 'Cuaderno espiral de lineas de 100 hojas mi villano favorito', '0.00', '32.00', '32.00', 39, '', ''),
('75179700', 6, 'Sillas de espera dobledizas alcochonadas ', '130.00', '220.00', '190.00', 66, '', ''),
('75242022', 2, 'Hoja de foamy escarchado tama?o carta color rojo', '0.00', '3.00', '3.00', 3, '', ''),
('75491710', 2, 'Hoja foamy acanalado tama?o carta color celeste', '0.00', '2.00', '2.00', 3, '', ''),
('75731243', 1, 'Armario con manesia de lujo ', '1178.00', '1710.00', '1650.00', 122, '', ''),
('758000000000', 2, 'MOCHILA INFANTIL', '0.00', '110.00', '110.00', 53, '', ''),
('758380001666', 2, 'Mochila Infantil Estilo Cupcake', '81.50', '110.00', '110.00', 53, '', ''),
('758380001772', 2, 'Cartuchera Sierra Madre Color Marron', '29.00', '42.00', '42.00', 53, '', ''),
('758380001901', 2, 'Mochila Juvenil Sierra Madre - L453', '118.50', '160.00', '160.00', 53, '', ''),
('758380002229', 2, 'Lonchera Sierra Madre Pequeña - L79', '64.00', '94.00', '94.00', 53, '', ''),
('759000000000', 3, 'Tinta para recargar color naranja', '0.00', '18.00', '18.00', 19, '', ''),
('759364662248', NULL, 'Marcador Permanente Bolik', '0.00', '4.75', '0.00', NULL, '', ''),
('759364662576', 2, 'MARCADOR PERMANENTE CASTELL NEGRO', '2.50', '3.75', '3.75', 91, '', ''),
('759364662583', 2, 'MARCADOR PERMANENTE CASTELL AZUL', '2.50', '3.75', '3.75', 91, '', ''),
('759364662590', 2, 'MARCADOR PERMANENTE CASTELL ROJO', '0.00', '3.75', '3.75', 91, '', ''),
('759364662828', NULL, 'MARCADOR DE PIZARRA NEGRO CASTELL', '0.00', '5.50', '0.00', NULL, '', ''),
('759364662835', NULL, 'MARCADOR DE PIZARRA AZUL CASTELL', '0.00', '5.50', '0.00', NULL, '', ''),
('759364662842', 2, 'MARCADOR DE PIZARRA ROJO CASTELL', '0.00', '5.50', '5.50', 91, '', ''),
('759364662866', 2, 'Tinta Negra para Marcador de Pizarra Castell', '0.00', '17.50', '17.50', 91, '', ''),
('759364662873', 2, 'Tinta Azul para Marcador de Pizarra Castell', '0.00', '17.50', '17.50', 91, '', ''),
('759364662880', 2, 'Tinta Roja para Marcador de Pizarra Castell', '0.00', '17.50', '17.50', 91, '', ''),
('760000000000', 2, 'Hojas lino tama?o carta color natural ', '0.00', '1.00', '1.00', 115, '', ''),
('760896001504', 2, 'Goma Blanca Gomy 16 onzas', '9.00', '13.00', '13.00', 163, '', ''),
('761000000000', 2, 'Goma blanca  16 oz ', '0.00', '13.00', '13.00', 91, '', ''),
('76176784', 2, 'Hoja bond tama?o oficio color verde fluoresente', '0.00', '0.00', '0.00', 74, '', ''),
('76275944', 2, 'Paquete de foamy tohalla de 10 unidades tama?o carta color azul', '0.00', '23.00', '23.00', 3, '', ''),
('76290206', 3, 'TINTA C', '0.00', '13.00', '13.00', 0, '', ''),
('76433795', 11, 'Caja para regalo Rosada pequeña', '0.00', '11.00', '11.00', 69, '', ''),
('76675409', 2, 'LAPIZ PARA DIBUJAR 2B', '5.00', '7.25', '7.25', 34, '', ''),
('76721557', 2, 'pliego papel lustre color piel', '0.00', '1.00', '1.00', 3, '', ''),
('7700000000000', 4, 'DINOSAURIO', '0.00', '187.00', '187.00', 39, '', ''),
('77000000000000', 4, 'COJIN CARI?OSO DE VACA ', '0.00', '315.00', '315.00', 39, '', ''),
('7701712012154', 11, 'Almohada Dormilon Jirafa 70 cm', '215.00', '290.00', '290.00', 39, '', ''),
('7701712012161', 11, 'Almohada Dormilon Perro 70 cm', '215.00', '290.00', '290.00', 39, '', ''),
('7701712013038', 11, 'Peluche de Dinosaurio color Verde - Pelanas', '140.00', '187.00', '187.00', 39, '', ''),
('7701712101711', 11, 'Almohada Pelanas color Negro', '237.50', '320.00', '320.00', 39, '', ''),
('7701712103555', 11, 'Almohadon Pop Simon - Pelanas', '237.50', '320.00', '320.00', 39, '', ''),
('7701712103791', 11, 'Cojin Cari-Ñoso Vaca', '235.00', '315.00', '315.00', 39, '', ''),
('7702003008535', 2, 'Cinta para enmascarar multiproposito', '6.90', '10.00', '10.00', 133, '', ''),
('7702003008559', 2, 'Cinta adhesiva para enmascarar multiproposito de 48mm', '14.50', '21.00', '21.00', 133, '', ''),
('7702111207387', 2, 'Cuaderno de Cuadros Norma Dogs', '13.00', '29.00', '29.00', 64, '', ''),
('7702111207394', 2, 'Cuaderno de Lineas Norma Dogs', '13.00', '29.00', '29.00', 64, '', ''),
('7702111210288', 2, 'Crayones Norma de 8 Crayones', '5.90', '8.50', '8.50', 64, '', ''),
('7702111252011', 2, 'Carpeta de Cartón Escolar Ferrari', '24.00', '35.00', '35.00', 64, '', ''),
('7702111273009', 2, 'Cuaderno Espiral de Lineas Norma Kiut', '30.00', '40.00', '40.00', 64, '', ''),
('7702111273030', 2, 'Cuaderno Norma Kiut Espiral a Cuadros 100 hojas', '27.50', '40.00', '40.00', 64, '', ''),
('7702111275300', 2, 'Librea de Apuntes Kiut 80 hojas', '2.80', '8.00', '8.00', 64, '', ''),
('7702111287204', 2, 'Cuaderno Norma Pasta Dura Book Multimateria', '54.00', '79.00', '79.00', 64, '', ''),
('7702111331327', 2, 'LAPICES DE GRAFITO NO.2 HB', '3.25', '4.75', '4.75', 64, '', ''),
('7702111331402', 2, 'Cuaderno Multimateria Ferrari', '53.00', '77.00', '77.00', 64, '', ''),
('7702111333659', 2, 'Cuaderno MUltimateria Jeanbook', '50.00', '72.00', '72.00', 64, '', ''),
('7702111336872', NULL, 'Cuaderno Norma Grande con Cuadros Cosido', '0.00', '27.00', '0.00', NULL, '', ''),
('7702111337121', NULL, 'Cuaderno Norma Pequeño con Cuadros Cosido', '0.00', '0.00', '0.00', NULL, '', ''),
('7702111337138', NULL, 'Cuaderno Norma Pequeño Doble Linea Cosido', '0.00', '18.50', '0.00', NULL, '', ''),
('7702111337145', NULL, 'Cuaderno Norma Pequeño con Lineas Cosido', '0.00', '0.00', '0.00', NULL, '', ''),
('7702111337152', NULL, 'Cuaderno Norma Pequeño en Blanco Cosido', '0.00', '18.50', '0.00', NULL, '', ''),
('7702111348639', 2, 'Lapices de 36 Colores Triangular Norma', '44.00', '64.00', '64.00', 64, '', ''),
('7702111361201', 2, 'Carpeta Escolar de Peluche Infantil Rugusito', '24.00', '35.00', '35.00', 64, '', ''),
('7702111361263', 2, 'Carpeta de Cartón Escolar Kawaii Kiut', '24.00', '35.00', '35.00', 64, '', ''),
('7702111361492', 2, 'Carpeta Kawaii de Cartón Kiut', '24.00', '35.00', '35.00', 64, '', ''),
('7702111361546', 2, 'Carpeta de Cartón de Carros ', '24.00', '35.00', '35.00', 64, '', ''),
('7702111361591', 2, 'Carpeta de Cartón Jean Book mujer empoderada', '24.00', '35.00', '35.00', 64, '', ''),
('7702111372542', 2, 'Lapices de Colores Doble Punta Triangulares 12 Colores Norma', '18.50', '27.00', '27.00', 64, '', ''),
('7702111446083', 2, 'Marcadores Plumones de 12 Colores Lavables', '0.00', '39.00', '39.00', 64, '', ''),
('7702111446090', 2, 'Marcadores Lavables de 24 Colores Norma', '0.00', '44.00', '44.00', 64, '', ''),
('7702111446120', 2, 'Marcadores Doble Punta 10 Colores', '0.00', '42.00', '42.00', 64, '', ''),
('7702111456426', 2, 'Caja de Lapices de 12 Colores Gigantes Norma', '28.50', '42.00', '42.00', 64, '', ''),
('7702111469792', 2, 'Mochila Kiut Manos Libres Shoulder Bag', '205.00', '275.00', '275.00', 46, '', ''),
('7702111470125', 2, 'Mochila Kiut Manos Libres Shoulder Bag - Negra y Rosada', '205.00', '275.00', '275.00', 46, '', ''),
('7702111470149', 2, 'Cartuchera Pencil Case Etui', '75.00', '105.00', '105.00', 46, '', ''),
('7702111470927', 2, 'Mochila Kiut Estilo Love UK', '275.00', '375.00', '375.00', 46, '', ''),
('7702111500068', 2, 'Bolso Kiut Purse SAC A MAIN', '190.00', '255.00', '255.00', 46, '', ''),
('7702111500204', 2, 'Mochila Kiut Grande Love Summer', '275.00', '370.00', '370.00', 46, '', ''),
('7702111500266', 2, 'Cartuchera Verano Kiut Norma Pequeña', '77.25', '112.00', '112.00', 45, '', ''),
('7702111513983', 2, 'Lonchera Kiut Confort color Azul', '115.00', '150.00', '150.00', 46, '', ''),
('7702111514355', 2, 'Mochila Kiut Grande Color Negro con Blanco', '275.00', '375.00', '375.00', 46, '', ''),
('7702111514393', 2, 'Bolso Kiut Purse SAC A MAIN', '165.00', '220.00', '220.00', 46, '', ''),
('7702111807464', 2, 'Cuaderno Norma Espiral Eco Planet de Lineas 100 hojas', '20.00', '29.00', '29.00', 64, '', ''),
('7702111807488', 2, 'Cuaderno Norma Espiral Eco Planet de Cuadros', '20.00', '29.00', '29.00', 64, '', ''),
('7702111807495', 2, 'Cuaderno Norma Eco Planet Multimateria', '38.60', '56.00', '56.00', 64, '', ''),
('7702111815001', 2, 'Cuaderno de Lineas Norma Dream Big', '12.60', '17.00', '17.00', 64, '', ''),
('7702111815018', 2, 'Cuaderno Espiral a Cuadros Norma X-presarte', '12.60', '17.00', '17.00', 64, '', ''),
('7703486037449', 2, 'KIT DE 3 LAPICEROS KILOMETRICO DE COLORES', '10.00', '14.50', '14.50', 114, '', ''),
('7704758024914', 5, 'Billetera Viesca ', '125.00', '180.00', '180.00', 45, '', ''),
('7704758025829', 5, 'Billetera Eshita ', '131.00', '190.00', '190.00', 45, '', ''),
('7704758056113', 5, 'Billetera meeting', '100.00', '145.00', '145.00', 45, '', ''),
('7704758056137', 5, 'Billetera Meeting Totto Verde Flourescente Moderna', '100.00', '145.00', '145.00', 45, '', ''),
('7704758056168', 5, 'Billetera Baldwin', '80.00', '115.00', '115.00', 45, '', ''),
('7704758056175', 5, 'Billetera Baldwin Totto', '79.00', '115.00', '115.00', 45, '', ''),
('7704758056298', 5, 'Billetera Gyllon', '93.00', '135.00', '135.00', 45, '', ''),
('7704758056304', 5, 'Billetera Gyllon', '93.00', '135.00', '135.00', 45, '', ''),
('7704758056311', 5, 'Billetera Gyllon', '93.00', '135.00', '135.00', 45, '', ''),
('7704758062725', 5, 'Billetera candombre', '100.00', '145.00', '145.00', 45, '', ''),
('7704758062732', 5, 'Billetera candombe', '93.00', '135.00', '135.00', 45, '', ''),
('7704758082921', 5, 'Billetera Mirco Totto Moderna', '93.00', '135.00', '135.00', 45, '', ''),
('7704758082938', 5, 'Billetera Mirco Café Totto', '93.00', '135.00', '135.00', 45, '', ''),
('7704758084673', 5, 'Billetera vallenato', '93.00', '135.00', '135.00', 45, '', ''),
('7704758084697', 5, 'Billetera Vallenato Totto', '93.00', '135.00', '135.00', 45, '', ''),
('7704758085571', 5, 'Billetera conferencia', '100.00', '145.00', '145.00', 45, '', ''),
('7704758085601', 5, 'Billetera Conferencia Totto Clasica', '100.00', '145.00', '145.00', 45, '', ''),
('7704789354950', 2, 'Mochila Totto Polixan color Negro - N01', '485.00', '655.00', '655.00', 45, '', ''),
('7704789513845', 2, 'Mochila Totto Universitario Cromo - N01', '315.00', '425.00', '425.00', 45, '', ''),
('7704789946025', 5, 'Billetera mikaela ', '68.00', '98.00', '98.00', 45, '', ''),
('7704838139514', 2, 'Pachon Totto Morado Estilo Galactico ', '62.00', '90.00', '90.00', 45, '', ''),
('7704838139521', 2, 'Pachon Totto Rosa con Negro', '68.00', '98.00', '98.00', 45, '', ''),
('7704838644292', 2, 'Lonchera Totto Multicolor Diseño de Corazones', '124.00', '180.00', '180.00', 45, '', ''),
('7704838758760', 5, 'Billetera Melifera ', '75.00', '108.00', '108.00', 45, '', ''),
('7704838814282', 2, 'Cartuchera Totto Kanji Diseño Ninja - NZA', '93.10', '135.00', '135.00', 45, '', ''),
('7704838823857', 2, 'Cartuchera Totto Tajalapiz - 4Z0', '53.10', '77.00', '77.00', 45, '', ''),
('7704838823864', 2, 'Cartuchera Totto Diseño Celeste con Corazones Verdes - 4ZT', '53.00', '77.00', '77.00', 45, '', ''),
('7704838847877', 2, 'Lonchera Roja con Negro Formas Geometricas', '124.00', '180.00', '180.00', 45, '', ''),
('7704838848607', 5, 'Reloj Totto Mujer Color Rosa Conservador', '290.00', '420.00', '420.00', 45, '', ''),
('7704875196914', 2, 'Cartuchera Totto Escuadra color Aqua y Violeta - 4UX', '93.00', '126.00', '126.00', 45, '', ''),
('7704875197126', 2, 'Cartuchera Totto Escuadra color Beige - T49', '93.00', '126.00', '126.00', 45, '', ''),
('7704875400493', 2, 'Cartera Totto Shopping Cuter', '180.00', '240.00', '240.00', 45, '', ''),
('7704875400509', 2, 'Cartera Totto Shopping Cuter', '180.00', '240.00', '240.00', 45, '', ''),
('7704875402879', 2, 'Lonchera Totto Color Blanco con Monitas Chinas Kawaii', '128.00', '186.00', '186.00', 45, '', ''),
('7704875404378', 2, 'Pachon Totto Naranja y Negro', '67.00', '98.00', '98.00', 45, '', ''),
('7704875412885', 2, 'Cartuchera Totto Escuadra Diseño Tipico - 8UN', '93.00', '126.00', '126.00', 45, '', ''),
('7704875412915', 2, 'Cartuchera Totto Escuadra Diseño Aviones Violeta - 8UX', '93.00', '126.00', '126.00', 45, '', ''),
('7704875418177', 2, 'Maleta para Computadora Marca Totto', '210.00', '305.00', '305.00', 45, '', ''),
('7704875431169', 2, 'Cartuchera Totto Sunlander - 6UX', '82.00', '120.00', '120.00', 45, '', ''),
('7704875431282', 2, 'Mochila Totto Deccan Diseño Tren - 6UX', '240.00', '325.00', '325.00', 45, '', ''),
('7704875514985', 2, 'Bolso Totto Shopping Cutter', '180.00', '240.00', '240.00', 45, '', ''),
('7704875515029', 2, 'Cartera Totto Shopping Cutter', '180.00', '240.00', '240.00', 45, '', ''),
('7704875527800', 5, 'Billetera balisan', '200.00', '290.00', '290.00', 45, '', ''),
('7704875618836', 2, 'Cartera Totto Shopping Cutter', '179.00', '239.00', '239.00', 45, '', ''),
('7704875620051', 2, 'Mochila Totto Tempera color Negro con Figuras - 4E7', '218.00', '295.00', '295.00', 45, '', ''),
('7704875620068', 2, 'Mochila Totto Morral Tempera - 4LZ', '221.50', '299.00', '299.00', 45, '', ''),
('7704875620402', 2, 'Morral Selkir ', '305.00', '410.00', '410.00', 45, '', ''),
('7704875622062', 2, 'MOchila Totto Fotico Diseño Retro - 1SG', '215.00', '299.00', '299.00', 45, '', ''),
('7704875623069', 2, 'Lonchera Totto Celeste con Diseño de Abejas y Flores', '127.60', '185.00', '185.00', 45, '', ''),
('7704875627661', 2, 'Cartera para Computadora Totto ', '206.00', '299.00', '299.00', 45, '', ''),
('7704875627777', 2, 'Cartera para Computadora Totto', '206.00', '299.00', '299.00', 45, '', ''),
('7704875628064', 2, 'Cartuchera Totto Diseño Rosa Abstracto - 1IE', '69.00', '99.00', '99.00', 45, '', ''),
('7704875628118', 2, 'Cartuchera Totto Diseño Naturaleza Violeta - 3LQ', '69.00', '99.00', '99.00', 45, '', ''),
('7704875628149', 2, 'Cartuchera Totto Diseño Naturaleza - 4E7', '69.00', '99.00', '99.00', 45, '', ''),
('7704875628200', 2, 'Cartuchera Totto Celeste con Abejas - 4LZ', '69.00', '99.00', '99.00', 45, '', ''),
('7704875628231', 2, 'Cartuchera Totto Diseño Flores Abstractas Azules - 5L2', '69.00', '99.00', '99.00', 45, '', ''),
('7704875628323', 2, 'Cartuchera Totto Diseño Aqua Ice Cream - 7VB', '69.00', '99.00', '99.00', 45, '', ''),
('7704875630715', 2, 'Cartuchera Totto Escuadra Color Rosa Diseño Pajaros - 1IF', '91.00', '133.00', '133.00', 45, '', ''),
('7704875630739', 2, 'Cartuchera Totto Escuadra Diseño Corazones Muticolor - 2S8', '97.75', '132.00', '132.00', 45, '', ''),
('7704875630784', 2, 'Cartuchera Totto Escuadra Diseño Grafiti - 4E8', '91.00', '132.00', '132.00', 45, '', ''),
('7704875631019', 2, 'Cangurera Color Naranja Totto', '196.50', '285.00', '285.00', 45, 'KOALA FITZ', 'AC50SUMO'),
('7704875631026', 2, 'Cangurera Totto Color Azul y Verde', '196.50', '285.00', '285.00', 45, 'KOALA FITZ', 'AC50SUMO'),
('7704875632955', 2, 'Mochila Totto Rayol Diseño Pajaros Color Rosa - 1IF', '415.00', '425.00', '425.00', 45, '', ''),
('7704875633228', 2, 'Mochila Pequeña Totto Tempera Estilo Grafiti - 4E8', '218.00', '295.00', '295.00', 45, '', ''),
('7704875634195', 2, 'Lonchera Totto Color Verde Pastel Diseño Helados y Flores', '127.60', '185.00', '185.00', 45, '', ''),
('7704875634218', 2, 'Lonchera Totto Airborne 101 Militar', '127.50', '185.00', '185.00', 45, '', ''),
('7704875635314', 2, 'Cartuchera multiuso Linaria ', '104.00', '140.00', '140.00', 45, '', ''),
('7704875636076', 5, 'Billetera Eshita', '131.00', '190.00', '190.00', 45, '', ''),
('7704875636151', 2, 'Morral Calatea ', '290.00', '390.00', '390.00', 45, '', ''),
('7704875637714', 5, 'Billetera Femenina Makuna Estilo Floral', '203.00', '295.00', '295.00', 45, '', ''),
('7704875637738', 5, 'Billetera Upsala', '210.00', '305.00', '305.00', 45, '', ''),
('7704875638865', 2, 'Mochila Totto Boronas Diseño Peace Love - 6M8', '295.00', '395.00', '395.00', 45, '', ''),
('7704875639619', 2, 'Cartuchera Totto ENIF Diseño Space - 6GT', '89.60', '130.00', '130.00', 45, '', ''),
('7704875639671', 2, 'Cartuchera Totto Jurtina Diseño Mariposa - 1SH', '88.00', '119.00', '119.00', 45, '', ''),
('7704875640141', 5, 'Cartera de Hombre Totto Masculina Azul', '220.00', '320.00', '320.00', 45, '', ''),
('7704875640240', 2, 'Morral Rue bomper naos ', '435.00', '585.00', '585.00', 45, '', ''),
('7704875640387', 2, 'Mochila Totto Delmarva Negra con Flores Pequeña - 3EB', '260.00', '350.00', '350.00', 45, '', ''),
('7704875640394', 2, 'Mochila Totto Delmarva Diseño Asbtracto Multicolor Pequeña - 3EC', '260.00', '350.00', '350.00', 45, '', ''),
('7704875677895', 5, 'Billetera Femenina Jaryni Estilo Pavo Real', '220.00', '320.00', '320.00', 45, '', ''),
('7704875678069', 5, 'Bolso Victoria Estilo Pavo Real', '372.50', '540.00', '540.00', 45, '', ''),
('7704875762805', 5, 'Billetera dennis ', '195.00', '285.00', '285.00', 45, '', ''),
('7704875763192', 5, 'Bolso color Moradito Totto', '279.00', '405.00', '405.00', 45, '', ''),
('7704875860730', 2, 'Mochila Totto Acuarela Diseño Ice Cream color Aqua - 5LP', '265.00', '355.00', '355.00', 45, '', ''),
('7704875860891', 2, 'Mochila Totto Acuarela Aqua Brillante - 9VJ', '265.00', '355.00', '355.00', 45, '', ''),
('7704875875819', 2, 'Cartuchera Totto Aqua Diseño Gato Violeta - 0LE', '69.00', '99.00', '99.00', 45, '', ''),
('7704875875956', 2, 'Cartuchera Pequeña Totto Diseño de Helados Color Celeste', '68.30', '99.00', '99.00', 45, '', ''),
('7704875876496', 2, 'Cartuchera Grande Totto 3 Zippers Diseño Japones Color Verde y Morado', '100.00', '145.00', '145.00', 45, '', ''),
('7704875876717', 2, 'Cartuchera Totto Naranja con Gris Extrema', '100.00', '145.00', '145.00', 45, '', ''),
('7704875876724', 2, 'Cartuchera Totto Agapec Diseño Spray - 8GO', '107.50', '145.00', '145.00', 45, '', ''),
('7704875876793', 2, 'Cartuchera Totto Agapec Diseño Aqua Brillante - 9VJ', '107.50', '145.00', '145.00', 45, '', ''),
('7704875877943', 2, 'Lonchera Totto Pizarra Diseño Japones - 0LE', '140.00', '190.00', '190.00', 45, '', ''),
('7704875879169', 2, 'Mochila Totto Rayol Diseño Japones color Aqua - 0LE', '415.00', '425.00', '425.00', 45, '', ''),
('7704875879190', 2, 'Mochila Totto Rayol Diseño Street Racing - 0LT', '315.00', '425.00', '425.00', 45, '', ''),
('7704875879213', 2, 'Mochila Totto Rayol color Rosa con Flores Multicolor - 1IV', '415.00', '425.00', '425.00', 45, '', ''),
('7704875879237', 2, 'Mochila Totto Rayol color Rosa para Mujer - 2IQ', '315.00', '425.00', '425.00', 45, '', ''),
('7704875879282', 2, 'Mochila Totto Rayol Pop Candy - 4SH', '315.00', '425.00', '425.00', 45, '', ''),
('7704875879299', 2, 'Mochila Totto Rayol Diseño Abstracto - 4SJ', '315.00', '425.00', '425.00', 45, '', ''),
('7704875879428', 2, 'Mochila Totto Rayol color Violeta Diseño con Corazones - 8MA', '315.00', '425.00', '425.00', 45, '', ''),
('7704875879442', 2, 'Mochila Totto Rayol Diseño Flores Multicolor - 9LJ', '315.00', '425.00', '425.00', 45, '', ''),
('7704875879503', 2, 'Mochila Totto Tempera Diseño Japones Pequeña - 0LE', '218.00', '295.00', '295.00', 45, '', ''),
('7704875879640', 2, 'Mochila Totto Tempera Diseño Ice Cream Pequeña - 5LP', '205.00', '295.00', '295.00', 45, '', ''),
('7704875880196', 2, 'Mochila Totto Lapiz color Azul y Verde - 0LH', '305.00', '410.00', '410.00', 45, '', ''),
('7704875880219', 2, 'Mochila Totto Lapiz Street Racing - 0LT', '305.00', '410.00', '410.00', 45, '', ''),
('7704875880301', 2, 'Mochila Totto Lapiz Pop Candy - 4SH', '305.00', '410.00', '410.00', 45, '', ''),
('7704875880387', 2, 'Mochila Totto Lapiz Diseño Patineta - 7E5', '305.00', '410.00', '410.00', 45, '', ''),
('7704875880462', 2, 'Mochila Totto Lapiz Flores Multicolor - 9LJ', '305.00', '410.00', '410.00', 45, '', ''),
('7704875883388', 2, 'Cartera para Computadora Marca Totto', '210.00', '305.00', '305.00', 45, '', ''),
('7704875883531', 5, 'Billetera Quincly', '80.00', '115.00', '115.00', 45, '', ''),
('7704875883548', 5, 'Billetera Quincly Totto Azul', '79.00', '115.00', '115.00', 45, '', ''),
('7704875883555', 5, 'Billetera Jabes Verde Totto', '72.00', '105.00', '105.00', 45, '', ''),
('7704875883562', 5, 'Billetera Jabes Negra Totto Cri Criminal', '72.00', '105.00', '105.00', 45, '', ''),
('7704875885955', 2, 'Cartuchera color Celeste marca Totto Diseño de Robot', '80.00', '116.00', '116.00', 45, '', ''),
('7704875886679', 2, 'Cartuchera Totto Kokeshi Diseño Muñeca - 2IJ', '107.50', '145.00', '145.00', 45, '', ''),
('7704875886815', 2, 'Cartuchera Totto Diseño 90s Rosa Grande', '93.00', '135.00', '135.00', 45, '', ''),
('7704875888604', 5, 'Bolso Alchiba Gris Totto', '200.00', '290.00', '290.00', 45, '', ''),
('7704875889052', 5, 'Cartera Totto Masculina Azul con Gris Fashion', '113.00', '165.00', '165.00', 45, '', ''),
('7704875891369', 2, 'Morral 3 ruedas Bomper Tunning Car L', '560.00', '750.00', '750.00', 45, '', ''),
('7704875892182', 2, 'Mochila Totto Fairy M - 9V5', '270.00', '360.00', '360.00', 45, '', ''),
('7704875892212', 2, 'Mochila Gemepet M Diseño Robot - 9LE', '270.00', '360.00', '360.00', 45, '', ''),
('7704875894094', 2, 'Mochila Totto Antrus color Negro y Verde - NV0', '490.00', '660.00', '660.00', 45, '', ''),
('7704875894216', 2, 'Mochila Sticute M noventera ', '275.00', '370.00', '370.00', 45, '', ''),
('7704875894223', 2, 'Mochila Totto Morral Sticute L - 7MX', '275.00', '375.00', '375.00', 45, '', ''),
('7704875894803', 2, 'Mochila Totto Tuning Car L - 9LC', '290.00', '390.00', '390.00', 45, '', ''),
('7704875894919', 2, 'Mochila Totto Namer Diseño Abstracto - 5SA', '305.00', '410.00', '410.00', 45, '', ''),
('7704875895336', 2, 'Bolso Shopping sticute', '175.00', '235.00', '235.00', 45, '', ''),
('7704875912682', 2, 'Pachon Rosa Totto Asia Girl', '68.00', '99.00', '99.00', 45, '', ''),
('7707189530122', 11, 'Bolsa de Cartón Cerrada ', '6.90', '10.00', '10.00', 69, '', ''),
('7707189530375', 11, 'Caja de Cartón Grande con Tapadera Color Blanco Armable', '5.50', '8.00', '8.00', 69, '', ''),
('7707189530474', 2, 'Stickers Zoe 7707189530474', '8.30', '12.00', '12.00', 69, '', ''),
('7707189530986', 11, 'Bolsa de Regalo Larga con diseños varios', '15.60', '24.00', '24.00', 69, '', ''),
('7707269046673', 11, 'Bolsa de Regalo con Diseño Infantil', '28.00', '41.00', '41.00', 69, '', ''),
('7707300403540', 2, 'Bigote de Señor Developer', '19.30', '28.00', '28.00', 156, '', ''),
('7707300403557', 2, 'Accesorios de Princesa', '19.30', '28.00', '28.00', 156, '', ''),
('7710000000000', 4, 'Caja de regalo estilo cartera ', '0.00', '16.00', '16.00', 58, '', ''),
('772000000000', 4, 'DONA ANTIESTR?S', '0.00', '110.00', '110.00', 39, '', ''),
('77237606', 2, 'LAPICERO BIC DE COLOR ROJO', '1.00', '1.50', '1.33', 172, '', ''),
('7750000000000', 2, 'Estuche de marcadroes 12 colores faber castell', '0.00', '21.00', '21.00', 7, '', ''),
('7754111011280', 2, 'Estuche Plastico de Marcadores de 12 Colores', '0.00', '21.00', '21.00', 34, '', ''),
('7754111546218', 2, 'LAPICERO FABER-CASTELL DE COLOR ROJO', '2.75', '4.00', '4.00', 34, '', ''),
('7754111546515', 2, 'LAPICERO FABER-CASTELL', '2.75', '4.00', '4.00', 34, '', ''),
('7754111562010', 2, 'LAPICERO PUNTA FINA DE COLOR AZUL 062 FINE FABER-CASTELL', '2.75', '4.00', '4.00', 34, '', ''),
('7754111562027', 2, 'LAPICERO PUNTA FINA DE COLOR ROJO 062 FINE FABER-CASTELL', '2.75', '4.00', '4.00', 34, '', ''),
('7754111562034', 2, 'LAPICERO PUNTA FINA DE COLOR NEGRO 062 FINE FABER-CASTELL', '2.75', '4.00', '4.00', 34, '', ''),
('7754111656108', 2, 'Caja de Marcadores Gruesos de 10 Colores', '0.00', '42.00', '42.00', 34, '', ''),
('775749169355', 2, 'Foamy De Hada', '6.50', '9.50', '9.50', 69, '', ''),
('775749169454', 2, 'Foamy de Carrito', '6.50', '9.50', '9.50', 69, '', ''),
('776000000000', 4, 'Figura de foamy varios', '0.00', '10.00', '10.00', 3, '', ''),
('77607317', 1, 'Tinta Generica para Impresora Color Negro', '9.00', '13.00', '13.00', 165, '', ''),
('77844828', 2, 'Paquete de hojas bond de 75 grs tama?o carta 100 unidades ', '0.00', '9.00', '9.00', 109, '', ''),
('7796568104047', 2, 'MARCADOR PERMANENTE ROJO', '0.00', '0.00', '0.00', 35, '', ''),
('7796568104504', 2, 'MARCADOR PERMANENTE AZUL EDDING', '4.00', '6.00', '6.00', 35, '', ''),
('78045705', 2, 'Paquete de foamy 10 unidade escarcahado tama?o carta color fusia', '0.00', '26.00', '26.00', 3, '', ''),
('7806610412973', 2, 'Libreta de Apuntes Rhein', '42.00', '62.00', '62.00', 198, '', ''),
('7808718509586', 2, 'LAPIZ TRIANGULAR MONGOL TRI', '1.35', '2.00', '2.00', 114, '', ''),
('7810000000000', 2, 'Lapiz mongol ', '0.00', '2.00', '2.00', 42, '', ''),
('78117457', 2, 'Paquete de hojas bond 100 unidades tama?o carta color azul oscuro ', '0.00', '23.00', '23.00', 74, '', ''),
('78360426', 10, 'Pizarron de 0.60 x 0.80m.', '95.00', '130.00', '130.00', 72, '', ''),
('78409743', 2, 'Paquete de hojas bond 100 unidades tama?o carta color azul  ', '0.00', '23.00', '23.00', 74, '', ''),
('78461888', 6, 'Escritorio en L Monaco', '1828.00', '2650.00', '2560.00', 67, '', ''),
('78578173', 2, 'pliego papel lustre color menta', '0.00', '1.00', '1.00', 3, '', ''),
('7860000000000', 2, 'Cuaderno  love multimaterias 210 hojas lineas ', '0.00', '72.00', '72.00', 26, '', ''),
('7861098338702', 2, 'Cuaderno Estilo Multimateria Love', '50.00', '72.00', '72.00', 202, '', ''),
('7861098338771', 2, 'Cuaderno Espiral de Lineas Estilo Plus Para Mujer', '20.00', '29.00', '29.00', 202, '', ''),
('7861098338818', 2, 'Cuaderno Espiral de Lineas 100 Hojas River City', '20.00', '29.00', '29.00', 202, '', ''),
('7861098338832', 2, 'Cuaderno Espiral Pasta Dura 100 Hojas de Lineas Estilo Plus Eagle', '20.00', '29.00', '29.00', 202, '', ''),
('7861098338856', 2, 'Cuaderno Espiral Pasta Dura de Lineas Plus Estilo Summer', '20.00', '29.00', '29.00', 202, '', ''),
('78621664', 2, '100 hojas brillante conondas tama?o carta', '0.00', '230.00', '230.00', 3, '', ''),
('78670808', 4, 'Globo de numeros peque?o dorado y plateado', '0.00', '10.00', '10.00', 3, '', ''),
('78686229', 4, 'Stickers de postres', '0.00', '4.00', '4.00', 3, '', ''),
('78787015814', 1, 'Caja para tarjetas cardex', '0.00', '58.00', '58.00', 63, '', ''),
('78788282', 2, 'pliego papel lustre color rojo', '0.00', '1.00', '1.00', 3, '', ''),
('788053005318', 2, 'Regla T de Madera', '3.50', '5.00', '5.00', 64, '', ''),
('78879980', 2, 'Hoja de foamy con cuadros tama?o carta color celeste', '0.00', '2.00', '2.00', 3, '', ''),
('7890000000000', 2, 'BORRADOR CON PLASTICO ', '0.00', '4.00', '4.00', 34, '', ''),
('7891253203828', 2, 'Cuaderno Credeal Rastro Multimateria', '45.00', '65.00', '65.00', 98, '', ''),
('7891253260319', 2, 'Cuaderno Stamp Multimateria Pasta Dura', '49.50', '71.50', '71.50', 98, '', ''),
('7891253260814', 2, 'Cuaderno Credeal Fruits Gome Grope', '53.00', '77.00', '77.00', 98, '', ''),
('7891253260845', 2, 'Cuaderno Credeal Fruits Gome Cherry', '53.00', '77.00', '77.00', 98, '', ''),
('7891253260876', 2, 'Cuaderno Credeal Fruits Gome Watermelon', '53.00', '77.00', '77.00', 98, '', ''),
('7891253260906', 2, 'Cuaderno Credeal Fruits Gome Strawberry', '53.00', '77.00', '77.00', 98, '', ''),
('7891253318348', 2, 'Cuaderno Cosido Grande de Lineas Basic', '10.35', '15.00', '15.00', 98, '', ''),
('7891253318355', 2, 'Cuaderno Cosido Grande de Cuadros Basic', '10.35', '15.00', '15.00', 98, '', ''),
('7891253318362', 2, 'Cuaderno Cosido Grande Doble Linea Basic', '10.35', '15.00', '15.00', 98, '', ''),
('7891360472629', 2, 'Minas 0.5', '1.40', '2.00', '2.00', 34, '', ''),
('7891360472728', 2, 'Minas 0.7', '1.40', '2.00', '2.00', 34, '', ''),
('7891360520481', 2, 'Crayones de Cera Jumbo de 12 Colores Faber-Castell', '13.00', '19.00', '19.00', 34, '', ''),
('7891360527572', 2, 'BORRADOR Y SACAPUNTAS', '6.50', '9.50', '9.50', 34, '', ''),
('7891360548911', 2, 'Crayones de 12 Colores Jumbo Faber-Castell Triangular', '34.00', '49.50', '49.50', 34, '', ''),
('7891360609315', 2, 'BORRADOR CUADRADO CON ESTUCHE', '0.00', '3.75', '3.75', 34, '', ''),
('7891360621645', 2, 'Caja de Crayones Faber-Castell Doble Punta 12 Crayones', '18.00', '27.00', '27.00', 34, '', ''),
('7891360637769', 2, 'Crayones Faber Castell 12 Colores', '11.50', '17.00', '17.00', 34, '', ''),
('7891360638544', 2, 'Caja de Crayones 36 Colores Faber Castell', '39.50', '58.00', '58.00', 34, '', ''),
('7891360638759', 2, 'Caja de 24 Crayones Doble Punta Faber-Castell 48 Colores', '33.50', '49.00', '49.00', 34, '', ''),
('78956735', 2, 'pliego foamy color azul', '0.00', '9.00', '9.00', 3, '', ''),
('7896292257139', 1, 'BASURERO DE PLASTICO ', '28.25', '41.00', '41.00', 100, '', ''),
('7896292280311', 1, 'CARPETA 3 ANILLOS COLOR HUMO', '27.00', '38.00', '38.00', 201, '', ''),
('7896292280328', 1, 'CARPETA 3 ANILLOS PLASTICO AZUL CLEAR', '27.00', '38.00', '38.00', 201, '', ''),
('7896292280335', 1, 'CARPETA 3 ANILLOS COLOR CRISTAL ', '27.00', '38.00', '38.00', 201, '', ''),
('7896292280359', 1, 'CARPETA 3 ANILLOS COLOR NEGRO', '27.00', '38.00', '38.00', 201, '', ''),
('7896292280380', 1, 'CARPETA 3 ANILLOS COLOR NARANJA', '27.00', '38.00', '38.00', 201, '', ''),
('7896292280397', 1, 'CARPETA 3 ANILLOS COLOR VERDE', '27.00', '38.00', '38.00', 201, '', ''),
('7900000000000', 2, 'Cartapacio tama?o carta plastico color celeste', '0.00', '38.00', '38.00', 3, '', ''),
('79124355', 6, 'Papelera', '40.00', '65.00', '65.00', 69, '', ''),
('79247078', 2, 'Paquete de hojas bond 100 unidades tama?o carta color rojo naranja ', '0.00', '23.00', '23.00', 74, '', ''),
('79413800', 1, 'Escritorio ejecutivo euro ', '1442.00', '2100.00', '1950.00', 122, '', ''),
('79522626944', 1, 'Caja de tachuelas y clip ', '0.00', '14.00', '14.00', 0, '', ''),
('795229366104', 6, 'Reloj  negro de pared 9 pulgadas', '96.00', '140.00', '140.00', 69, '', ''),
('79744904', 2, 'Paquete de hojas bond de 75 grs tama?o oficio 100 unidades ', '0.00', '10.00', '10.00', 109, '', ''),
('79763240', 2, 'Paquete de 10 unidades de foamy con ondas tama?o carta color blanco ', '0.00', '25.00', '25.00', 3, '', ''),
('79767101640', 3, 'ADAPTADOR', '0.00', '0.00', '0.00', 8, '', ''),
('798000000000', 3, 'TECLADO USB ', '0.00', '70.00', '70.00', 13, '', ''),
('798302010369', 1, 'FLAUTA ELECTRICA POWERSTRIP', '31.00', '45.00', '45.00', 69, '', ''),
('798302180680', 1, 'TECLADO STYLUS KLIP', '49.65', '72.00', '72.00', 13, '', ''),
('79933742', 2, 'pliego foamy color morado', '0.00', '9.00', '9.00', 3, '', ''),
('79944496', 2, 'Paquete de foamy 10 unidades acanalados tama?o carta color amarillo', '0.00', '23.00', '23.00', 3, '', ''),
('79973762', 2, 'pliego papel delgado con dise?o color plateado', '0.00', '6.00', '6.00', 3, '', ''),
('8000000000000', 2, 'Marcadores neon 8 colores', '0.00', '20.00', '20.00', 17, '', ''),
('8000144002375', 2, 'Grande Masa Moldeable DAS Color Terracota', '17.00', '25.00', '25.00', 93, '', ''),
('8000144043002', 2, 'Masa Moldeable DAS color Terracota', '9.00', '14.00', '14.00', 93, '', ''),
('8000144074105', 2, 'Grande Masa Moldeable DAS Color Blanca', '17.00', '25.00', '25.00', 93, '', ''),
('8000144074112', 2, 'Masa Moldeable DAS Color Blanco', '9.00', '14.00', '14.00', 93, '', ''),
('8001', 2, 'Hojas fomi con dibujo', '3.10', '4.50', '4.50', 69, '', ''),
('8002', 2, 'Hojas fomi con diseño de flores rojas', '2.60', '3.80', '3.80', 69, '', ''),
('8003', 2, 'Hojas fomi con diseño de flores amarillas', '2.60', '3.80', '3.80', 69, '', ''),
('8003511310455', 2, 'LAPICERO DE COLOR NEGRO CON BORRADOR DE COLOR DE FRIXION CARIOCA RE-DO', '10.15', '14.75', '14.75', 89, '', ''),
('8003511310769', 2, 'LAPICERO DE COLORES', '2.00', '3.00', '3.00', 89, '', ''),
('8003511320454', 2, 'LAPICERO DE COLOR AZUL CON BORRADOR DE COLOR DE FRIXION CARIOCA RE-DO', '10.15', '14.75', '14.75', 89, '', ''),
('8003511422653', 2, 'Carioca Dual Color 12 Colores Marcadores Permanentes', '0.00', '47.00', '47.00', 89, '', ''),
('8003511422790', 2, 'Carioca Stamperello', '0.00', '37.00', '37.00', 89, '', ''),
('8003511426729', 2, 'Marcador Escolar con Perfume Xplosion 12 Colores', '0.00', '38.00', '38.00', 89, '', ''),
('8003511426910', 2, 'Plastilina Plasty Carioca 12 Colores', '12.50', '18.75', '18.75', 89, '', ''),
('8003511427771', 2, 'Carioca Magic Permanente 18 Colores', '0.00', '31.00', '31.00', 89, '', ''),
('8003511427856', 2, 'Marcador Carioca Neon', '0.00', '20.00', '20.00', 89, '', ''),
('8004', 2, 'Hojas fomi con diseño de estrellas color rosado', '3.10', '4.50', '4.50', 69, '', ''),
('8005', 2, 'Hojas fomi con diseño de estrellas color morado', '3.10', '4.50', '4.50', 69, '', ''),
('8006', 2, 'Hojas fomi con diseño de estrellas color anaranjado', '3.10', '4.50', '4.50', 69, '', ''),
('8007', 2, 'Hojas fomi con diseño de calaveras', '2.60', '3.80', '3.80', 69, '', ''),
('8008', 2, 'Hojas fomi con diseño de corazones', '2.60', '3.80', '3.80', 69, '', ''),
('8009', 2, 'Hojas fomi color Blanco', '0.69', '1.00', '0.90', 69, '', ''),
('8010', 2, 'Hojas fomi color morado', '0.69', '1.00', '0.90', 69, '', ''),
('8011', 2, 'Hojas Fomi de color amarillo', '0.69', '1.00', '0.90', 69, '', ''),
('8012', 2, 'Hojas Fomi de color rosado', '0.69', '1.00', '0.90', 69, '', ''),
('8013', 2, 'Hojas fomi de color fucsia', '0.69', '1.00', '0.90', 69, '', ''),
('8014', 2, 'Hojas fomi color gris', '0.69', '1.00', '0.90', 69, '', ''),
('80141808', 2, 'Cartuchera Diseño Basico Costura Avon', '15.00', '22.00', '22.00', 165, '', ''),
('8015', 2, 'Hojas fomi color anaranjado', '0.69', '1.00', '0.90', 69, '', ''),
('8016', 2, 'Hoja fomi color piel', '0.69', '1.00', '0.90', 69, '', ''),
('8017', 2, 'Hojas fomi color rojo', '0.69', '1.00', '0.90', 69, '', ''),
('801714144154', 2, 'Estuche para Lapices Crayola', '9.00', '13.00', '13.00', 137, '', ''),
('8018', 2, 'Hojas fomi de color azul', '0.69', '1.00', '0.90', 69, '', ''),
('8019', 2, 'Hojas fomi color celeste', '0.69', '1.00', '0.90', 69, '', ''),
('8020', 2, 'Hojas fomi color verde Limón', '0.69', '1.00', '0.90', 69, '', ''),
('802000000000', 2, 'Cartuchera plastica ', '0.00', '13.00', '13.00', 65, '', ''),
('8021', 2, 'Hojas fomi de color verde oscuro', '0.69', '1.00', '0.90', 69, '', ''),
('8022', 2, 'Hojas fomi de color negro', '0.69', '1.00', '0.90', 69, '', ''),
('8023', 2, 'Hoja de fomi de color café', '0.69', '1.00', '0.90', 69, '', ''),
('8024', 2, 'Hoja de fieltro color celeste', '1.38', '2.00', '2.00', 69, '', ''),
('8025', 2, 'Hoja de fieltro color verde limón', '1.38', '2.00', '2.00', 69, '', ''),
('80256861', 2, 'pliego foamy color lim?n', '0.00', '9.00', '9.00', 3, '', ''),
('8026', 2, 'Hojas de fieltro  de color rosadas', '1.38', '2.00', '2.00', 69, '', ''),
('8027', 2, 'Hojas Fieltro Fluorecente', '1.38', '2.00', '2.00', 69, '', ''),
('8028', 2, 'Hoja Fieltro Color Verde Oscuro', '1.38', '2.00', '2.00', 69, '', ''),
('8029', 2, 'Hoja Fieltro Color Rojo', '1.38', '2.00', '2.00', 69, '', ''),
('8030', 2, 'Hoja Fieltro Color Blanco', '1.38', '2.00', '2.00', 69, '', ''),
('8031', 2, 'Hojas de fieltro color amarillas', '1.38', '2.00', '2.00', 69, '', ''),
('8032', 2, 'Hojas de fieltro color fucsia', '1.38', '2.00', '2.00', 69, '', ''),
('80326892', 2, 'LAPICERO SARASA DE COLOR DORADO', '7.25', '10.50', '10.50', 115, '', ''),
('8033', 2, 'Hoja fieltro de color naranja', '1.38', '2.00', '2.00', 69, '', ''),
('8034', 2, 'Hoja fieltro de color negro', '1.38', '2.00', '2.00', 69, '', ''),
('8035', 2, 'Hoja fieltro color cafés', '1.38', '2.00', '2.00', 69, '', ''),
('8036', 2, 'Hoja fieltro de color azul', '1.38', '2.00', '2.00', 69, '', ''),
('8037', 2, 'Hoja fieltro de color morado', '1.38', '2.00', '2.00', 69, '', ''),
('8038', 2, 'Hoja fieltro de color lila', '1.38', '2.00', '2.00', 69, '', ''),
('8039', 2, 'Hoja Fieltro color gris', '1.38', '2.00', '2.00', 69, '', ''),
('8040', 2, 'Hoja fieltro de color azul', '1.38', '2.00', '2.00', 69, '', ''),
('8041', 2, 'Hoja fieltro de color anaranjado pálido', '1.38', '2.00', '2.00', 69, '', ''),
('8042', 2, 'Hoja fieltro de color cafés', '1.38', '2.00', '2.00', 69, '', ''),
('80496298', 2, 'Hoja bond tama?o carta color caf?', '0.00', '0.00', '0.00', 74, '', ''),
('80497684', 2, 'Paquete de 10 unidades de foamy con lentejuelas amarillo', '0.00', '48.00', '48.00', 3, '', ''),
('80589228', 4, 'Bolsa de regalo peque?a de colores ', '0.00', '5.00', '5.00', 0, '', ''),
('80616382', 2, 'Hoja de foamy con cuadros tama?o carta color piel', '0.00', '2.00', '2.00', 3, '', ''),
('80643081', 7, 'Ventilador para jardin', '0.00', '790.00', '790.00', 70, '', ''),
('80962588', 2, 'Hoja bond tama?o carta color morado ', '0.00', '0.00', '0.00', 74, '', ''),
('81021925', 6, 'Cofre de madera de Dora la esploradora', '0.00', '350.00', '350.00', 69, '', ''),
('81057085', 2, 'pliego foamy color verde', '0.00', '9.00', '9.00', 3, '', ''),
('813000000000', 4, 'MU?ECA DE TRAPO', '0.00', '260.00', '260.00', 38, '', ''),
('81306268', 2, 'pliego foamy color blanco', '0.00', '9.00', '9.00', 3, '', ''),
('813237028798', 11, 'Muñenca de Peluche Viviana - Linzy Toys', '192.30', '265.00', '265.00', 220, '', ''),
('813237029900', 11, 'Oso de Peluche Mediano color Blanco - Linzy Toys', '410.00', '550.00', '550.00', 220, '', ''),
('81394371', 2, 'pliego papel arcoiris color lim?n', '0.00', '5.00', '5.00', 3, '', ''),
('81580835', 2, 'Hoja de foamy tama?o carta con lentejuela celeste', '0.00', '5.00', '5.00', 3, '', ''),
('81603060', 11, 'Caja Forma de Corazón Color Violeta', '17.50', '24.00', '24.00', 69, '', ''),
('818916011924', 2, 'Block arcoiris de cartulina Ariel Cover tamaño Carta', '9.00', '13.00', '13.00', 3, '', ''),
('818916011931', 2, 'Block arcoiris de cartulina Ariel Cover Tamaño Oficio', '10.35', '15.00', '15.00', 3, '', ''),
('818980011172', 11, 'Peluche de Mono color Cafe - Linzy Toys', '295.00', '395.00', '395.00', 220, '', ''),
('818980017587', 11, 'Arreglo de Peluche Pequeño - Linzy Toys', '97.50', '132.00', '132.00', 220, '', ''),
('819000000000', 4, 'MONO GRANDE', '0.00', '395.00', '395.00', 38, '', ''),
('81936465', 2, 'Fichas de colores media carta ', '0.00', '0.00', '0.00', 32, '', ''),
('8201-65', 4, 'PING?INO CON CHINCHINES ', '0.00', '35.00', '35.00', 0, '', ''),
('820646035279', 2, 'Pacha Para Manualidades Color Celeste Y Blanco', '10.70', '15.50', '15.50', 186, '', ''),
('820646035286', 2, 'Pacha Para Manualidades Color Rosado Y Blanco', '10.70', '15.50', '15.50', 73, '', ''),
('821000000000', 5, 'Ganchos para manualidades baby ', '0.00', '16.00', '16.00', 114, '', ''),
('8210000000000', 3, 'TEATRO EN CASA 5,1', '0.00', '975.00', '975.00', 11, '', ''),
('82322984', 2, 'Paquete de 25 unidades de hojas fomy tama?o color verde limon', '0.00', '23.00', '23.00', 3, '', ''),
('82453992', 2, 'Hoja de foamy tama?o carta con lentejuela verde oscuro', '0.00', '5.00', '5.00', 3, '', ''),
('82467227', 2, 'Hoja fomy tama?o carta color morado ', '0.00', '1.00', '1.00', 3, '', ''),
('82517830', 6, 'Patineta para ni?o ', '0.00', '140.00', '140.00', 0, '', ''),
('82575304', 2, 'Hoja foamy acanalado tama?o carta color rojo', '0.00', '2.00', '2.00', 3, '', ''),
('83077142', 2, 'Pliego de Papel de regalo de dise?o de animales ', '0.00', '2.00', '2.00', 3, '', ''),
('83121883', 2, 'Paquete de 10 unidades de foamy con lentejuelas verde oscuro ', '0.00', '48.00', '48.00', 3, '', ''),
('83173882', 2, 'Hoja canalada tama?o oficio color verde musgo ', '0.00', '2.00', '2.00', 3, '', ''),
('83355301', 6, 'Pizarron de 1.20x1.60m.', '327.00', '475.00', '475.00', 72, '', ''),
('83578014', 2, 'pliego papel iris color rosado palido', '0.00', '3.00', '3.00', 3, '', ''),
('83765803', 4, 'Decoraciones campanita estilo acordeon ', '0.00', '44.00', '44.00', 0, '', ''),
('83773679', 2, 'pliego papel arcoiris color gris', '0.00', '5.00', '5.00', 3, '', ''),
('83825224', 4, 'Bolsa de regalo de cabezal mack ', '0.00', '10.00', '10.00', 0, '', ''),
('83913754', 2, 'Paquete de foamy tohalla de 10 unidades tama?o carta color negro', '0.00', '23.00', '23.00', 3, '', ''),
('83998935', 2, 'Libro punta roja inventario de caja 60 hojas', '0.00', '11.00', '11.00', 32, '', ''),
('84006769', 2, 'Cuadernillo de 3 columnas tama?o oficio ', '0.00', '1.00', '1.00', 0, '', ''),
('8410000000000', 2, 'Lapicero estuche plastico ', '0.00', '57.00', '57.00', 0, '', ''),
('8411956077060', 1, 'PLUMA PEQUEÑA', '39.30', '57.00', '57.00', 69, '', ''),
('84127112', 2, 'pliego papel corrugado color celeste', '0.00', '7.00', '7.00', 3, '', ''),
('8414234640284', 3, 'Ventilador USB Taurus para Ingenieros Cool 100% real no fake', '33.00', '48.00', '48.00', 219, '', ''),
('8440000000000', 2, 'Libreta de apuntes cocida ', '0.00', '5.00', '5.00', 32, '', ''),
('8442310000004', 2, 'LIbreta de Notas No. 4 Apunta Livsa', '1.50', '2.75', '2.75', 104, '', ''),
('8443180000002', 2, 'Libreta de Apuntes Apunta Livsa', '2.90', '5.25', '5.25', 104, '', ''),
('84543776', 2, 'Paquete de de hoja lino tama?o carta color morado 100 unidades', '0.00', '80.00', '80.00', 3, '', ''),
('84855367', 2, 'pliego papel doble color', '0.00', '5.00', '5.00', 3, '', ''),
('848931009446', 11, 'Peluche Conejo Orejon Blanco Pequeño', '89.00', '120.00', '120.00', 37, '', ''),
('848931009514', 11, 'Peluche Orejon Grande color Blanco y Celeste', '400.00', '540.00', '540.00', 37, '', ''),
('848931009521', 11, 'Peluche Orejon Grande color Blanco', '400.00', '540.00', '540.00', 37, '', ''),
('848931009545', 11, 'Peluche Orejon con Caja - Skiss', '107.50', '145.00', '145.00', 37, '', ''),
('848931061086', 11, 'Arreglo de Peluche Vaca - Skiss', '55.00', '75.00', '75.00', 37, '', ''),
('848931092431', 11, 'Almohada Rana de Peluche - Skiss', '81.50', '110.00', '110.00', 37, '', ''),
('848931094916', 11, 'Arreglo de Peluche de Mono Pequeño - Gabitoy', '54.00', '73.00', '73.00', 42, '', ''),
('848931096835', 11, 'Oso de Peluche Grande color Beige', '750.00', '975.00', '975.00', 42, '', ''),
('849000000000', 4, 'CONEJO GRANDE DORMIL?N', '0.00', '540.00', '540.00', 37, '', ''),
('851000000000', 1, 'VENTILADOR DE ESCRITORIO', '0.00', '250.00', '250.00', 57, '', 'AC800'),
('851196001049', 6, 'Ventilador Aerospeed de piso de 20 pulgadas AC100', '265.00', '385.00', '385.00', 57, '', 'AC100'),
('851196001056', 2, 'Ventilador Aeropspeed 8 pulgadas Modelo AC800', '185.00', '245.00', '245.00', 57, '', ''),
('851785102348', 11, 'Almohada de Rosas - Woody Toys', '55.50', '75.00', '75.00', 226, '', ''),
('852000000000', 4, 'ALMOHADA DE ROSAS', '0.00', '85.00', '85.00', 40, '', ''),
('85241725', 4, 'Bolsa de regalo tipo caja de flor ', '0.00', '6.00', '6.00', 3, '', ''),
('85447820', 2, 'pliego papel lustre color rojo', '0.00', '1.00', '1.00', 3, '', ''),
('85480308', 2, 'Hoja foamy tohalla tama?o carta color celeste', '0.00', '2.00', '2.00', 3, '', ''),
('85687158', 2, 'Paquete de foamy 10 unidades acanalados tama?o carta color azul', '0.00', '23.00', '23.00', 3, '', ''),
('85834248', 2, 'Marcadores water color pen 14 colores', '0.00', '15.00', '15.00', 4, '', ''),
('85869134', 2, 'Folder de Barcelona ', '0.00', '4.00', '4.00', 0, '', ''),
('8590000000000', 2, 'Estuche de minas 2H', '0.00', '26.00', '26.00', 7, '', ''),
('86035866', 2, 'pliego foamy  color menta', '0.00', '9.00', '9.00', 3, '', ''),
('86240314', 2, '100 hojas opalina tama?o carta color beige de 230 gm ', '0.00', '125.00', '125.00', 3, '', ''),
('86482639', 2, 'Paquete de 10 unidades de foamy con lentejuelas blanco', '0.00', '48.00', '48.00', 3, '', ''),
('86517423', 2, 'Bolsas manila de 3/4 de libra', '0.00', '0.00', '0.00', 0, '', ''),
('86518987', 2, 'pliego papel delgado con dise?o color rojo', '0.00', '6.00', '6.00', 3, '', ''),
('86568142', 2, '100 hojas opalina tama?o carta color blanco se 230 gm ', '0.00', '125.00', '125.00', 3, '', ''),
('86628303', 2, 'PAPEL ESMALTADO CON DISEÑO', '3.25', '4.75', '4.75', 69, '', ''),
('86831949', 2, 'Paquete de foamy tohalla de 10 unidades tama?o carta color caf?', '0.00', '23.00', '23.00', 3, '', ''),
('8690000000000', 2, 'Lapicero estuche plastico ', '0.00', '43.00', '43.00', 46, '', ''),
('8690187352430', 1, 'PLUMA MEDIANA', '29.65', '43.00', '43.00', 69, '', ''),
('86924184', 2, 'Hoja foamy tohalla tama?o carta color amarillo', '0.00', '2.00', '2.00', 3, '', ''),
('86958295', 2, 'Hoja foamy acanalado tama?o carta color morado', '0.00', '2.00', '2.00', 3, '', ''),
('8710000000000', 2, 'Paquete de papel jaspeado de colores ', '0.00', '0.00', '0.00', 76, '', ''),
('8710341001254', 2, 'Papel de Colores con Cola', '5.95', '8.00', '8.00', 148, '', ''),
('8710341001308', 2, 'Papel Jaspeado de Colores', '5.95', '8.00', '8.00', 148, '', ''),
('8710341001407', 2, 'Papel Transparente de Colores', '5.95', '8.00', '8.00', 148, '', ''),
('87435078', 2, 'pliego papel iris color celeste claro', '0.00', '3.00', '3.00', 3, '', ''),
('87451351', 3, 'Marcador para pizarra con repuesto', '0.00', '14.00', '14.00', 20, '', ''),
('87563405', 2, 'Bolsas manila de 2 libras ', '0.00', '1.00', '1.00', 0, '', ''),
('87685183', 2, 'Libro punta roja de caja de 80 hojas ', '0.00', '13.00', '13.00', 32, '', ''),
('87902563', 2, 'Hoja fomy tama?o carta color azul', '0.00', '1.00', '1.00', 3, '', ''),
('87939514', 6, 'Caja de metal grande para dinero', '125.00', '190.00', '190.00', 69, '', ''),
('87948813', 2, 'Hoja para invitacion tama?o carta de 250 gms varios dise?os ', '0.00', '2.00', '2.00', 118, '', ''),
('8800000000000', 2, 'Marcador resaltador super gel color amarillo', '0.00', '7.00', '7.00', 7, '', ''),
('88002989', 2, 'Paquete de 25 unidades de hojas fomy tama?o color naranja', '0.00', '23.00', '23.00', 3, '', ''),
('8802946506149', 2, 'RESALTADOR EN SUPER GEL DE COLOR VERDE', '4.50', '6.50', '6.50', 34, '', ''),
('8802946506187', 2, 'MARCADOR RESALTADOR EN SUPER GEL', '4.50', '6.50', '6.50', 34, '', ''),
('8802946506194', 2, 'RESALTADOR EN SUPER GEL DE COLOR AMARILLO', '4.50', '6.50', '6.50', 34, '', ''),
('8802946506200', 2, 'RESALTADOR EN SUPER GEL DE COLOR ANARANJADO ', '4.50', '6.50', '6.50', 34, '', ''),
('8802946879045', 2, 'Hojas de Papel para Flores de Origami Presentacion Rosa', '8.60', '12.50', '12.50', 69, '', ''),
('8802946879083', 2, 'Hoja para creaciones - Presentacion Amarilla', '8.60', '12.50', '12.50', 69, '', ''),
('8802946987979', 2, 'Hojas para creaciones - Presentacion Roja', '8.60', '12.50', '12.50', 69, '', ''),
('8802946987993', 2, 'Hojas para Creaciones - Presentacion Pastel', '8.60', '12.50', '12.50', 69, '', ''),
('88041278', 2, 'pliego papel delgado con dise?o color dorado', '0.00', '6.00', '6.00', 3, '', ''),
('882000000000', 3, 'VIDEO CAMARA ', '0.00', '198.00', '198.00', 0, '', 'VX-800'),
('88215501', 2, 'Hoja foamy con ondas tama?o carta color  morado', '0.00', '3.00', '3.00', 3, '', ''),
('882224921084', 3, 'CAMARA WEB VX-800', '136.50', '198.00', '198.00', 230, '', ''),
('88315461', 2, 'Hoja foamy con ondas tama?o carta color verde  ', '0.00', '3.00', '3.00', 3, '', ''),
('88355146', 2, 'Libro punta roja de actas de 80 hojas', '0.00', '13.00', '13.00', 32, '', ''),
('88364117', 2, 'Mochila Sierra Madre Rosada con Diseños Multicolor', '85.00', '115.00', '115.00', 53, '', ''),
('88377230', 2, 'pliego papel con dise?o notas musicales color negro ', '0.00', '3.00', '3.00', 3, '', '');
INSERT INTO `producto` (`idproducto`, `idCategoria`, `nombre`, `preciocosto`, `precioSugerido`, `precioTop`, `marca`, `serie`, `modelo`) VALUES
('88450803', 2, 'pliego papel lustre color dorado', '0.00', '1.00', '1.00', 3, '', ''),
('885000000000', 3, 'SECADORA ', '0.00', '840.00', '840.00', 56, '', 'EH-NA30-W'),
('8850000000000', 2, 'Corrector liquid paper tipo pluna', '0.00', '9.00', '9.00', 42, '', ''),
('88511771', 2, 'Pliegos ilustracion color azul', '0.00', '21.00', '21.00', 3, '', ''),
('885170083837', 3, 'Secadora de Pelo Panasonic Hair Dryer EH-NA30-w nanoe', '579.00', '840.00', '840.00', 56, '', ''),
('885170083851', 3, 'Secadora de Cabello Panasonic Ion Hair Dryer EH-NE31-p', '289.00', '420.00', '420.00', 56, 'Ionity', 'EH-NE31-p'),
('885170083943', 5, 'Maquina para Embellecer Pestañas Panasonic', '217.00', '315.00', '315.00', 56, '', ''),
('88527246', 2, 'pliego foamy brillante color anaranjado', '0.00', '18.00', '18.00', 3, '', ''),
('8854556000524', 2, 'CORRECTOR LAPIZ PAPER MATE', '6.25', '9.00', '9.00', 114, '', ''),
('886000000000', 4, 'MICEY MOUSE', '0.00', '299.00', '299.00', 43, '', ''),
('886144105937', 11, 'Peluche Mickey Mouse Tamaño Mediano - Disney Jr', '221.50', '299.00', '299.00', 43, '', ''),
('88882376', 2, 'Paquete de 10 unidades de foamy con ondas tama?o carta color anaranjado', '0.00', '25.00', '25.00', 3, '', ''),
('88982663', 2, 'Paquete de foamy 10 unidade escarcahado tama?o carta color caf? oscuro', '0.00', '26.00', '26.00', 3, '', ''),
('89058008', 6, 'Archivo de 2 gabetas', '580.00', '875.00', '800.00', 66, '', ''),
('89173879', 4, 'Bolsa de regalo mediana de colores con mo?a ', '0.00', '6.00', '6.00', 0, '', ''),
('89181249', 2, 'Hojas linea tama?o oficio de 80 grs ', '0.00', '0.00', '0.00', 32, '', ''),
('89414149', 2, 'Pliego de papel de regalo dise?o de ositos ', '1.00', '1.50', '1.50', 3, '', ''),
('89554883', 2, 'Pliego de papel de regalo de los oficios ', '0.00', '2.00', '2.00', 3, '', ''),
('89591536', 2, 'REGLAS PLASTICAS VARIAS ', '2.75', '4.00', '4.00', 69, '', ''),
('89829172', 2, 'Paquete de foamy 10 unidades acanalados tama?o carta color fusia', '0.00', '23.00', '23.00', 3, '', ''),
('89848203', 1, 'Escritorio en \"L\" viena', '2035.00', '2950.00', '2850.00', 122, '', ''),
('89859209', 2, 'pliego papel iris color amarillo palido', '0.00', '3.00', '3.00', 3, '', ''),
('89928523', 2, 'Diccionario mini lengua española', '6.20', '9.00', '9.00', 69, '', ''),
('9001', 2, 'Pliego Papel Lustre Color Gris', '0.55', '1.00', '1.00', 69, '', ''),
('9002', 2, 'Pliego de Papel Lustre Color Dorado', '0.55', '1.00', '1.00', 69, '', ''),
('9003', 2, 'Pliego de Papel Lustre Color Piel', '0.55', '1.00', '1.00', 69, '', ''),
('9004', 2, 'Pliego de Papel Lustre Color Blanco', '0.55', '1.00', '1.00', 69, '', ''),
('9005', 2, 'Pliego de Papel Lustre color Amarillo Huevo', '0.55', '1.00', '1.00', 69, '', ''),
('9006', 2, 'Pliego de Papel Lustre Amarillo', '0.55', '1.00', '1.00', 69, '', ''),
('9007', 2, 'Pliego de Papel Lustre Color Melón', '0.55', '1.00', '1.00', 69, '', ''),
('9008', 2, 'Pliegos de Papel Lustre Color Celeste', '0.55', '1.00', '1.00', 69, '', ''),
('9009', 2, 'Pliego de Papel Lustre Color Turquesa', '0.55', '1.00', '1.00', 69, '', ''),
('9010', 2, 'Pliego de Papel Lustre Color Aqua', '0.55', '1.00', '1.00', 69, '', ''),
('9011', 2, 'Pliego de Papel Lustre Color Negro', '0.55', '1.00', '1.00', 69, '', ''),
('90116759', 2, 'Bolsa Ziplock Color Verde ', '1.40', '2.00', '2.00', 69, '', ''),
('9012', 2, 'Pliego de Papel Lustre Color Café', '0.55', '1.00', '1.00', 69, '', ''),
('9013', 2, 'Pliego de Papel Lustre Color Rojo', '0.55', '1.00', '1.00', 69, '', ''),
('9014', 2, 'Pliego de Papel Lustre Color Lila', '0.55', '1.00', '1.00', 69, '', ''),
('9015', 2, 'Pliego de Papel Lustre Color Morado', '0.55', '1.00', '1.00', 69, '', ''),
('90155284', 1, 'Archivo combinado con caja fuerte ', '1700.00', '2465.00', '2380.00', 122, '', ''),
('9016', 2, 'Pliego de Papel Lustre Color Azul', '0.55', '1.00', '1.00', 69, '', ''),
('9017', 2, 'Pliego de Papel Lustre Color Rosa Palido', '0.55', '1.00', '1.00', 69, '', ''),
('9018', 2, 'Pliego de Papel Lustre Color Rosado', '0.55', '1.00', '1.00', 69, '', ''),
('9019', 2, 'Pliego de Papel Lustre Color Fucsia', '0.55', '1.00', '1.00', 69, '', ''),
('90193637', 2, 'MARCADOR DOBLE PUNTA MCKIE EXTRA FINE COLOR AZUL', '10.00', '14.50', '14.50', 115, '', ''),
('9020', 2, 'Pliego Papel Lustre Color Rojo', '0.55', '1.00', '1.00', 69, '', ''),
('9021', 2, 'Pliego de Papel Lustre Color Verde Palido', '0.55', '1.00', '1.00', 69, '', ''),
('90214578', 2, 'Hoja foamy con ondas  tama?o carta color negro', '0.00', '3.00', '3.00', 3, '', ''),
('9022', 2, 'Pliego de Papel Lustre Color Verde Oscuro', '0.55', '1.00', '1.00', 69, '', ''),
('9023', 2, 'Pliego de Papel Lustre Color Verde Limón', '0.55', '1.00', '1.00', 69, '', ''),
('90376504', 1, 'Silla secretarial con malla color negro sin brazo ', '315.00', '460.00', '460.00', 123, '', ''),
('90563300', 2, 'Pliegos de papel de regalo con dise?o tipicos varios ', '0.00', '2.00', '2.00', 3, '', ''),
('90766695', 2, 'Hoja lino tama?o carta color naranja ', '0.00', '1.00', '1.00', 3, '', ''),
('90776946', 2, 'Cuadernillo para caligrafia popol-vuh 4', '0.00', '7.00', '7.00', 0, '', ''),
('90997440', 2, 'Hoja lino tama?o oficio color verde oscuro ', '0.00', '1.00', '1.00', 3, '', ''),
('91115874', 2, 'Hoja foamy con ondas tama?o carta color amarilo', '0.00', '3.00', '3.00', 3, '', ''),
('91149251', 2, 'Hoja bond tama?o oficio color morado lila', '0.00', '0.00', '0.00', 74, '', ''),
('91163251491', 3, 'MOUSE USB', '0.00', '45.00', '45.00', 0, '', 'DX-110'),
('91198600', 2, 'Hoja colo beige aperlada tama?o carta de 110 gm', '0.00', '1.00', '1.00', 3, '', ''),
('91203526', 2, 'Paquete de foamy tohalla de 10 unidades tama?o carta color amarillo', '0.00', '23.00', '23.00', 3, '', ''),
('91286529', 2, 'Ley del servisio civil y su reglamento ', '0.00', '11.00', '11.00', 119, '', ''),
('91331083', 2, 'Cuadernillo para caligrafia jaime sanchez 2', '0.00', '7.00', '7.00', 0, '', ''),
('91367969', 2, 'Paquete de hojas bond 100 unidades tama?o carta color amarillo  ', '0.00', '23.00', '23.00', 74, '', ''),
('91511400144', 2, 'Compas CMP-1', '0.00', '64.00', '64.00', 56, '', ''),
('91841674', 2, 'LAPIZ CLASSIC PAPER MATE', '0.65', '1.00', '1.00', 114, '', ''),
('918991b02902992aa029', 3, 'Impresora Canon Pixma E402', '225.00', '325.00', '325.00', 4, 'PIXMA', 'E402'),
('91978516', 2, 'Hoja para encuadernado tama?o oficio color amarillo', '0.00', '3.00', '3.00', 3, '', ''),
('91992178', 1, 'PORTA PLANOS ', '28.00', '39.00', '0.00', 14, '', ''),
('92005723', 2, 'Libro de compras de 25 hojas 50 folios ', '0.00', '14.00', '14.00', 32, '', ''),
('92093737', 2, 'Pintio paper', '12.90', '18.75', '18.75', 69, '', ''),
('92140486', 6, 'Papelera de metal ', '40.00', '65.00', '65.00', 66, '', ''),
('92179370', 2, 'Hoja brillante tama?o oficio  color naranja ', '0.00', '5.00', '5.00', 3, '', ''),
('92251830', 2, 'Paquete de foamy tohalla de 10 unidades tama?o carta color blanco', '0.00', '23.00', '23.00', 3, '', ''),
('92301443', 2, 'Paquete de foamy tohalla de 10 unidades tama?o carta color piel', '0.00', '23.00', '23.00', 3, '', ''),
('92376649', 2, 'Hoja foamy tohalla tama?o carta color caf?', '0.00', '2.00', '2.00', 3, '', ''),
('92407930', 2, 'Paquete de hojas bond 120 grs 100 unidades tama?o carta', '0.00', '18.00', '18.00', 32, '', ''),
('92443716', 2, 'Ley de banco y grupos financieros', '0.00', '12.00', '12.00', 119, '', ''),
('92445918', 2, 'Cuadernillo para caligrafia jaime sanchez 4', '0.00', '7.00', '7.00', 0, '', ''),
('92775572', 2, 'Pinchos', '5.50', '8.00', '8.00', 69, '', ''),
('92965485', 2, 'Hoja jade constelacion tama?o carta de 230 gm', '0.00', '3.00', '3.00', 3, '', ''),
('92977501', 2, 'Hojas tabulares de 14 columnas ', '0.00', '0.00', '0.00', 0, '', ''),
('92987975', 2, 'Hoja bond tama?o oficio color verde oscuro ', '0.00', '0.00', '0.00', 74, '', ''),
('93010474', 4, 'Bolsa de regalo color zapote grande ', '0.00', '11.00', '11.00', 0, '', ''),
('93109239', 2, 'Hoja de foamy con cuadros tama?o carta color verde', '0.00', '2.00', '2.00', 3, '', ''),
('93247627', 6, 'Exibidor rojo para extingidor', '0.00', '450.00', '450.00', 69, '', ''),
('93276948', 2, 'Hoja papel esmaltado color verde', '0.00', '2.00', '2.00', 3, '', ''),
('9330000000000', 5, 'Juego de cierre para joyeria ', '0.00', '33.00', '33.00', 113, '', ''),
('9333527011947', 2, 'Juego De Cierre Para Joyeria', '22.41', '32.50', '32.50', 185, '', ''),
('93422222', 2, 'Hoja de foamy tama?o carta con lentejuela anaranjado', '0.00', '5.00', '5.00', 3, '', ''),
('93617796', 2, 'Paquete de hojas de cuadros tama?o oficio 100 unidades ', '0.00', '10.00', '10.00', 32, '', ''),
('93765947', 6, 'Gillotina para papel mediano', '0.00', '230.00', '230.00', 28, '', ''),
('93804721', 2, 'Hoja de foamy con cuadros tama?o carta color blanco', '0.00', '2.00', '2.00', 3, '', ''),
('93831918', 2, 'pliego papel lustre color verde claro', '0.00', '1.00', '1.00', 3, '', ''),
('94024715', 2, 'Paquete de de hoja lino tama?o oficio color fusia 100 unidades', '0.00', '100.00', '100.00', 3, '', ''),
('94181470', 2, 'LAPICERO BIC DE COLOR VERDE', '1.00', '1.50', '1.33', 172, '', ''),
('94347142', 2, 'Hoja foamy tohalla tama?o carta color rosado', '0.00', '2.00', '2.00', 3, '', ''),
('94489170', 2, 'LAPICERO TRIANGULAR PAPER MATE INKJOY PAPER MATE', '1.35', '2.00', '2.00', 114, '', ''),
('94513264', 2, 'Porta gafete horizontal peque?o color azul ', '0.00', '3.00', '3.00', 0, '', ''),
('94566970', 2, 'Hoja bond tama?o carta color rojo naranja', '0.00', '0.00', '0.00', 74, '', ''),
('94702057', 6, 'Mesa para niños', '235.00', '350.00', '350.00', 69, '', ''),
('94726022', 2, 'Hoja bond tama?o carta color palo rosa', '0.00', '0.00', '0.00', 74, '', ''),
('94777871', 2, 'Codigo procesal civil y mercantil  ', '0.00', '15.00', '15.00', 120, '', ''),
('94825800', 2, 'pliego papel lustre color gris', '0.00', '1.00', '1.00', 3, '', ''),
('94843231', 5, 'BILLETERA Y LLAVERO DE CABALLERO', '0.00', '56.00', '56.00', 51, '', ''),
('94907544', 2, 'Paquete de de hoja lino tama?o carta color verde limon 100 unidades ', '0.00', '80.00', '80.00', 3, '', ''),
('95121703', 2, 'Hoja bond tama?o carta color celeste aqua ', '0.00', '0.00', '0.00', 74, '', ''),
('95182421', 2, 'pliego papel con dise?o con letras color verde', '0.00', '3.00', '3.00', 3, '', ''),
('95190969', 2, 'Paquete de foamy 10 unidades acanalados tama?o carta color verde', '0.00', '23.00', '23.00', 3, '', ''),
('95231761', 2, 'Hoja lino tama?o carta color negro ', '0.00', '1.00', '1.00', 3, '', ''),
('95382036', 2, 'Pliegos de papel bond color morado ', '0.00', '3.00', '3.00', 3, '', ''),
('95467269', 2, 'Paquete de foamy 10 unidades acanalados tama?o carta color celeste', '0.00', '23.00', '23.00', 3, '', ''),
('95533094', 2, 'Hoja papel esmaltado color ladrillo', '0.00', '2.00', '2.00', 3, '', ''),
('95594521', 2, 'LAPICERO BIC DE COLOR AZUL', '1.00', '1.50', '1.33', 172, '', ''),
('95633879', 2, 'Cuadernillo grafitos 2', '0.00', '49.00', '49.00', 0, '', ''),
('95668550', 2, 'Codigo de trabajo ', '0.00', '17.00', '17.00', 120, '', ''),
('95883816', 2, 'Paquete de 10 unidades de foamy con ondas tama?o carta color amaillo ', '0.00', '25.00', '25.00', 3, '', ''),
('96005002', 2, 'Paquete de foamy tohalla de 10 unidades tama?o carta color morado', '0.00', '23.00', '23.00', 3, '', ''),
('96023624', 11, 'Cubre Botes de Animales', '35.50', '48.00', '48.00', 69, '', ''),
('96045657', 2, 'pliego papel lustre color amarillo', '0.00', '1.00', '1.00', 3, '', ''),
('96195376', 2, 'Hojas bond de 75 grs tama?o carta ', '0.00', '0.00', '0.00', 109, '', ''),
('96366653', 2, 'MARCADOR PARA BILLETES', '8.25', '12.00', '12.00', 120, '', ''),
('96740941', 2, 'Pliego de cartulina fluoresente color verde', '0.00', '2.00', '2.00', 3, '', ''),
('96797297', 2, 'Hoja foamy con ondas tama?o carta color verde  ', '0.00', '3.00', '3.00', 3, '', ''),
('96945759', 2, 'Hoja foamy acanalado tama?o carta color azul', '0.00', '2.00', '2.00', 3, '', ''),
('97171751', 2, 'Libro empastado de inventario de 50 hojas 100 folio s', '0.00', '19.00', '19.00', 108, '', ''),
('97238027', 2, 'Paquete de de hoja lino tama?o oficio color verde oscuro 100 unidades', '0.00', '100.00', '100.00', 3, '', ''),
('97279631', 2, 'pliego foamy color rojo', '0.00', '9.00', '9.00', 3, '', ''),
('97308553', 2, 'Hoja lino tama?o oficio color amarillo', '0.00', '1.00', '1.00', 3, '', ''),
('97349549', 2, 'PAPEL REGALO DISEÑO CARICATURA', '1.35', '2.00', '2.00', 3, '', ''),
('97740070', 2, 'Paquete de foamy tohalla de 10 unidades tama?o carta color fusia', '0.00', '23.00', '23.00', 3, '', ''),
('9786072102897', 2, 'Diccionario Larousse Basico Escolar', '33.00', '49.00', '49.00', 242, '', ''),
('9786072102903', 2, 'Diccionario Larousse Escolar', '37.25', '54.00', '54.00', 242, '', ''),
('9786072102910', 2, 'Diccionario Basico Lenguaje Española', '47.50', '69.00', '69.00', 242, '', ''),
('9788424110444', 2, 'Diccionario punto de lal engua española', '21.35', '31.00', '31.00', 2, '', ''),
('9788430529513', 2, 'LIbro Nacho guatemalteco 1', '41.00', '60.00', '60.00', 103, '', ''),
('97893042', 2, 'Paquete de foamy tohalla de 10 unidades tama?o carta color anaranjado', '0.00', '23.00', '23.00', 3, '', ''),
('9789992381823', 2, 'Libro de Victoria', '17.00', '25.00', '25.00', 102, '', ''),
('9790000000000', 2, 'Libro de Victoria ', '0.00', '25.00', '25.00', 30, '', ''),
('97953746', 2, 'Paquete de hojas bond 120 grs 100 unidades tama?o oficio ', '0.00', '18.00', '18.00', 32, '', ''),
('98096305', 2, 'pliego foamy brillante color rojo', '0.00', '18.00', '18.00', 3, '', ''),
('98113019', 2, 'Bolsa manila de 3 libras ', '0.00', '1.00', '1.00', 0, '', ''),
('98149247', 3, 'Marcador de pizarra edding ', '0.00', '7.00', '7.00', 15, '', ''),
('98205530', 2, 'Paquete de foamy 10 unidades con cuadros tama?o carta color anaranjado ', '0.00', '23.00', '23.00', 3, '', ''),
('98210817', 2, 'Paquete de de hoja lino tama?o oficio color amarillo 100 unidades', '0.00', '100.00', '100.00', 3, '', ''),
('98250288', 2, 'Paquete de hojas bond 100 unidades tama?o carta color rosado palido ', '0.00', '23.00', '23.00', 74, '', ''),
('98327416', 2, 'Hoja foamy tohalla tama?o carta color fusia', '0.00', '2.00', '2.00', 3, '', ''),
('98356690', 2, 'Paquete de 25 unidades de hojas fomy tama?o color azul', '0.00', '23.00', '23.00', 3, '', ''),
('98416417', 2, 'Bolsas manila de 1/2 libra ', '0.00', '0.00', '0.00', 0, '', ''),
('98574414', 2, 'Hoja fomy tama?o carta color negro ', '0.00', '1.00', '1.00', 3, '', ''),
('98875764', 2, 'Hoja foamy acanalado tama?o carta color caf?', '0.00', '2.00', '2.00', 3, '', ''),
('98880713', 2, 'Hoja arcoiris tama?o oficio color naranja', '0.00', '2.00', '2.00', 3, '', ''),
('98891993', 4, 'Bote Juguete Wild Animals - Animales de Juguete ', '17.00', '24.50', '24.50', 41, '', ''),
('98940561', 2, 'pliego papel iris color lim?n', '0.00', '3.00', '3.00', 3, '', ''),
('98957507', 2, 'Paquete de de hoja lino tama?o carta color negro 100 unidades ', '0.00', '80.00', '80.00', 3, '', ''),
('99120726', 2, 'Hoja de foamy con cuadros tama?o carta color rosado', '0.00', '2.00', '2.00', 3, '', ''),
('99293536', 2, 'Ley del regimen penitenciario y su reglamento', '0.00', '16.00', '16.00', 119, '', ''),
('99355135', 1, 'BORRADOR DE ARQUITECTURA ', '0.00', '26.00', '0.00', 16, '', ''),
('99552343', 2, 'Pliegos de fieltro color fusia', '0.00', '14.00', '14.00', 3, '', ''),
('99578169', 2, 'Pliego de papel de regalo de motos', '1.35', '2.00', '2.00', 3, '', ''),
('99632748', 2, 'Hojas de papel acanalado esmaltado grande de colores ', '0.00', '5.00', '5.00', 1, '', ''),
('99697969', 2, 'Ley del organismo ejecutivo ', '0.00', '8.00', '8.00', 120, '', ''),
('99949198', 2, 'Cuadernillo de 4 columnas tama?o oficio ', '0.00', '1.00', '1.00', 0, '', ''),
('99994334', 2, 'Paquete de hojas bond 120 grs 50 unidades tama?o carta ', '0.00', '9.00', '9.00', 32, '', ''),
('A47661800763561A', 2, 'Marcador Permanente Ofimak Color Rojo', '0.00', '0.00', '0.00', 95, '', ''),
('A4766180076356A', 2, 'Marcador Permanente Ofimak color Azul', '0.00', '3.50', '3.50', 95, '', ''),
('AFILA10', 1, 'Afila Minas de Tambor Kreis', '35.50', '51.50', '51.50', 16, '', ''),
('MX-5500', 3, 'Pistola para colocar precio color rojo', '60.00', '85.00', '85.00', 25, '', ''),
('wdrk7809449', 1, 'Cañonera Proyector Epson 05430', '3448.00', '5000.00', '5000.00', 5, '', '');

-- --------------------------------------------------------

--
-- Estructura de tabla para la tabla `proveedor`
--

CREATE TABLE `proveedor` (
  `idProveedor` int(11) NOT NULL,
  `nombre` varchar(100) NOT NULL,
  `nombreComercial` varchar(120) NOT NULL,
  `direccion` varchar(150) NOT NULL,
  `departamento` varchar(150) NOT NULL,
  `municipio` varchar(120) NOT NULL,
  `telefono` int(8) NOT NULL,
  `http` varchar(85) NOT NULL,
  `email` varchar(45) NOT NULL,
  `contacto` varchar(120) NOT NULL,
  `telefonoContacto` int(8) NOT NULL,
  `saldo` int(11) NOT NULL
) ENGINE=InnoDB DEFAULT CHARSET=latin1;

--
-- Volcado de datos para la tabla `proveedor`
--

INSERT INTO `proveedor` (`idProveedor`, `nombre`, `nombreComercial`, `direccion`, `departamento`, `municipio`, `telefono`, `http`, `email`, `contacto`, `telefonoContacto`, `saldo`) VALUES
(1, 'Vida en Linea', 'Vid@Online', 'Barrio el Porvenir', 'El Progreso', 'Guastatoya', 79456321, 'www.vidaenlinea.com', 'vidalinea@gmail.com', 'Oscar Antonio Valiente Arreaga', 5960, 8778),
(3, 'General', 'General', '', '', '', 0, '', '', '', 0, 0);

-- --------------------------------------------------------

--
-- Estructura de tabla para la tabla `tipocliente`
--

CREATE TABLE `tipocliente` (
  `idTipoCliente` int(11) NOT NULL,
  `descripcion` varchar(120) NOT NULL
) ENGINE=InnoDB DEFAULT CHARSET=latin1;

--
-- Volcado de datos para la tabla `tipocliente`
--

INSERT INTO `tipocliente` (`idTipoCliente`, `descripcion`) VALUES
(1, 'Mayorista');

-- --------------------------------------------------------

--
-- Estructura de tabla para la tabla `tipocombustible`
--

CREATE TABLE `tipocombustible` (
  `idTipoCombustible` int(11) NOT NULL,
  `descripcion` varchar(120) NOT NULL,
  `idp` float(3,2) NOT NULL
) ENGINE=InnoDB DEFAULT CHARSET=latin1;

-- --------------------------------------------------------

--
-- Estructura de tabla para la tabla `tipocompra`
--

CREATE TABLE `tipocompra` (
  `idTipoCompra` int(11) NOT NULL,
  `descripcion` varchar(120) NOT NULL
) ENGINE=InnoDB DEFAULT CHARSET=latin1;

--
-- Volcado de datos para la tabla `tipocompra`
--

INSERT INTO `tipocompra` (`idTipoCompra`, `descripcion`) VALUES
(1, 'Credito'),
(2, 'Contado');

-- --------------------------------------------------------

--
-- Estructura de tabla para la tabla `tipocuenta`
--

CREATE TABLE `tipocuenta` (
  `IDTIPOCUENTA` int(11) NOT NULL,
  `DESCRIPCION` varchar(100) COLLATE utf8_spanish2_ci NOT NULL
) ENGINE=InnoDB DEFAULT CHARSET=utf8 COLLATE=utf8_spanish2_ci;

--
-- Volcado de datos para la tabla `tipocuenta`
--

INSERT INTO `tipocuenta` (`IDTIPOCUENTA`, `DESCRIPCION`) VALUES
(1, 'Monetaria'),
(2, 'Ahorro');

-- --------------------------------------------------------

--
-- Estructura de tabla para la tabla `tipodocumento`
--

CREATE TABLE `tipodocumento` (
  `idTipoDo` int(11) NOT NULL,
  `descripcion` varchar(120) NOT NULL
) ENGINE=InnoDB DEFAULT CHARSET=latin1;

--
-- Volcado de datos para la tabla `tipodocumento`
--

INSERT INTO `tipodocumento` (`idTipoDo`, `descripcion`) VALUES
(1, 'Factura'),
(2, 'Recibo'),
(3, 'Vale'),
(4, 'Nota de Envío');

-- --------------------------------------------------------

--
-- Estructura de tabla para la tabla `tipogasto`
--

CREATE TABLE `tipogasto` (
  `idTipoGasto` int(11) NOT NULL,
  `descripcion` varchar(120) NOT NULL
) ENGINE=InnoDB DEFAULT CHARSET=latin1;

--
-- Volcado de datos para la tabla `tipogasto`
--

INSERT INTO `tipogasto` (`idTipoGasto`, `descripcion`) VALUES
(1, 'tienda ');

-- --------------------------------------------------------

--
-- Estructura de tabla para la tabla `tipo_venta`
--

CREATE TABLE `tipo_venta` (
  `idtipo_venta` int(11) NOT NULL,
  `nombre` varchar(45) COLLATE ucs2_spanish2_ci DEFAULT NULL
) ENGINE=InnoDB DEFAULT CHARSET=ucs2 COLLATE=ucs2_spanish2_ci;

--
-- Volcado de datos para la tabla `tipo_venta`
--

INSERT INTO `tipo_venta` (`idtipo_venta`, `nombre`) VALUES
(1, 'Contado'),
(2, 'Crédito'),
(3, 'Proforma ');

-- --------------------------------------------------------

--
-- Estructura de tabla para la tabla `venta`
--

CREATE TABLE `venta` (
  `idventa` int(11) NOT NULL,
  `fecha` date NOT NULL,
  `idcliente` int(11) NOT NULL,
  `idtipo_venta` int(11) NOT NULL,
  `idFormapago` int(11) NOT NULL,
  `noCheque` bigint(15) DEFAULT NULL,
  `banco` int(11) DEFAULT NULL,
  `nocuenta` bigint(20) DEFAULT NULL,
  `total` decimal(8,2) NOT NULL
) ENGINE=InnoDB DEFAULT CHARSET=ucs2 COLLATE=ucs2_spanish2_ci;

--
-- Volcado de datos para la tabla `venta`
--

INSERT INTO `venta` (`idventa`, `fecha`, `idcliente`, `idtipo_venta`, `idFormapago`, `noCheque`, `banco`, `nocuenta`, `total`) VALUES
(1, '2019-06-24', 6, 1, 1, 0, NULL, NULL, '3.50'),
(2, '2019-06-24', 7, 1, 1, 0, NULL, NULL, '230.00'),
(3, '2019-06-24', 6, 1, 1, 0, NULL, NULL, '14.00'),
(4, '2019-06-25', 6, 1, 1, 0, NULL, NULL, '50.40'),
(5, '2019-06-25', 6, 1, 1, 0, NULL, NULL, '3.50'),
(6, '2019-06-25', 6, 1, 1, 0, NULL, NULL, '11.75'),
(7, '2019-06-26', 6, 1, 1, 0, NULL, NULL, '8.00'),
(8, '2019-06-26', 6, 1, 1, 0, NULL, NULL, '12.00'),
(9, '2019-06-26', 6, 1, 1, 0, NULL, NULL, '2.00'),
(10, '2019-06-26', 6, 1, 1, 0, NULL, NULL, '8.00'),
(11, '2019-06-26', 6, 1, 1, 0, NULL, NULL, '6.00'),
(12, '2019-06-26', 6, 1, 1, 0, NULL, NULL, '14.00'),
(22, '2019-06-26', 6, 1, 1, 0, NULL, NULL, '0.75'),
(23, '2019-06-26', 6, 1, 1, 0, NULL, NULL, '135.00'),
(24, '2019-06-26', 6, 1, 1, 0, NULL, NULL, '9.50'),
(25, '2019-06-26', 6, 1, 1, 0, NULL, NULL, '2.00'),
(26, '2019-06-26', 6, 1, 1, 0, NULL, NULL, '197.00'),
(27, '2019-06-26', 6, 1, 1, 0, NULL, NULL, '4.00'),
(28, '2019-06-26', 6, 1, 1, 0, NULL, NULL, '20.00'),
(29, '2019-06-26', 6, 1, 1, 0, NULL, NULL, '4.00'),
(31, '2019-06-26', 6, 1, 1, 0, NULL, NULL, '1.50'),
(32, '2019-06-26', 6, 1, 1, 0, NULL, NULL, '10.00'),
(33, '0000-00-00', 6, 1, 1, 0, NULL, NULL, '2.40'),
(34, '2019-06-27', 6, 1, 1, 0, NULL, NULL, '8.25'),
(35, '2019-06-27', 6, 1, 1, 0, NULL, NULL, '11.25'),
(36, '2019-06-27', 6, 1, 1, 0, NULL, NULL, '7.00'),
(37, '2019-06-27', 6, 1, 1, 0, NULL, NULL, '2.00'),
(38, '2019-06-27', 6, 1, 1, 0, NULL, NULL, '14.75'),
(39, '2019-06-27', 6, 1, 1, 0, NULL, NULL, '5.50'),
(40, '2019-06-27', 6, 1, 1, 0, NULL, NULL, '39.50'),
(41, '2019-06-27', 6, 1, 1, 0, NULL, NULL, '7.00'),
(42, '2019-06-27', 6, 1, 1, 0, NULL, NULL, '10.50'),
(43, '2019-06-27', 6, 1, 1, 0, NULL, NULL, '245.00'),
(44, '2019-06-27', 6, 1, 1, 0, NULL, NULL, '4.00'),
(45, '2019-06-27', 6, 1, 1, 0, NULL, NULL, '10.00'),
(46, '2019-06-27', 6, 1, 1, 0, NULL, NULL, '132.00'),
(47, '2019-06-27', 6, 1, 1, 0, NULL, NULL, '43.00'),
(48, '2019-06-27', 9, 2, 1, 0, NULL, NULL, '4.00'),
(49, '2019-06-27', 6, 1, 1, 0, NULL, NULL, '18.85'),
(51, '2019-06-27', 6, 1, 1, 0, NULL, NULL, '9.00'),
(52, '2019-06-28', 3, 1, 1, 0, NULL, NULL, '0.75'),
(53, '2019-06-28', 6, 1, 1, 0, NULL, NULL, '20.00'),
(54, '2019-06-28', 6, 1, 1, 0, NULL, NULL, '5.00'),
(55, '2019-06-28', 6, 1, 1, 0, NULL, NULL, '179.00'),
(56, '2019-06-28', 6, 1, 1, 0, NULL, NULL, '9.45'),
(57, '2019-06-28', 6, 1, 1, 0, NULL, NULL, '3.00'),
(58, '2019-06-28', 6, 1, 1, 0, NULL, NULL, '13.00'),
(59, '2019-06-28', 6, 1, 1, 0, NULL, NULL, '14.50'),
(60, '2019-06-28', 6, 1, 1, 0, NULL, NULL, '7.00'),
(61, '2019-06-28', 6, 1, 1, 0, NULL, NULL, '76.00'),
(62, '2019-06-28', 6, 1, 1, 0, NULL, NULL, '81.00'),
(63, '2019-06-28', 6, 1, 1, 0, NULL, NULL, '81.00'),
(64, '2019-06-28', 6, 1, 1, 0, NULL, NULL, '10.00'),
(65, '2019-06-28', 6, 1, 1, 0, NULL, NULL, '6.00'),
(66, '2019-06-28', 6, 1, 1, 0, NULL, NULL, '5.00'),
(67, '2019-06-28', 6, 1, 1, 0, NULL, NULL, '5.00'),
(68, '2019-06-28', 6, 1, 1, 0, NULL, NULL, '11.00'),
(69, '2019-06-28', 3, 1, 1, 0, NULL, NULL, '9.50'),
(70, '2019-06-28', 6, 1, 1, 0, NULL, NULL, '3.75'),
(71, '2019-06-28', 6, 1, 1, 0, NULL, NULL, '34.35'),
(72, '2019-06-28', 6, 1, 1, 0, NULL, NULL, '6.00'),
(73, '2019-06-28', 6, 1, 1, 0, NULL, NULL, '12.50'),
(74, '2019-06-29', 6, 1, 1, 0, NULL, NULL, '17.50'),
(75, '2019-06-29', 6, 1, 1, 0, NULL, NULL, '38.30'),
(76, '2019-06-29', 6, 1, 1, 0, NULL, NULL, '82.00'),
(77, '2019-06-29', 6, 1, 1, 0, NULL, NULL, '5.25'),
(78, '2019-06-29', 6, 1, 1, 0, NULL, NULL, '12.00'),
(79, '2019-06-29', 6, 1, 1, 0, NULL, NULL, '10.00'),
(80, '2019-06-29', 6, 1, 1, 0, NULL, NULL, '16.98'),
(81, '2019-06-29', 6, 1, 1, 0, NULL, NULL, '73.00'),
(82, '2019-06-29', 6, 1, 1, 0, NULL, NULL, '400.00'),
(83, '2019-06-29', 6, 1, 1, 0, NULL, NULL, '10.50');

--
-- Índices para tablas volcadas
--

--
-- Indices de la tabla `banco`
--
ALTER TABLE `banco`
  ADD PRIMARY KEY (`IDBANCO`);

--
-- Indices de la tabla `bitacora`
--
ALTER TABLE `bitacora`
  ADD PRIMARY KEY (`idBitacora`);

--
-- Indices de la tabla `caja`
--
ALTER TABLE `caja`
  ADD PRIMARY KEY (`id`);

--
-- Indices de la tabla `carga`
--
ALTER TABLE `carga`
  ADD PRIMARY KEY (`idcarga`),
  ADD KEY `fk_carga_producto_idx` (`idproducto`);

--
-- Indices de la tabla `catalogoegresos`
--
ALTER TABLE `catalogoegresos`
  ADD PRIMARY KEY (`idCatalogoEgresos`);

--
-- Indices de la tabla `categoria`
--
ALTER TABLE `categoria`
  ADD PRIMARY KEY (`idCategoria`);

--
-- Indices de la tabla `cliente`
--
ALTER TABLE `cliente`
  ADD PRIMARY KEY (`idcliente`),
  ADD KEY `fk_cliente_tipo_cliente` (`idTipo_cliente`);

--
-- Indices de la tabla `compra`
--
ALTER TABLE `compra`
  ADD PRIMARY KEY (`idCompra`),
  ADD KEY `01_proveedor_id` (`idProveedor`),
  ADD KEY `02_tipocompra_id` (`idTipoCompra`),
  ADD KEY `03_formapago_id` (`idFormaPago`),
  ADD KEY `04_cuenta_no` (`nocuenta`);

--
-- Indices de la tabla `cuentabancaria`
--
ALTER TABLE `cuentabancaria`
  ADD PRIMARY KEY (`nocuenta`),
  ADD KEY `01_fk_tipocuenta_id` (`TIPOCUENTA`),
  ADD KEY `02_fk_banco_idbanco` (`BANCO`);

--
-- Indices de la tabla `deposito`
--
ALTER TABLE `deposito`
  ADD PRIMARY KEY (`iddeposito`),
  ADD KEY `01_fk_cuenta_nocuenta` (`nocuenta`);

--
-- Indices de la tabla `descuento`
--
ALTER TABLE `descuento`
  ADD PRIMARY KEY (`idDescuento`);

--
-- Indices de la tabla `detalle_compra`
--
ALTER TABLE `detalle_compra`
  ADD PRIMARY KEY (`idDetalleCompra`),
  ADD KEY `fk_detalle_compra_compra` (`idCompra`),
  ADD KEY `fk_detalle_compra_producto` (`idproducto`);

--
-- Indices de la tabla `detalle_devolucion`
--
ALTER TABLE `detalle_devolucion`
  ADD PRIMARY KEY (`id_detalle_devolucion`),
  ADD KEY `fk_detalle_devolucion_devolucion1_idx` (`id_devolucion`),
  ADD KEY `fk_detalle_devolucion_producto1_idx` (`idproducto`);

--
-- Indices de la tabla `detalle_venta`
--
ALTER TABLE `detalle_venta`
  ADD PRIMARY KEY (`id_detalle_venta`),
  ADD KEY `fk_detalle_venta_venta1_idx` (`idventa`),
  ADD KEY `fk_detalle_venta_producto1_idx` (`idproducto`),
  ADD KEY `fk_detalle_venta_descuento` (`idDescuento`);

--
-- Indices de la tabla `devolucion`
--
ALTER TABLE `devolucion`
  ADD PRIMARY KEY (`id_devolucion`),
  ADD KEY `01_fk_cliente_codigo` (`idcliente`),
  ADD KEY `02_fk_venta_id` (`idventa`);

--
-- Indices de la tabla `formapago`
--
ALTER TABLE `formapago`
  ADD PRIMARY KEY (`idFormapago`);

--
-- Indices de la tabla `gasto`
--
ALTER TABLE `gasto`
  ADD PRIMARY KEY (`noDocumento`),
  ADD KEY `fk_01_gasto_egreso` (`idEgreso`),
  ADD KEY `fk_02_gasto_tipo_documento` (`tipoDocumento`),
  ADD KEY `fk_03_gasto_forma_pago` (`idFormaPago`),
  ADD KEY `05_fk_cuenta_No` (`noCuenta`),
  ADD KEY `04_fk_banco_id` (`banco`);

--
-- Indices de la tabla `inventario`
--
ALTER TABLE `inventario`
  ADD PRIMARY KEY (`idInventario`),
  ADD KEY `fk_inventario_idproducto` (`idproducto`);

--
-- Indices de la tabla `login`
--
ALTER TABLE `login`
  ADD PRIMARY KEY (`user`);

--
-- Indices de la tabla `marca`
--
ALTER TABLE `marca`
  ADD PRIMARY KEY (`IDMARCA`);

--
-- Indices de la tabla `pago_cliente`
--
ALTER TABLE `pago_cliente`
  ADD PRIMARY KEY (`idpago_cliente`),
  ADD KEY `fk_02_formaPago` (`idFormaPago`),
  ADD KEY `fk_01_idCliente` (`idcliente`);

--
-- Indices de la tabla `producto`
--
ALTER TABLE `producto`
  ADD PRIMARY KEY (`idproducto`),
  ADD KEY `01_fk_categoria_idcate` (`idCategoria`),
  ADD KEY `02_fk_marca_id` (`marca`);

--
-- Indices de la tabla `proveedor`
--
ALTER TABLE `proveedor`
  ADD PRIMARY KEY (`idProveedor`);

--
-- Indices de la tabla `tipocliente`
--
ALTER TABLE `tipocliente`
  ADD PRIMARY KEY (`idTipoCliente`);

--
-- Indices de la tabla `tipocombustible`
--
ALTER TABLE `tipocombustible`
  ADD PRIMARY KEY (`idTipoCombustible`);

--
-- Indices de la tabla `tipocompra`
--
ALTER TABLE `tipocompra`
  ADD PRIMARY KEY (`idTipoCompra`);

--
-- Indices de la tabla `tipocuenta`
--
ALTER TABLE `tipocuenta`
  ADD PRIMARY KEY (`IDTIPOCUENTA`);

--
-- Indices de la tabla `tipodocumento`
--
ALTER TABLE `tipodocumento`
  ADD PRIMARY KEY (`idTipoDo`);

--
-- Indices de la tabla `tipogasto`
--
ALTER TABLE `tipogasto`
  ADD PRIMARY KEY (`idTipoGasto`);

--
-- Indices de la tabla `tipo_venta`
--
ALTER TABLE `tipo_venta`
  ADD PRIMARY KEY (`idtipo_venta`);

--
-- Indices de la tabla `venta`
--
ALTER TABLE `venta`
  ADD PRIMARY KEY (`idventa`),
  ADD KEY `01_fk_cliente` (`idcliente`) USING BTREE,
  ADD KEY `02_fk_venta` (`idtipo_venta`) USING BTREE,
  ADD KEY `03_fk_formapago` (`idFormapago`),
  ADD KEY `fk_05` (`nocuenta`),
  ADD KEY `fk_04` (`banco`);

--
-- AUTO_INCREMENT de las tablas volcadas
--

--
-- AUTO_INCREMENT de la tabla `banco`
--
ALTER TABLE `banco`
  MODIFY `IDBANCO` int(11) NOT NULL AUTO_INCREMENT, AUTO_INCREMENT=3;

--
-- AUTO_INCREMENT de la tabla `bitacora`
--
ALTER TABLE `bitacora`
  MODIFY `idBitacora` int(11) NOT NULL AUTO_INCREMENT;

--
-- AUTO_INCREMENT de la tabla `caja`
--
ALTER TABLE `caja`
  MODIFY `id` int(11) NOT NULL AUTO_INCREMENT, AUTO_INCREMENT=309;

--
-- AUTO_INCREMENT de la tabla `carga`
--
ALTER TABLE `carga`
  MODIFY `idcarga` int(11) NOT NULL AUTO_INCREMENT;

--
-- AUTO_INCREMENT de la tabla `catalogoegresos`
--
ALTER TABLE `catalogoegresos`
  MODIFY `idCatalogoEgresos` int(11) NOT NULL AUTO_INCREMENT, AUTO_INCREMENT=6;

--
-- AUTO_INCREMENT de la tabla `categoria`
--
ALTER TABLE `categoria`
  MODIFY `idCategoria` int(11) NOT NULL AUTO_INCREMENT, AUTO_INCREMENT=12;

--
-- AUTO_INCREMENT de la tabla `cliente`
--
ALTER TABLE `cliente`
  MODIFY `idcliente` int(11) NOT NULL AUTO_INCREMENT, AUTO_INCREMENT=11;

--
-- AUTO_INCREMENT de la tabla `compra`
--
ALTER TABLE `compra`
  MODIFY `idCompra` int(11) NOT NULL AUTO_INCREMENT, AUTO_INCREMENT=41;

--
-- AUTO_INCREMENT de la tabla `descuento`
--
ALTER TABLE `descuento`
  MODIFY `idDescuento` int(11) NOT NULL AUTO_INCREMENT;

--
-- AUTO_INCREMENT de la tabla `detalle_compra`
--
ALTER TABLE `detalle_compra`
  MODIFY `idDetalleCompra` int(11) NOT NULL AUTO_INCREMENT, AUTO_INCREMENT=87;

--
-- AUTO_INCREMENT de la tabla `detalle_devolucion`
--
ALTER TABLE `detalle_devolucion`
  MODIFY `id_detalle_devolucion` int(11) NOT NULL AUTO_INCREMENT;

--
-- AUTO_INCREMENT de la tabla `detalle_venta`
--
ALTER TABLE `detalle_venta`
  MODIFY `id_detalle_venta` int(11) NOT NULL AUTO_INCREMENT, AUTO_INCREMENT=183;

--
-- AUTO_INCREMENT de la tabla `devolucion`
--
ALTER TABLE `devolucion`
  MODIFY `id_devolucion` int(11) NOT NULL AUTO_INCREMENT;

--
-- AUTO_INCREMENT de la tabla `formapago`
--
ALTER TABLE `formapago`
  MODIFY `idFormapago` int(11) NOT NULL AUTO_INCREMENT, AUTO_INCREMENT=4;

--
-- AUTO_INCREMENT de la tabla `inventario`
--
ALTER TABLE `inventario`
  MODIFY `idInventario` int(9) NOT NULL AUTO_INCREMENT, AUTO_INCREMENT=2351;

--
-- AUTO_INCREMENT de la tabla `marca`
--
ALTER TABLE `marca`
  MODIFY `IDMARCA` int(10) NOT NULL AUTO_INCREMENT, AUTO_INCREMENT=243;

--
-- AUTO_INCREMENT de la tabla `pago_cliente`
--
ALTER TABLE `pago_cliente`
  MODIFY `idpago_cliente` int(11) NOT NULL AUTO_INCREMENT;

--
-- AUTO_INCREMENT de la tabla `proveedor`
--
ALTER TABLE `proveedor`
  MODIFY `idProveedor` int(11) NOT NULL AUTO_INCREMENT, AUTO_INCREMENT=4;

--
-- AUTO_INCREMENT de la tabla `tipocliente`
--
ALTER TABLE `tipocliente`
  MODIFY `idTipoCliente` int(11) NOT NULL AUTO_INCREMENT, AUTO_INCREMENT=2;

--
-- AUTO_INCREMENT de la tabla `tipocombustible`
--
ALTER TABLE `tipocombustible`
  MODIFY `idTipoCombustible` int(11) NOT NULL AUTO_INCREMENT;

--
-- AUTO_INCREMENT de la tabla `tipocompra`
--
ALTER TABLE `tipocompra`
  MODIFY `idTipoCompra` int(11) NOT NULL AUTO_INCREMENT, AUTO_INCREMENT=3;

--
-- AUTO_INCREMENT de la tabla `tipocuenta`
--
ALTER TABLE `tipocuenta`
  MODIFY `IDTIPOCUENTA` int(11) NOT NULL AUTO_INCREMENT, AUTO_INCREMENT=3;

--
-- AUTO_INCREMENT de la tabla `tipodocumento`
--
ALTER TABLE `tipodocumento`
  MODIFY `idTipoDo` int(11) NOT NULL AUTO_INCREMENT, AUTO_INCREMENT=5;

--
-- AUTO_INCREMENT de la tabla `tipogasto`
--
ALTER TABLE `tipogasto`
  MODIFY `idTipoGasto` int(11) NOT NULL AUTO_INCREMENT, AUTO_INCREMENT=2;

--
-- AUTO_INCREMENT de la tabla `tipo_venta`
--
ALTER TABLE `tipo_venta`
  MODIFY `idtipo_venta` int(11) NOT NULL AUTO_INCREMENT, AUTO_INCREMENT=4;

--
-- AUTO_INCREMENT de la tabla `venta`
--
ALTER TABLE `venta`
  MODIFY `idventa` int(11) NOT NULL AUTO_INCREMENT, AUTO_INCREMENT=84;

--
-- Restricciones para tablas volcadas
--

--
-- Filtros para la tabla `carga`
--
ALTER TABLE `carga`
  ADD CONSTRAINT `fk_carga_producto` FOREIGN KEY (`idproducto`) REFERENCES `producto` (`idproducto`) ON DELETE NO ACTION ON UPDATE NO ACTION;

--
-- Filtros para la tabla `cliente`
--
ALTER TABLE `cliente`
  ADD CONSTRAINT `fk_cliente_tipo_cliente` FOREIGN KEY (`idTipo_cliente`) REFERENCES `tipocliente` (`idTipoCliente`) ON DELETE NO ACTION ON UPDATE NO ACTION;

--
-- Filtros para la tabla `compra`
--
ALTER TABLE `compra`
  ADD CONSTRAINT `01_proveedor_id` FOREIGN KEY (`idProveedor`) REFERENCES `proveedor` (`idProveedor`),
  ADD CONSTRAINT `02_tipocompra_id` FOREIGN KEY (`idTipoCompra`) REFERENCES `tipocompra` (`idTipoCompra`),
  ADD CONSTRAINT `03_formapago_id` FOREIGN KEY (`idFormaPago`) REFERENCES `formapago` (`idFormapago`),
  ADD CONSTRAINT `04_cuenta_no` FOREIGN KEY (`nocuenta`) REFERENCES `cuentabancaria` (`nocuenta`);

--
-- Filtros para la tabla `cuentabancaria`
--
ALTER TABLE `cuentabancaria`
  ADD CONSTRAINT `01_fk_tipocuenta_id` FOREIGN KEY (`TIPOCUENTA`) REFERENCES `tipocuenta` (`IDTIPOCUENTA`),
  ADD CONSTRAINT `02_fk_banco_idbanco` FOREIGN KEY (`BANCO`) REFERENCES `banco` (`IDBANCO`);

--
-- Filtros para la tabla `deposito`
--
ALTER TABLE `deposito`
  ADD CONSTRAINT `01_fk_cuenta_nocuenta` FOREIGN KEY (`nocuenta`) REFERENCES `cuentabancaria` (`nocuenta`);

--
-- Filtros para la tabla `detalle_compra`
--
ALTER TABLE `detalle_compra`
  ADD CONSTRAINT `fk_detalle_compra_compra` FOREIGN KEY (`idCompra`) REFERENCES `compra` (`idCompra`) ON DELETE NO ACTION ON UPDATE NO ACTION,
  ADD CONSTRAINT `fk_detalle_compra_producto` FOREIGN KEY (`idproducto`) REFERENCES `producto` (`idproducto`) ON DELETE NO ACTION ON UPDATE NO ACTION;

--
-- Filtros para la tabla `detalle_devolucion`
--
ALTER TABLE `detalle_devolucion`
  ADD CONSTRAINT `fk_detalle_devolucion_devolucion1` FOREIGN KEY (`id_devolucion`) REFERENCES `devolucion` (`id_devolucion`) ON DELETE NO ACTION ON UPDATE NO ACTION,
  ADD CONSTRAINT `fk_detalle_devolucion_producto1` FOREIGN KEY (`idproducto`) REFERENCES `producto` (`idproducto`) ON DELETE NO ACTION ON UPDATE NO ACTION;

--
-- Filtros para la tabla `detalle_venta`
--
ALTER TABLE `detalle_venta`
  ADD CONSTRAINT `fk_detalle_venta_descuento` FOREIGN KEY (`idDescuento`) REFERENCES `descuento` (`idDescuento`) ON DELETE NO ACTION ON UPDATE NO ACTION,
  ADD CONSTRAINT `fk_detalle_venta_producto1` FOREIGN KEY (`idproducto`) REFERENCES `producto` (`idproducto`) ON DELETE NO ACTION ON UPDATE NO ACTION,
  ADD CONSTRAINT `fk_detalle_venta_venta1` FOREIGN KEY (`idventa`) REFERENCES `venta` (`idventa`) ON DELETE NO ACTION ON UPDATE NO ACTION;

--
-- Filtros para la tabla `devolucion`
--
ALTER TABLE `devolucion`
  ADD CONSTRAINT `01_fk_cliente_codigo` FOREIGN KEY (`idcliente`) REFERENCES `cliente` (`idcliente`),
  ADD CONSTRAINT `02_fk_venta_id` FOREIGN KEY (`idventa`) REFERENCES `venta` (`idventa`);

--
-- Filtros para la tabla `gasto`
--
ALTER TABLE `gasto`
  ADD CONSTRAINT `01_fk_gasto_tipo_documento` FOREIGN KEY (`tipoDocumento`) REFERENCES `tipodocumento` (`idTipoDo`) ON DELETE NO ACTION ON UPDATE NO ACTION,
  ADD CONSTRAINT `02_fk_gasto_egreso` FOREIGN KEY (`idEgreso`) REFERENCES `catalogoegresos` (`idCatalogoEgresos`) ON DELETE NO ACTION ON UPDATE NO ACTION,
  ADD CONSTRAINT `03_fk_gasto_forma_pago` FOREIGN KEY (`idFormaPago`) REFERENCES `formapago` (`idFormapago`) ON DELETE NO ACTION ON UPDATE NO ACTION,
  ADD CONSTRAINT `04_fk_banco_id` FOREIGN KEY (`banco`) REFERENCES `banco` (`IDBANCO`),
  ADD CONSTRAINT `05_fk_cuenta_No` FOREIGN KEY (`noCuenta`) REFERENCES `cuentabancaria` (`nocuenta`);

--
-- Filtros para la tabla `inventario`
--
ALTER TABLE `inventario`
  ADD CONSTRAINT `fk_inventario_idproducto` FOREIGN KEY (`idproducto`) REFERENCES `producto` (`idproducto`) ON DELETE NO ACTION ON UPDATE NO ACTION;

--
-- Filtros para la tabla `pago_cliente`
--
ALTER TABLE `pago_cliente`
  ADD CONSTRAINT `fk_01_idCliente` FOREIGN KEY (`idcliente`) REFERENCES `cliente` (`idcliente`) ON DELETE NO ACTION ON UPDATE NO ACTION,
  ADD CONSTRAINT `fk_02_formaPago` FOREIGN KEY (`idFormaPago`) REFERENCES `formapago` (`idFormapago`) ON DELETE NO ACTION ON UPDATE NO ACTION;

--
-- Filtros para la tabla `producto`
--
ALTER TABLE `producto`
  ADD CONSTRAINT `01_fk_categoria_idcate` FOREIGN KEY (`idCategoria`) REFERENCES `categoria` (`idCategoria`),
  ADD CONSTRAINT `02_fk_marca_id` FOREIGN KEY (`marca`) REFERENCES `marca` (`IDMARCA`);

--
-- Filtros para la tabla `venta`
--
ALTER TABLE `venta`
  ADD CONSTRAINT `fk_01` FOREIGN KEY (`idcliente`) REFERENCES `cliente` (`idcliente`),
  ADD CONSTRAINT `fk_02` FOREIGN KEY (`idtipo_venta`) REFERENCES `tipo_venta` (`idtipo_venta`),
  ADD CONSTRAINT `fk_03` FOREIGN KEY (`idFormapago`) REFERENCES `formapago` (`idFormapago`),
  ADD CONSTRAINT `fk_04` FOREIGN KEY (`banco`) REFERENCES `banco` (`IDBANCO`),
  ADD CONSTRAINT `fk_05` FOREIGN KEY (`nocuenta`) REFERENCES `cuentabancaria` (`nocuenta`);
COMMIT;

/*!40101 SET CHARACTER_SET_CLIENT=@OLD_CHARACTER_SET_CLIENT */;
/*!40101 SET CHARACTER_SET_RESULTS=@OLD_CHARACTER_SET_RESULTS */;
/*!40101 SET COLLATION_CONNECTION=@OLD_COLLATION_CONNECTION */;
